75,14,-10.114625,27.225875,34.51875
76,6,-8.08,23.44775,35.2075
77,4,-5.67357142857,21.1675714286,35.11
78,2,-1.72233333333,22.7166666667,33.9033333333
79,9,-0.35,22.514,29.6222222222
80,7,2.607375,20.63175,31.7175
81,8,-0.363875,18.697875,36.165
82,4,2.11071428571,15.8997142857,36.9642857143
83,7,-1.281875,14.689875,38.72125
84,16,-3.20125,15.687,33.62875
85,18,-3.78490909091,10.9538181818,34.5190909091
86,17,-6.35114285714,10.5412857143,29.6457142857
87,5,-9.3946,8.3246,29.52
88,16,-7.643375,4.671875,27.885
89,19,-10.4225,1.97375,28.0275
90,8,-15.88075,4.512625,28.80125
91,18,-15.7879090909,3.43127272727,35.1663636364
92,17,-20.0771428571,3.43942857143,34.2871428571
93,5,-20.7496,4.5074,37.974
94,2,-21.8555,2.22316666667,40.82
95,6,-22.146,5.063,42.6025
96,8,-20.73425,8.06775,45.08
97,7,-17.261875,6.57325,46.45875
98,3,-17.5188571429,5.42128571429,41.8228571429
99,16,-15.792375,9.148625,38.865
100,2,-18.2595,8.40433333333,35.7483333333
101,15,-14.55975,8.216625,33.28625
102,3,-15.47,9.50785714286,28.8557142857
103,13,-12.2501111111,7.45855555556,25.3866666667
104,6,-10.86575,11.67725,26.62
105,9,-12.8441111111,12.9306666667,30.6522222222
106,13,-8.72411111111,15.2607777778,30.3377777778
107,16,-8.433625,12.63425,34.88875
108,12,-6.09290909091,16.637,39.7627272727
109,17,-4.79757142857,11.6377142857,40.0442857143
110,16,-5.953,12.999,44.22375
111,6,-4.69125,8.78075,44.54
112,19,-2.52825,5.94633333333,43.2266666667
113,7,-5.4985,1.632125,45.97125
114,11,-3.9921,-1.45,48.533
115,7,-3.041375,-2.152,44.85125
116,6,-2.7885,1.041,42.53
117,9,-5.543,-2.05855555556,41.2622222222
118,20,-9.88685714286,1.06142857143,41.73
119,1,-7.445,6.16416666667,41.2933333333
120,9,-9.05544444444,9.64822222222,44.97
121,5,-10.4246,11.1188,40.762
122,10,-10.68,15.7275555556,40.7211111111
123,3,-13.5458571429,15.4885714286,37.0071428571
124,13,-14.9354444444,19.2914444444,34.4833333333
125,7,-18.3895,15.869,36.515
126,6,-15.9275,15.2235,40.4175
127,10,-13.809,13.4943333333,44.0711111111
128,6,-13.51575,9.398,42.6425
129,20,-11.4032142857,5.74378571429,44.6564285714
130,17,-11.2614285714,5.38528571429,38.77
131,4,-10.1664285714,2.08428571429,37.2271428571
132,2,-5.68683333333,2.5375,37.1633333333
133,7,-6.878125,-0.34725,34.17
134,19,-10.7171666667,1.57291666667,32.69
135,15,-6.373625,6.099125,33.6575
136,3,-3.01214285714,7.36971428571,30.6628571429
137,4,-0.204428571429,9.18885714286,31.9114285714
138,17,-0.800714285714,13.5457142857,29.8314285714
139,7,2.154875,15.13,31.74
140,2,5.1035,11.1875,32.6133333333
141,16,7.248125,12.4635,36.16875
142,9,8.92166666667,7.95522222222,33.3466666667
143,13,9.082,13.7792222222,30.7633333333
144,11,11.9214,14.3683,34.086
145,2,16.674,11.353,33.4333333333
146,20,14.8090714286,13.2270714286,37.6942857143
147,19,10.4168333333,9.45475,37.94
148,11,14.2564,5.8181,36.415
149,6,9.63275,4.48775,37.895
150,4,8.62514285714,1.12657142857,38.2071428571
151,17,12.6567142857,0.513428571429,40.3528571429
152,2,13.5453333333,-2.38633333333,42.83
153,12,16.5865454545,-1.28036363636,48.1254545455
154,7,17.597125,-4.71475,44.72375
155,5,17.4964,-2.4208,40.526
156,5,18.524,0.7094,41.828
157,9,21.5552222222,-1.15877777778,44.49
158,19,22.2763333333,-3.06116666667,37.46
159,16,20.6255,1.36075,37.56125
160,16,23.179,3.5335,41.07375
161,2,26.9791666667,0.118333333333,39.8083333333
162,2,28.0805,3.3255,38.0216666667
163,6,29.21775,6.654,39.6425
164,15,29.733875,10.5755,40.375
165,7,29.804,11.061,44.4775
166,6,25.1335,11.81175,43.465
167,2,24.4455,9.62283333333,41.2966666667
168,18,19.4664545455,11.2581818182,41.2436363636
169,16,17.13025,6.984875,40.87125
170,17,13.1471428571,8.98614285714,41.53
171,12,12.7521818182,3.93227272727,43.8709090909
172,9,7.23277777778,4.48366666667,41.06
173,2,6.55716666667,1.1555,44.1666666667
174,9,7.11877777778,-2.44288888889,41.6277777778
175,2,2.7155,-1.347,44.195
176,2,2.0515,2.37133333333,44.995
177,4,2.52085714286,4.60371428571,42.1428571429
178,6,3.21275,6.79775,45.72
179,10,5.82555555556,3.67933333333,47.9933333333
180,12,7.47354545455,8.68081818182,44.9245454545
181,2,12.2871666667,6.46183333333,46.67
182,15,15.620875,9.224625,46.58
183,2,18.3676666667,6.1055,44.965
184,16,22.174625,8.607625,46.5925
185,12,27.0963636364,5.514,43.9645454545
186,19,28.919,9.24683333333,49.3766666667
187,9,32.4845555556,7.37166666667,48.1977777778
188,6,30.17525,3.129,46.345
189,12,27.2728181818,2.21672727273,50.3009090909
190,17,23.4931428571,2.77042857143,47.2042857143
191,19,23.6254166667,5.56308333333,50.875
192,11,18.0938,3.3544,49.223
193,19,17.447,8.549,51.3033333333
194,12,10.6415454545,5.623,51.3936363636
195,15,9.707625,10.632875,48.8725
196,7,7.602125,11.41325,52.92375
197,3,3.23814285714,12.6022857143,51.1542857143
198,5,2.0482,15.3036,53.624
199,2,-1.1945,16.087,55.1966666667
200,8,-0.477625,19.071625,52.57625
201,6,1.0815,17.0085,49.715
202,13,3.96266666667,19.8546666667,50.9966666667
203,16,6.71925,16.3375,48.445
204,19,8.3175,15.13475,53.8991666667
205,17,13.1555714286,13.8181428571,52.7214285714
206,2,13.5278333333,16.5471666667,55.4966666667
207,2,10.1178333333,17.6968333333,58.205
208,9,11.3136666667,21.7054444444,58.9677777778
209,2,12.2836666667,20.5973333333,53.9066666667
210,12,7.215,19.7211818182,54.3272727273
211,18,9.68027272727,20.8254545455,48.8136363636
212,7,3.96275,21.438,45.88625
213,3,7.19114285714,19.8777142857,43.1442857143
214,16,9.481375,15.6945,42.8425
215,5,11.3564,19.3872,41.084
216,9,10.6591111111,22.33,44.5022222222
217,16,12.625375,17.52125,46.41875
218,17,15.44,17.4968571429,43.06
219,11,16.0079,21.5714,41.647
220,11,16.5871,21.8069,48.484
221,11,17.6574,17.8706,48.471
222,2,20.9948333333,19.5405,44.3
223,3,21.7165714286,23.0798571429,46.3014285714
224,17,21.3982857143,21.4897142857,49.9585714286
225,5,21.7382,17.919,51.442
226,8,18.65675,19.094625,54.1125
227,6,19.609,14.68975,54.9825
228,16,20.40875,13.522625,51.7
229,15,25.045625,11.16425,52.525
230,3,25.3725714286,13.8732857143,49.2857142857
231,3,24.3448571429,16.6225714286,47.0014285714
232,16,21.0515,15.162375,44.47
233,11,24.9446,15.1614,39.611
234,19,20.0425,18.6625,37.7525
235,4,21.4058571429,16.1311428571,35.32
236,5,23.73,17.5898,32.314
237,4,22.210375,19.293125,29.32625
