56,6,53.434,50.716,-7.1175
57,2,53.3235,51.6635,-3.96666666667
58,14,56.817,51.68375,-2.4575
59,5,55.4818,49.5868,1.618
60,20,59.9307142857,51.8995,0.906428571429
61,18,57.2715454545,56.6593636364,2.35090909091
62,18,55.2142727273,53.9484545455,6.89818181818
63,6,56.16125,59.2575,6.3675
64,13,55.5938888889,63.0012222222,9.74888888889
65,15,55.921625,58.334,11.57625
66,4,56.4621428571,59.0192857143,15.4614285714
67,12,61.1915454545,57.0445454545,18.1554545455
68,5,57.686,55.463,18.758
69,13,54.0947777778,55.2835555556,16.8733333333
70,5,58.0228,52.3172,14.444
71,9,60.252,51.5456666667,17.98
72,9,54.232,49.9731111111,18.4488888889
73,14,54.416,49.266625,13.53125
74,16,58.882125,47.266625,13.3825
75,2,58.1321666667,44.7865,17.4516666667
76,13,54.6318888889,43.2885555556,16.7488888889
77,10,56.9926666667,42.814,11.7588888889
78,12,57.9162727273,36.4683636364,11.4354545455
79,11,60.62,39.5471,8.917
80,8,65.192,40.060375,11.5
81,6,64.5475,43.42175,8.1175
82,5,61.9184,44.7632,8.842
83,18,62.1493636364,48.2085454545,5.36545454545
84,16,60.016125,51.94375,8.06375
85,15,61.814125,55.104875,5.12375
86,12,61.0579090909,57.7555454545,9.97545454545
87,9,59.0704444444,62.1206666667,6.10222222222
88,2,62.3308333333,63.1511666667,10.2783333333
89,9,59.1303333333,64.2272222222,13.5588888889
90,2,63.3828333333,67.679,13.4833333333
91,5,64.7226,68.1514,9.854
92,4,64.1667142857,70.0515714286,7.11
93,6,64.05375,66.36775,4.65
94,8,65.770875,64.615125,7.54
95,18,64.3115454545,61.1768181818,4.62545454545
96,2,64.8253333333,57.721,8.78833333333
97,16,66.10375,53.182,7.87875
98,2,63.5081666667,51.8848333333,10.7933333333
99,17,65.522,47.9738571429,11.1185714286
100,13,63.0113333333,43.6456666667,13.47
101,18,68.401,42.6410909091,13.72
102,6,66.09175,41.12925,16.79
103,7,64.245,41.7085,20.60375
104,8,66.304,45.50525,19.355
105,17,64.0018571429,48.6127142857,16.8
106,10,68.498,49.3278888889,14.7655555556
107,11,66.2055,53.9163,14.51
108,18,70.1140909091,53.3112727273,10.7163636364
109,13,70.9963333333,59.7431111111,10.2322222222
110,17,69.2691428571,59.1282857143,5.26571428571
111,16,73.54,60.485125,5.215
112,12,71.1519090909,63.9432727273,1.18
113,8,75.676375,64.529875,-1.33875
114,6,75.73325,68.1555,-2.1575
115,5,74.4006,66.4044,-4.736
116,6,71.81325,64.6975,-3.17
117,13,73.8294444444,61.5332222222,-4.23777777778
118,19,69.37675,60.04325,-1.05666666667
119,18,75.2894545455,58.3462727273,2.30090909091
120,16,73.05125,54.655,5.02125
121,20,77.9217857143,52.2385714286,4.625
122,17,80.8652857143,55.7798571429,3.06428571429
123,17,84.486,53.7417142857,3.05857142857
124,13,85.7467777778,58.3282222222,3.04111111111
125,18,90.2539090909,55.2517272727,3.42545454545
126,7,92.370875,59.2065,7.59625
127,2,95.7548333333,57.2891666667,5.01833333333
128,16,97.688875,56.870125,1.32375
129,7,98.9275,52.9685,4.83
130,9,94.4811111111,53.6648888889,6.34333333333
131,16,93.7325,53.399625,0.495
132,17,96.6832857143,50.3445714286,0.324285714286
133,8,96.0625,48.22875,4.06625
134,19,89.4836666667,48.6065833333,2.1125
135,11,91.4415,48.6729,-1.599
136,12,96.2676363636,44.4625454545,0.656363636364
137,2,90.3146666667,42.8013333333,0.798333333333
138,3,88.2412857143,45.4394285714,-1.33142857143
139,2,87.8831666667,46.2345,-5.42333333333
140,17,90.5582857143,48.88,-6.94714285714
141,2,87.2746666667,48.3468333333,-9.185
142,12,81.608,49.5691818182,-8.72363636364
143,7,84.092875,47.033375,-13.0975
144,10,87.3041111111,45.1675555556,-13.1255555556
145,10,86.7452222222,42.1266666667,-8.48666666667
146,15,91.489375,44.444,-9.47625
147,18,91.6077272727,41.9995454545,-4.93909090909
148,16,96.17725,45.759625,-4.02625
149,12,99.6113636364,40.0655454545,-4.69636363636
150,8,102.57725,43.75225,-1.9575
151,15,105.892888889,43.8507777778,-5.81555555556
