1,6,-4.38357142857,-9.84714285714,-21.2057142857
2,2,-5.144,-13.1410909091,-19.23
3,2,-0.613090909091,-11.9665454545,-18.8045454545
4,6,-0.307857142857,-14.1761428571,-15.3428571429
5,2,-0.936727272727,-16.9267272727,-12.7554545455
6,2,-1.07727272727,-16.3459090909,-8.49727272727
7,6,1.37285714286,-13.277,-9.62428571429
8,16,1.47021052632,-10.6706842105,-5.66
9,8,6.30483333333,-9.76858333333,-8.9075
10,8,3.08525,-9.37383333333,-12.1666666667
11,19,-0.200571428571,-6.50604761905,-10.1061904762
12,8,4.13725,-1.96275,-10.715
13,20,0.720625,-2.95866666667,-6.77541666667
14,18,3.9904,-6.8148,-4.7185
15,5,7.6371,-3.6676,-3.814
16,6,7.84585714286,-6.73214285714,-2.04428571429
17,7,11.4667142857,-8.69378571429,-0.613571428571
18,15,10.6052105263,-3.51889473684,0.431052631579
19,2,14.5104545455,-2.726,3.92818181818
20,12,12.48325,1.941625,7.92083333333
21,2,15.5212727273,1.89363636364,5.13363636364
22,10,15.1844705882,0.608823529412,0.361764705882
23,2,10.2942727273,1.296,1.70636363636
24,9,11.0039333333,4.99966666667,3.32933333333
25,10,15.2355882353,6.35317647059,0.391764705882
26,16,12.6817368421,2.81036842105,-3.14789473684
27,16,7.67863157895,5.45010526316,-1.02684210526
28,12,12.4467083333,10.358625,0.952083333333
29,10,13.3801764706,7.68417647059,-5.47823529412
30,13,8.56086363636,7.77095454545,-7.84181818182
31,6,8.86314285714,12.5635714286,-5.77
32,13,5.18940909091,11.5492727273,-8.49
33,9,3.53806666667,14.2641333333,-2.95333333333
34,6,0.920714285714,9.87814285714,-2.67571428571
35,5,3.3364,7.4596,-3.975
36,18,0.4884,2.64925,-3.9185
37,14,5.15564705882,0.832529411765,-1.80411764706
38,17,2.081,-3.6898125,-1.46125
39,12,6.9255,-3.56158333333,3.395
40,7,6.36221428571,-9.72042857143,2.26785714286
41,2,4.30627272727,-9.25645454545,6.18
42,2,7.33781818182,-9.85036363636,9.08636363636
43,10,5.10970588235,-13.5112352941,10.5723529412
44,17,4.1451875,-16.5151875,5.449375
45,6,0.716428571429,-13.8394285714,4.98285714286
46,14,-0.587470588235,-11.1735882353,7.67705882353
47,19,0.371095238095,-9.3139047619,2.17285714286
48,3,3.14657142857,-3.96735714286,5.11357142857
49,17,-0.2311875,-1.523625,1.95875
50,2,3.74181818182,1.27672727273,2.85181818182
51,16,0.837736842105,5.43563157895,1.25578947368
52,18,5.39855,10.12405,0.8265
53,2,1.72663636364,11.1658181818,2.20636363636
54,13,3.92640909091,16.5382727273,2.18045454545
55,5,0.0946,17.4725,5.267
56,17,-1.9999375,21.748875,4.980625
57,7,0.937,22.4298571429,9.26714285714
58,8,4.191,19.0730833333,7.11166666667
59,13,9.35118181818,21.3930909091,8.61227272727
60,13,9.95772727273,16.6705909091,7.72045454545
61,6,6.44171428571,14.1757142857,4.71571428571
62,3,4.99978571429,10.9580714286,7.70142857143
63,17,6.5084375,6.8323125,5.1425
64,13,1.08213636364,7.54336363636,6.44454545455
65,11,3.00666666667,1.5615,9.00833333333
66,19,-1.919,1.80461904762,6.07333333333
67,11,-0.180388888889,-3.72255555556,9.17444444444
68,17,-3.6346875,-6.85725,5.006875
69,11,-5.6285,-6.96427777778,9.97944444444
70,3,-6.55085714286,-12.8465,7.79428571429
71,7,-11.7135714286,-12.3759285714,8.38928571429
72,5,-12.3932,-16.3153,10.013
73,9,-14.3405333333,-16.748,5.85466666667
74,7,-8.86107142857,-17.116,4.71642857143
75,13,-13.3170454545,-12.7498636364,4.82909090909
76,16,-7.08631578947,-10.7422631579,2.37736842105
77,19,-9.4650952381,-6.9469047619,6.74571428571
78,16,-5.57957894737,-2.57336842105,3.79157894737
79,5,-10.0045,-0.9364,6.274
80,9,-11.1521333333,-1.7808,10.8993333333
81,7,-15.3458571429,-1.93435714286,9.41214285714
82,19,-14.8546190476,-1.57142857143,4.56666666667
83,1,-14.4032727273,-7.30709090909,3.38090909091
84,18,-11.41045,-5.4775,-0.1005
85,8,-11.7195,-10.1905,-3.38583333333
86,2,-7.37345454545,-10.5765454545,-2.96090909091
87,15,-3.16857894737,-8.05863157895,-1.51526315789
88,4,-4.095,-8.54764285714,-5.92571428571
89,13,-9.27481818182,-9.1605,-7.08136363636
90,16,-7.75110526316,-4.11515789474,-1.78473684211
91,15,-4.55015789474,-2.29336842105,-4.65894736842
92,11,-9.0905,-2.46666666667,-9.56611111111
93,19,-12.5995238095,-1.96304761905,-5.53476190476
94,11,-8.45861111111,1.13811111111,-1.835
95,10,-5.28941176471,2.61494117647,-7.95588235294
96,11,-9.75033333333,3.22061111111,-10.0883333333
97,7,-12.0066428571,4.93907142857,-5.81571428571
98,2,-10.3186363636,6.06790909091,-1.22818181818
99,5,-12.3557,3.1993,0.913
100,6,-11.7402857143,4.96071428571,3.98428571429
101,14,-8.20964705882,4.75723529412,7.43941176471
102,15,-6.73957894737,3.33068421053,3.42684210526
103,3,-4.18464285714,7.77835714286,1.47428571429
104,12,-6.59158333333,8.24729166667,-4.83708333333
105,16,-3.43373684211,4.18715789474,-3.41105263158
106,12,-0.999166666667,11.1072916667,-7.02541666667
107,11,0.712777777778,7.06672222222,-9.54111111111
108,4,2.01992857143,2.5885,-8.85928571429
109,17,6.266875,3.1989375,-5.636875
110,2,8.77681818182,-0.466727272727,-7.13
1,6,11.0588571429,-25.1347142857,-17.6114285714
2,2,7.08727272727,-26.0614545455,-18.4936363636
3,2,5.90336363636,-24.184,-14.7209090909
4,6,2.43571428571,-22.6244285714,-13.6942857143
5,2,3.791,-20.0109090909,-11.0427272727
6,2,0.467909090909,-17.5447272727,-9.56454545455
7,6,2.99457142857,-14.2818571429,-9.08714285714
8,16,1.72884210526,-10.7983157895,-6.20947368421
9,8,6.27225,-9.89183333333,-10.4841666667
10,8,2.9935,-8.65391666667,-13.3925
11,19,0.239238095238,-6.93071428571,-10.070952381
12,8,4.021,-1.98416666667,-11.08
13,20,1.00733333333,-3.007875,-6.91458333333
14,18,4.5019,-6.85315,-5.1855
15,5,8.0137,-3.6974,-4.184
16,6,8.40628571429,-6.842,-2.53714285714
17,7,12.5386428571,-8.42278571429,-0.332142857143
18,15,11.3059473684,-3.70257894737,0.912631578947
19,2,14.8167272727,-2.59445454545,3.75727272727
20,12,12.2361666667,0.520916666667,9.20833333333
21,2,15.6154545455,1.81745454545,4.66636363636
22,10,15.1681176471,-0.205529411765,0.501176470588
23,2,10.3424545455,1.11945454545,2.36363636364
24,9,11.1516666667,5.20106666667,4.078
25,10,15.6109411765,5.744,-0.293529411765
26,16,12.1571578947,2.97510526316,-2.97315789474
27,16,7.47905263158,5.90594736842,-1.09684210526
28,12,12.74675,10.1925833333,1.29541666667
29,10,14.1667647059,9.14888235294,-4.47705882353
30,13,7.87659090909,8.36504545455,-7.54181818182
31,6,8.19628571429,12.8017142857,-4.33857142857
32,13,4.68363636364,12.8112272727,-7.73
33,9,2.40906666667,14.1602,-2.24
34,6,0.291285714286,9.51,-2.66142857143
35,5,2.9838,7.4348,-3.954
36,18,0.5218,2.4809,-4.3385
37,14,5.40776470588,0.788294117647,-2.11470588235
38,17,2.6005,-3.7675,-1.695625
39,12,6.74204166667,-5.17458333333,2.9625
40,7,7.32671428571,-9.94285714286,1.36071428571
41,2,5.12809090909,-9.86909090909,5.52727272727
42,2,8.65581818182,-11.5800909091,7.65181818182
43,10,5.30652941176,-13.6665294118,9.71705882353
44,17,4.03,-17.1330625,4.835625
45,6,0.399428571429,-14.8458571429,4.63857142857
46,14,-0.367470588235,-11.5302352941,7.68235294118
47,19,0.798428571429,-9.91514285714,1.8480952381
48,3,2.97292857143,-4.59035714286,4.95
49,17,-0.113,-2.167875,1.538125
50,2,3.75272727273,0.642727272727,2.49454545455
51,16,0.724315789474,4.68836842105,1.18526315789
52,18,4.6627,9.8457,0.559
53,2,0.445272727273,10.1098181818,2.72727272727
54,13,2.61213636364,16.0574090909,2.41636363636
55,5,-1.365,16.443,4.62
56,17,-2.7048125,20.0589375,1.546875
57,7,-0.336642857143,22.2812857143,5.70642857143
58,8,2.64816666667,18.277,6.38416666667
59,13,6.60531818182,21.4087272727,9.665
60,13,9.20740909091,18.0336818182,8.30909090909
61,6,6.014,14.2382857143,5.24285714286
62,3,5.35785714286,10.6847142857,8.16857142857
63,17,6.23825,6.9268125,4.984375
64,13,1.10404545455,7.39613636364,6.99227272727
65,11,3.0895,1.94961111111,8.88777777778
66,19,-1.67295238095,1.21895238095,5.82666666667
67,11,0.623666666667,-4.227,8.88
68,17,-3.5541875,-6.9091875,4.758125
69,11,-5.52738888889,-6.573,9.68722222222
70,3,-7.20678571429,-12.2641428571,8.10285714286
71,7,-12.1287142857,-12.1251428571,8.67642857143
72,5,-13.1592,-15.5253,10.714
73,9,-15.057,-15.4574,6.54533333333
74,7,-9.20107142857,-16.5895714286,5.40357142857
75,13,-13.4611818182,-12.2391818182,3.83045454545
76,16,-6.84005263158,-10.9010526316,2.60684210526
77,19,-9.66795238095,-7.05633333333,6.2580952381
78,16,-5.69305263158,-2.41147368421,4.16736842105
79,5,-10.0803,-1.0505,6.686
80,9,-11.1360666667,-2.89526666667,11.2433333333
81,7,-14.9433571429,-0.623285714286,9.20214285714
82,19,-13.8727142857,-0.96719047619,4.2680952381
83,1,-14.4693636364,-6.38536363636,2.71454545455
84,18,-11.1116,-5.34115,0.073
85,8,-11.105,-10.7196666667,-3.1425
86,2,-7.38163636364,-10.4695454545,-2.98909090909
87,15,-3.04563157895,-8.611,-1.54263157895
88,4,-4.00207142857,-8.35285714286,-5.91785714286
89,13,-7.87609090909,-9.35431818182,-6.97
90,16,-7.32152631579,-3.80389473684,-1.83157894737
91,15,-4.09089473684,-2.48547368421,-4.85947368421
92,11,-8.74844444444,-2.79211111111,-9.58666666667
93,19,-12.6839047619,-0.664523809524,-5.40761904762
94,11,-7.91405555556,1.15805555556,-2.52166666667
95,10,-5.55694117647,3.06576470588,-8.04235294118
96,11,-11.0998333333,2.8715,-9.73166666667
97,7,-12.7203571429,4.27721428571,-5.01571428571
98,2,-10.3060909091,6.59418181818,-1.25272727273
99,5,-10.684,3.6648,1.541
100,6,-12.2681428571,5.12485714286,4.56571428571
101,14,-8.74094117647,5.70252941176,7.00058823529
102,15,-6.40831578947,3.565,3.06684210526
103,3,-4.4675,7.89721428571,0.627142857143
104,12,-7.538875,9.06454166667,-4.97875
105,16,-3.46215789474,3.86552631579,-3.78947368421
106,12,-0.282333333333,10.9364166667,-7.13375
107,11,1.28911111111,7.20494444444,-9.75722222222
108,4,2.57271428571,2.64042857143,-8.95357142857
109,17,6.64125,3.24575,-5.59
110,2,9.29963636364,-0.524727272727,-6.55818181818
1,6,3.32371428571,-19.8937142857,-0.952857142857
2,2,-0.464363636364,-20.5011818182,-1.25454545455
3,2,0.601909090909,-17.2925454545,-4.21818181818
4,6,-1.83514285714,-15.8287142857,-6.45857142857
5,2,-2.93654545455,-17.2900909091,-10.4227272727
6,2,0.675727272727,-15.3353636364,-11.4472727273
7,6,1.48514285714,-13.983,-8.19857142857
8,16,1.57815789474,-10.8433684211,-4.65526315789
9,8,6.01941666667,-11.6894166667,-8.4775
10,8,3.65058333333,-10.7105,-11.7183333333
11,19,0.938476190476,-7.5400952381,-9.34523809524
12,8,3.83308333333,-2.45066666667,-10.815
13,20,0.706416666667,-3.399,-6.62083333333
14,18,4.8478,-7.04535,-4.737
15,5,8.0988,-4.1181,-3.522
16,6,8.89085714286,-6.67542857143,-1.47
17,7,12.5495714286,-7.92114285714,-1.30285714286
18,15,10.8561578947,-3.54505263158,0.500526315789
19,2,14.4654545455,-2.75663636364,3.90090909091
20,12,13.135625,0.583083333333,9.00708333333
21,2,16.0830909091,2.21363636364,3.64636363636
22,10,15.1862941176,0.486058823529,-0.321764705882
23,2,10.3808181818,0.986909090909,2.04090909091
24,9,11.0520666667,4.94526666667,3.78133333333
25,10,15.2792352941,5.33311764706,-0.804705882353
26,16,12.2373684211,2.76010526316,-3.29157894737
27,16,7.48347368421,5.49457894737,-0.842105263158
28,12,11.94925,9.49529166667,1.47666666667
29,10,13.3071176471,7.80364705882,-5.59411764706
30,13,8.37959090909,7.70222727273,-7.49863636364
31,6,8.27542857143,12.5638571429,-4.93285714286
32,13,5.31218181818,11.0022727273,-8.26545454545
33,9,2.646,14.1282,-2.686
34,6,0.553428571429,9.45228571429,-2.83428571429
35,5,3.2212,7.2755,-3.901
36,18,0.79535,2.35005,-3.9345
37,14,5.46805882353,0.333,-1.77176470588
38,17,2.6060625,-4.0798125,-1.423125
39,12,6.917,-3.98954166667,3.57833333333
40,7,6.19892857143,-9.68257142857,2.56285714286
41,2,5.66245454545,-9.18727272727,7.29545454545
42,2,8.94409090909,-9.26027272727,9.71727272727
43,10,7.88905882353,-11.753,13.0488235294
44,17,3.9565625,-12.405375,10.28875
45,6,2.76671428571,-13.7461428571,6.49428571429
46,14,-0.225882352941,-11.065,7.44705882353
47,19,1.2739047619,-9.611,2.45476190476
48,3,3.31814285714,-3.7665,5.42071428571
49,17,0.2645625,-1.325375,1.978125
50,2,4.39381818182,1.29436363636,3.09909090909
51,16,0.772421052632,5.30694736842,1.36052631579
52,18,5.15965,9.9716,0.7295
53,2,1.30909090909,10.8688181818,2.67818181818
54,13,3.40781818182,16.6328636364,1.38545454545
55,5,0.6893,16.2234,6.27
56,17,-1.8065625,20.3036875,6.8975
57,7,2.69142857143,20.8377857143,9.42714285714
58,8,5.41983333333,17.6823333333,7.13416666667
59,13,10.833,19.6052727273,8.04681818182
60,13,10.1714090909,15.2574090909,1.74636363636
61,6,6.38385714286,14.0971428571,4.84857142857
62,3,4.21042857143,11.0755,7.31285714286
63,17,5.794875,6.821,5.288125
64,13,-0.0405909090909,7.40472727273,6.81136363636
65,11,1.86138888889,0.988111111111,8.96555555556
66,19,-2.22114285714,1.64252380952,5.92047619048
67,11,-1.538,-3.92388888889,9.325
68,17,-3.1811875,-7.10475,4.461875
69,11,-4.98805555556,-7.56811111111,9.805
70,3,-7.07542857143,-12.6372142857,7.60428571429
71,7,-11.9502142857,-12.5715,7.96857142857
72,5,-13.1282,-15.9585,9.748
73,9,-14.7550666667,-15.7766666667,5.516
74,7,-9.54935714286,-17.3590714286,4.95142857143
75,13,-13.1940909091,-12.6007727273,3.49363636364
76,16,-7.20110526316,-10.4838421053,2.45526315789
77,19,-9.64280952381,-6.25004761905,6.73523809524
78,16,-5.41157894737,-2.52610526316,3.98105263158
79,5,-10.0279,-0.6044,5.922
80,9,-11.2023333333,-1.185,10.6746666667
81,7,-15.5138571429,-1.50185714286,9.18571428571
82,19,-14.6376666667,-1.24361904762,4.55714285714
83,1,-14.1874545455,-7.04609090909,3.09363636364
84,18,-11.4582,-5.6084,-0.204
85,8,-11.6305833333,-10.8541666667,-3.64833333333
86,2,-7.90609090909,-10.7237272727,-3.39272727273
87,15,-3.32084210526,-8.88410526316,-1.61789473684
88,4,-4.16264285714,-8.592,-6.03571428571
89,13,-9.72340909091,-8.94036363636,-7.30136363636
90,16,-7.78942105263,-4.44731578947,-1.62315789474
91,15,-4.56615789474,-2.39436842105,-4.37473684211
92,11,-8.77722222222,-2.28461111111,-9.56944444444
93,19,-12.3895238095,-1.59771428571,-5.36904761905
94,11,-8.03605555556,1.06416666667,-1.83777777778
95,10,-5.55323529412,2.27964705882,-7.93470588235
96,11,-9.96594444444,3.99066666667,-9.43722222222
97,7,-12.7653571429,4.769,-5.24142857143
98,2,-10.5660909091,5.73872727273,-0.754545454545
99,5,-11.8077,2.5914,2.075
100,6,-11.467,5.945,4.08857142857
101,14,-8.33588235294,7.11541176471,8.23411764706
102,15,-6.86931578947,3.91342105263,3.04473684211
103,3,-4.38285714286,8.31507142857,0.865714285714
104,12,-7.81133333333,9.78404166667,-2.8975
105,16,-3.49657894737,3.97226315789,-3.53473684211
106,12,-0.00220833333333,10.8222083333,-7.23541666667
107,11,0.970222222222,6.933,-9.78277777778
108,4,2.15371428571,2.41785714286,-8.86214285714
109,17,6.3823125,3.0325,-5.420625
110,2,8.60336363636,-0.418272727273,-7.41909090909
1,6,-8.74171428571,-23.4704285714,-23.3014285714
2,2,-5.91336363636,-23.4755454545,-20.6027272727
3,2,-5.21227272727,-21.4491818182,-16.8472727273
4,6,-2.55385714286,-18.8784285714,-17.9214285714
5,2,-0.0157272727273,-16.5166363636,-15.9636363636
6,2,-1.56772727273,-15.4921818182,-12.2545454545
7,6,1.08,-12.9814285714,-10.2814285714
8,16,1.65442105263,-10.2084736842,-6.18578947368
9,8,6.20083333333,-10.15575,-9.96666666667
10,8,3.21066666667,-9.46691666667,-12.96
11,19,0.186761904762,-6.93957142857,-10.3285714286
12,8,4.24766666667,-2.133,-11.3091666667
13,20,1.149375,-2.855875,-7.09458333333
14,18,4.479,-6.85105,-5.517
15,5,7.9026,-3.7607,-4.121
16,6,8.14914285714,-7.04685714286,-2.62571428571
17,7,12.3052142857,-8.28264285714,-1.21428571429
18,15,10.84,-3.46989473684,0.573157894737
19,2,14.5617272727,-2.77018181818,3.69818181818
20,12,13.707,-1.67129166667,9.25166666667
21,2,15.7863636364,1.92363636364,4.52363636364
22,10,15.2370588235,0.755882352941,0.775882352941
23,2,10.2029090909,1.03354545455,2.40090909091
24,9,10.5792,5.07506666667,4.15133333333
25,10,15.0524705882,6.06658823529,1.24058823529
26,16,12.2806842105,3.03557894737,-2.92526315789
27,16,7.40384210526,5.60657894737,-0.832631578947
28,12,11.4137083333,10.7197916667,1.2225
29,10,14.0517058824,8.73370588235,-4.71529411765
30,13,8.09613636364,8.03309090909,-7.77772727273
31,6,8.39828571429,12.7715714286,-5.76857142857
32,13,4.72690909091,10.7546363636,-7.90318181818
33,9,2.63106666667,14.1463333333,-2.69733333333
34,6,0.746,9.39785714286,-2.87428571429
35,5,3.4758,7.2975,-3.996
36,18,0.8124,2.37735,-4.34
37,14,5.70470588235,0.434529411765,-2.07235294118
38,17,2.5716875,-3.880375,-1.77625
39,12,7.71808333333,-4.90233333333,2.77958333333
40,7,6.419,-9.80964285714,0.918571428571
41,2,6.32445454545,-9.899,5.97909090909
42,2,10.3555454545,-10.4431818182,7.21181818182
43,10,10.1151764706,-15.4592941176,8.90764705882
44,17,5.0318125,-13.3805625,8.57375
45,6,2.66657142857,-14.9591428571,5.51857142857
46,14,0.302235294118,-11.7806470588,6.94588235294
47,19,0.856047619048,-9.99919047619,1.6980952381
48,3,3.31485714286,-4.52378571429,4.61357142857
49,17,-0.1805625,-1.945375,1.9
50,2,3.90072727273,0.687818181818,2.69181818182
51,16,0.793947368421,4.92968421053,1.17368421053
52,18,4.76835,9.8075,0.9215
53,2,0.836363636364,10.7042727273,2.54818181818
54,13,3.63281818182,15.8185909091,1.65136363636
55,5,-0.5626,16.1374,5.647
56,17,-2.35425,20.5308125,5.898125
57,7,1.06278571429,20.3132857143,9.03
58,8,3.84775,17.29425,7.4625
59,13,9.42768181818,17.4863636364,10.4131818182
60,13,11.4851363636,16.6064545455,5.7
61,6,6.01542857143,14.5058571429,5.16714285714
62,3,3.95457142857,11.3681428571,7.34214285714
63,17,5.9359375,7.0616875,5.19625
64,13,-0.071,7.33586363636,6.4
65,11,3.90577777778,2.13266666667,7.48777777778
66,19,-1.9939047619,1.32066666667,5.85619047619
67,11,0.1705,-3.77938888889,9.10888888889
68,17,-3.3005,-7.2493125,4.751875
69,11,-5.47477777778,-6.49094444444,9.61055555556
70,3,-7.29678571429,-12.2286428571,8.05571428571
71,7,-11.7499285714,-12.262,9.02
72,5,-13.0689,-15.7891,10.828
73,9,-15.1630666667,-15.2547333333,7.052
74,7,-10.5552857143,-16.7547857143,5.93357142857
75,13,-12.453,-12.8143636364,3.04681818182
76,16,-6.81631578947,-10.7285789474,2.68315789474
77,19,-9.743,-6.704,6.92095238095
78,16,-5.71947368421,-2.53326315789,4.16421052632
79,5,-10.1316,-0.9689,6.584
80,9,-12.8245333333,-2.46346666667,10.806
81,7,-16.2537857143,-1.756,8.865
82,19,-14.938952381,-1.41733333333,4.06
83,1,-14.1404545455,-7.23681818182,2.41454545455
84,18,-10.84435,-5.6311,0.056
85,8,-10.9644166667,-10.6519166667,-3.79416666667
86,2,-7.14245454545,-10.6003636364,-3.33363636364
87,15,-2.91078947368,-8.79415789474,-1.54157894737
88,4,-3.75714285714,-8.31228571429,-5.92928571429
89,13,-7.9545,-9.28831818182,-7.16
90,16,-7.09436842105,-3.99631578947,-1.67947368421
91,15,-3.97736842105,-2.28084210526,-4.8
92,11,-8.65905555556,-2.0985,-9.55277777778
93,19,-11.7946190476,-2.03052380952,-5.87142857143
94,11,-7.52266666667,1.04461111111,-1.74555555556
95,10,-5.64788235294,3.51841176471,-8.17117647059
96,11,-10.1018333333,3.47805555556,-9.41722222222
97,7,-12.6991428571,4.68514285714,-5.29857142857
98,2,-10.0646363636,5.41,-1.02727272727
99,5,-11.4157,2.4173,1.769
100,6,-12.3231428571,5.28214285714,4.38142857143
101,14,-9.56135294118,7.33517647059,7.65
102,15,-6.56431578947,3.72326315789,3.75684210526
103,3,-4.14185714286,8.29285714286,1.47071428571
104,12,-7.50045833333,10.0420416667,-2.94208333333
105,16,-3.21021052632,4.05557894737,-3.58157894737
106,12,-1.57870833333,10.4823333333,-7.93083333333
107,11,0.9925,7.28572222222,-9.86444444444
108,4,2.22507142857,2.72057142857,-9.395
109,17,6.3835,3.2688125,-5.760625
110,2,8.77290909091,0.207545454545,-7.96272727273
1,6,12.9881428571,-16.9391428571,-19.5028571429
2,2,11.7688181818,-14.9334545455,-16.5809090909
3,2,10.2105454545,-19.1192727273,-16.54
4,6,8.89014285714,-19.1581428571,-12.5028571429
5,2,6.70790909091,-17.8438181818,-9.46636363636
6,2,3.02672727273,-15.7302727273,-11.0154545455
7,6,3.78857142857,-13.805,-8.28857142857
8,16,1.89163157895,-10.4357368421,-5.89578947368
9,8,6.47891666667,-8.60158333333,-9.81583333333
10,8,3.13891666667,-8.01,-13.0108333333
11,19,0.44719047619,-6.50342857143,-9.83095238095
12,8,3.70241666667,-1.15166666667,-10.78
13,20,0.516458333333,-2.888,-6.66333333333
14,18,4.6441,-6.4893,-4.907
15,5,7.9952,-3.3743,-3.76
16,6,8.375,-6.44071428571,-2.03571428571
17,7,12.2173571429,-8.4905,-0.280714285714
18,15,11.1183157895,-3.37452631579,0.957894736842
19,2,14.6698181818,-2.62463636364,4.10545454545
20,12,13.5357083333,1.74279166667,9.40833333333
21,2,16.0180909091,2.292,5.20818181818
22,10,15.8267647059,0.0786470588235,1.47882352941
23,2,10.6849090909,1.16390909091,2.25636363636
24,9,10.9768666667,5.01813333333,4.068
25,10,15.9658823529,5.61523529412,0.413529411765
26,16,12.2820526316,3.01857894737,-2.70631578947
27,16,7.30452631579,5.71578947368,-0.787368421053
28,12,11.5174583333,10.665375,1.41208333333
29,10,14.605,8.87852941176,-3.85058823529
30,13,8.88895454545,7.03231818182,-7.45818181818
31,6,9.04971428571,12.16,-6.58428571429
32,13,5.16863636364,9.80204545455,-8.03318181818
33,9,2.5886,13.7581333333,-4.16
34,6,0.411428571429,9.87857142857,-3.25
35,5,3.3292,7.503,-3.783
36,18,0.32935,2.72605,-3.927
37,14,5.20082352941,0.764529411765,-1.87882352941
38,17,2.337,-3.7160625,-1.626875
39,12,7.07741666667,-3.94383333333,3.40291666667
40,7,6.66728571429,-9.76785714286,1.97357142857
41,2,5.45309090909,-9.40754545455,6.05
42,2,9.06509090909,-10.6179090909,8.51272727273
43,10,10.2453529412,-15.044,5.78
44,17,5.25025,-13.9066875,8.5775
45,6,3.64485714286,-14.6604285714,4.73428571429
46,14,0.782647058824,-11.7655882353,7.50823529412
47,19,1.522,-10.0532380952,1.85857142857
48,3,3.15692857143,-4.53471428571,4.68571428571
49,17,-0.121875,-1.8835,1.90375
50,2,3.74545454545,0.881545454545,2.88454545455
51,16,0.725894736842,5.10173684211,1.61526315789
52,18,4.9357,9.9561,0.7305
53,2,0.860818181818,10.3788181818,2.61363636364
54,13,1.24190909091,16.1469090909,2.27590909091
55,5,-1.5857,15.2802,6.715
56,17,-5.2633125,18.2329375,5.605
57,7,-2.29707142857,20.6872857143,9.18285714286
58,8,1.75708333333,17.7638333333,8.5025
59,13,0.452045454545,21.2127272727,3.98545454545
60,13,6.59486363636,18.6340909091,6.58727272727
61,6,5.07714285714,13.7221428571,4.60428571429
62,3,4.57292857143,10.6193571429,7.50642857143
63,17,6.45075,6.508875,5.271875
64,13,0.628545454545,7.26463636364,6.66454545455
65,11,3.195,0.968888888889,9.00333333333
66,19,-1.57538095238,1.14480952381,6.54095238095
67,11,0.285166666667,-4.11038888889,9.60833333333
68,17,-2.8469375,-7.280375,4.726875
69,11,-5.11133333333,-7.30827777778,10.0744444444
70,3,-6.86728571429,-12.4557857143,8.02642857143
71,7,-12.0622142857,-12.2998571429,8.60214285714
72,5,-12.9522,-15.8566,10.154
73,9,-14.4424666667,-16.5249333333,5.95066666667
74,7,-8.85421428571,-16.3415,4.49428571429
75,13,-13.0263181818,-12.3691363636,3.26136363636
76,16,-6.81605263158,-10.7395263158,2.58210526316
77,19,-9.45438095238,-6.50842857143,6.65285714286
78,16,-5.07621052632,-2.60989473684,3.67894736842
79,5,-9.7048,-0.8803,5.72
80,9,-10.5944,-1.33446666667,10.0446666667
81,7,-15.7109285714,-2.31185714286,9.47785714286
82,19,-14.3488095238,-1.80123809524,4.35904761905
83,1,-14.3034545455,-7.06609090909,3.03909090909
84,18,-11.45265,-6.0603,-0.3645
85,8,-11.7928333333,-11.0616666667,-3.14083333333
86,2,-7.38336363636,-10.7312727273,-3.27090909091
87,15,-3.13994736842,-8.52910526316,-1.77947368421
88,4,-4.31035714286,-8.0425,-6.11785714286
89,13,-10.5939090909,-7.75490909091,-6.23590909091
90,16,-7.79652631579,-3.58989473684,-1.47947368421
91,15,-4.71631578947,-1.88463157895,-4.53052631579
92,11,-9.24638888889,-2.25427777778,-9.47055555556
93,19,-12.9312380952,-1.2340952381,-5.58476190476
94,11,-8.13283333333,1.85483333333,-2.48388888889
95,10,-5.84705882353,2.26035294118,-8.49235294118
96,11,-10.8728333333,3.53733333333,-10.2572222222
97,7,-13.1204285714,4.90164285714,-5.83428571429
98,2,-10.7263636364,6.50990909091,-1.72636363636
99,5,-11.8906,3.1805,0.647
100,6,-12.141,5.14885714286,3.91142857143
101,14,-9.23088235294,7.34488235294,7.60882352941
102,15,-6.73405263158,3.51315789474,3.61684210526
103,3,-4.15257142857,7.89421428571,1.63142857143
104,12,-7.233,9.79595833333,-4.36166666667
105,16,-3.67678947368,4.10115789474,-3.17842105263
106,12,-2.60504166667,10.784375,-6.62041666667
107,11,0.522,7.46733333333,-9.61166666667
108,4,1.7365,2.86414285714,-8.80857142857
109,17,5.8898125,3.1965,-5.4875
110,2,8.12863636364,-0.331818181818,-7.26545454545
1,6,9.97157142857,-23.5547142857,-18.4142857143
2,2,9.87490909091,-22.1406363636,-14.5427272727
3,2,6.53318181818,-19.9662727273,-16.0663636364
4,6,3.58457142857,-18.2835714286,-14.1371428571
5,2,-0.287090909091,-17.5683636364,-15.0163636364
6,2,-1.41736363636,-16.5386363636,-11.1572727273
7,6,1.18628571429,-13.3715714286,-10.1414285714
8,16,1.14342105263,-10.1507894737,-5.79368421053
9,8,5.64408333333,-10.69675,-8.02666666667
10,8,4.17466666667,-10.4115833333,-11.9958333333
11,19,0.55219047619,-6.74404761905,-10.3123809524
12,8,4.46158333333,-2.54583333333,-11.1533333333
13,20,1.01233333333,-3.19845833333,-7.22125
14,18,4.74275,-6.7722,-4.828
15,5,8.0724,-3.8269,-3.722
16,6,8.28171428571,-6.73771428571,-1.70714285714
17,7,11.3260714286,-8.67871428571,0.51
18,15,10.8784210526,-3.23978947368,1.81
19,2,14.2542727273,-2.35472727273,4.97090909091
20,12,13.2620416667,0.534541666667,10.1183333333
21,2,15.4918181818,2.29327272727,5.23545454545
22,10,15.1631764706,-0.432117647059,1.06529411765
23,2,10.4106363636,1.78672727273,2.45272727273
24,9,11.1543333333,5.79326666667,4.03266666667
25,10,15.522,6.02752941176,0.109411764706
26,16,11.8903157895,2.90068421053,-2.79263157895
27,16,7.59568421053,5.91089473684,-1.19947368421
28,12,13.1217083333,10.3261666667,0.833333333333
29,10,13.7443529412,7.36388235294,-5.12235294118
30,13,9.28322727273,7.14,-7.22772727273
31,6,8.548,11.9937142857,-5.64142857143
32,13,4.80486363636,10.9703636364,-8.17545454545
33,9,2.76,13.7200666667,-4.694
34,6,0.372571428571,9.65114285714,-3.18714285714
35,5,3.1113,7.3408,-4.043
36,18,0.4414,2.46845,-4.5515
37,14,5.11841176471,0.531176470588,-2.18705882353
38,17,2.2955,-3.9743125,-1.8625
39,12,6.7145,-3.971625,3.27708333333
40,7,6.55921428571,-9.18335714286,1.67857142857
41,2,4.21154545455,-9.12145454545,6.40090909091
42,2,6.95290909091,-9.80045454545,9.46545454545
43,10,5.23964705882,-14.0364117647,10.5417647059
44,17,5.0505625,-16.4543125,5.166875
45,6,0.840285714286,-14.6177142857,5.10571428571
46,14,-1.13694117647,-11.1805882353,7.41
47,19,0.648761904762,-9.76057142857,2.08428571429
48,3,2.80928571429,-4.14421428571,4.98285714286
49,17,-0.2963125,-1.4498125,2.08
50,2,3.93972727273,0.881545454545,2.51181818182
51,16,0.376684210526,5.10652631579,1.13263157895
52,18,4.51265,9.79015,0.059
53,2,0.987636363636,10.8799090909,2.13363636364
54,13,2.98768181818,16.7450454545,0.677727272727
55,5,0.1353,16.7454,4.873
56,17,-1.171125,21.2534375,5.60875
57,7,3.84314285714,22.0234285714,6.35285714286
58,8,2.75566666667,17.0344166667,7.75833333333
59,13,8.92881818182,15.4671363636,9.21590909091
60,13,10.3090909091,17.1269090909,4.31636363636
61,6,6.28328571429,14.286,3.90857142857
62,3,5.06992857143,11.1065714286,6.555
63,17,6.4555625,6.817125,4.405
64,13,1.58795454545,7.33081818182,6.58772727273
65,11,4.51916666667,1.74838888889,7.08333333333
66,19,-1.58576190476,1.71042857143,6.07095238095
67,11,0.112055555556,-3.41805555556,9.57722222222
68,17,-3.0601875,-6.7866875,4.971875
69,11,-5.58883333333,-6.80216666667,9.32888888889
70,3,-6.84507142857,-12.6331428571,7.30785714286
71,7,-11.9797857143,-12.7743571429,7.64785714286
72,5,-12.7443,-16.2745,9.14
73,9,-14.4024666667,-16.1552,4.94533333333
74,7,-8.97035714286,-16.8854285714,4.23285714286
75,13,-13.4038636364,-11.9777272727,3.25681818182
76,16,-6.67721052632,-10.6901052632,2.01421052632
77,19,-9.24723809524,-6.95376190476,6.03428571429
78,16,-5.296,-2.28236842105,4.26315789474
79,5,-9.93,-1.5095,6.945
80,9,-10.9837333333,-4.3002,10.9313333333
81,7,-14.4723571429,-0.527214285714,9.24785714286
82,19,-15.2844761905,-0.822476190476,4.2780952381
83,1,-13.9551818182,-6.10390909091,2.98909090909
84,18,-10.99805,-5.14235,0.15
85,8,-11.4805833333,-10.3235833333,-3.265
86,2,-7.45663636364,-10.4735454545,-3.04363636364
87,15,-3.04789473684,-8.31994736842,-1.86894736842
88,4,-4.46014285714,-8.1205,-6.15285714286
89,13,-8.34595454545,-9.02781818182,-7.24454545455
90,16,-7.32073684211,-4.09826315789,-1.62105263158
91,15,-4.45252631579,-2.28068421053,-4.94421052632
92,11,-8.979,-2.04744444444,-9.64611111111
93,19,-12.9382380952,-0.563333333333,-4.13
94,11,-8.21861111111,1.26111111111,-1.66388888889
95,10,-6.13552941176,3.39341176471,-8.07235294118
96,11,-10.4790555556,3.47522222222,-9.41611111111
97,7,-13.4264285714,3.7745,-5.25357142857
98,2,-10.9679090909,6.07545454545,-1.17909090909
99,5,-11.7043,3.5301,1.967
100,6,-12.0271428571,5.10614285714,5.33428571429
101,14,-8.09717647059,6.93935294118,7.89588235294
102,15,-6.39373684211,3.73721052632,3.95789473684
103,3,-4.24428571429,8.45492857143,1.52214285714
104,12,-7.6035,9.92779166667,-3.05833333333
105,16,-3.636,3.97268421053,-3.73684210526
106,12,-3.15033333333,10.3425833333,-6.84291666667
107,11,1.01627777778,7.38733333333,-9.83333333333
108,4,2.25564285714,2.72028571429,-9.24785714286
109,17,6.2658125,3.052625,-5.76625
110,2,8.868,-0.439818181818,-7.50818181818
1,6,-9.04142857143,-16.095,-25.9614285714
2,2,-8.07881818182,-14.0300909091,-23.0081818182
3,2,-4.04054545455,-14.8226363636,-20.8909090909
4,6,-4.06971428571,-14.2105714286,-17.1385714286
5,2,-1.25463636364,-11.6564545455,-15.5109090909
6,2,-0.377363636364,-15.4306363636,-12.63
7,6,1.46528571429,-13.3225714286,-9.95
8,16,1.57542105263,-10.6031578947,-5.90421052632
9,8,5.76233333333,-10.66,-9.62166666667
10,8,3.30308333333,-9.78125,-12.6875
11,19,0.153285714286,-7.02452380952,-10.2319047619
12,8,4.31725,-2.40633333333,-11.0475
13,20,1.1445,-3.12229166667,-7.07416666667
14,18,4.72005,-6.91735,-5.116
15,5,7.8723,-3.5303,-3.8
16,6,8.35785714286,-6.71714285714,-2.18571428571
17,7,12.0470714286,-8.10414285714,0.710714285714
18,15,10.736,-3.18526315789,1.03526315789
19,2,13.8169090909,-2.07790909091,4.82636363636
20,12,12.564125,-1.27929166667,9.55875
21,2,14.5467272727,2.58236363636,6.00454545455
22,10,14.9928823529,1.18635294118,1.61470588235
23,2,9.69436363636,1.51554545455,2.32181818182
24,9,9.93806666667,5.361,4.364
25,10,14.3756470588,6.70705882353,1.56941176471
26,16,12.5836315789,3.15842105263,-2.33473684211
27,16,7.18763157895,5.57226315789,-1.03947368421
28,12,10.57575,10.5725,0.771666666667
29,10,13.9965294118,8.28823529412,-3.52882352941
30,13,8.53536363636,7.07445454545,-8.11909090909
31,6,8.93271428571,11.7924285714,-7.07142857143
32,13,5.13831818182,10.2571818182,-9.38363636364
33,9,2.3782,13.6338666667,-5.2
34,6,0.324714285714,9.75814285714,-3.49285714286
35,5,3.3146,7.4823,-3.972
36,18,0.69345,2.51505,-4.2095
37,14,5.43376470588,0.680882352941,-1.82117647059
38,17,2.5386875,-3.671375,-1.760625
39,12,6.75354166667,-4.808875,3.05958333333
40,7,7.114,-9.64864285714,0.694285714286
41,2,4.632,-10.1432727273,5.21909090909
42,2,7.79472727273,-12.478,7.47909090909
43,10,3.52894117647,-15.0222352941,8.96294117647
44,17,2.954375,-17.3751875,4.195625
45,6,-0.188,-14.786,3.64
46,14,-0.348235294118,-11.9572352941,6.83882352941
47,19,0.761380952381,-9.87947619048,1.54142857143
48,3,2.7865,-4.60985714286,4.80714285714
49,17,0.0195,-1.686875,2.025625
50,2,4.04009090909,1.06245454545,3.16545454545
51,16,0.388157894737,5.06463157895,1.37789473684
52,18,4.73875,9.67445,0.4635
53,2,1.23945454545,11.0014545455,2.04363636364
54,13,4.294,16.3415454545,2.55318181818
55,5,0.4226,16.9956,4.962
56,17,-1.806625,21.04475,3.369375
57,7,1.62171428571,22.7975714286,5.76142857143
58,8,4.62175,18.7341666667,7.0225
59,13,10.5283181818,20.1172272727,8.36818181818
60,13,10.0608636364,15.2821363636,8.50727272727
61,6,7.04,13.7188571429,4.64857142857
62,3,4.8295,11.0749285714,7.71285714286
63,17,5.6368125,6.8156875,4.958125
64,13,0.841409090909,7.75559090909,6.42227272727
65,11,2.22661111111,2.00477777778,9.24333333333
66,19,-2.03,1.47942857143,6.28476190476
67,11,0.603888888889,-4.33177777778,8.91444444444
68,17,-3.25175,-7.2386875,5.02375
69,11,-5.15211111111,-7.30733333333,9.87944444444
70,3,-6.95335714286,-12.9193571429,7.48
71,7,-12.0252857143,-12.3802142857,8.50142857143
72,5,-13.1182,-15.9868,9.946
73,9,-15.1070666667,-16.1740666667,5.90133333333
74,7,-9.98235714286,-17.2145,4.74642857143
75,13,-12.9977727273,-12.5120909091,3.03454545455
76,16,-7.21442105263,-10.8972105263,2.32315789474
77,19,-9.28038095238,-6.91514285714,6.49333333333
78,16,-5.16763157895,-2.69636842105,3.64421052632
79,5,-9.2165,-0.8908,6.469
80,9,-10.6980666667,-1.89106666667,10.948
81,7,-14.9222857143,-1.6875,9.385
82,19,-13.7755238095,-1.19895238095,4.73047619048
83,1,-14.4395454545,-6.84790909091,2.83
84,18,-11.1308,-5.08815,-0.25
85,8,-11.3693333333,-10.2064166667,-3.82666666667
86,2,-7.53181818182,-10.2764545455,-3.40636363636
87,15,-3.33873684211,-8.42594736842,-1.73947368421
88,4,-3.96571428571,-8.31935714286,-6.19928571429
89,13,-8.987,-8.7065,-7.52590909091
90,16,-7.30547368421,-4.10831578947,-1.74894736842
91,15,-4.171,-1.96878947368,-4.51684210526
92,11,-8.34005555556,-1.64844444444,-9.66333333333
93,19,-12.1819047619,-1.80871428571,-6.3819047619
94,11,-7.71188888889,0.931,-1.98111111111
95,10,-5.44205882353,2.93252941176,-7.84470588235
96,11,-10.6888888889,4.63366666667,-9.18166666667
97,7,-12.9884285714,4.16757142857,-4.62428571429
98,2,-10.2137272727,5.65790909091,-0.246363636364
99,5,-10.8632,2.3575,2.341
100,6,-10.7022857143,5.31657142857,4.91857142857
101,14,-8.16817647059,7.95276470588,7.66882352941
102,15,-5.99021052632,3.55942105263,3.63052631579
103,3,-4.0745,8.66128571429,1.33214285714
104,12,-7.60808333333,9.877375,-2.25
105,16,-3.47552631579,3.89747368421,-3.63263157895
106,12,-2.15975,11.133125,-6.14875
107,11,0.849111111111,7.31916666667,-9.88444444444
108,4,2.3295,2.77407142857,-8.96357142857
109,17,6.3741875,3.24375,-5.67375
110,2,8.91081818182,-0.471,-7.21090909091
1,6,-13.5164285714,-20.3495714286,-8.29571428571
2,2,-10.9907272727,-17.7872727273,-6.80090909091
3,2,-7.47081818182,-19.3602727273,-9.37363636364
4,6,-5.57185714286,-16.4667142857,-8.41857142857
5,2,-2.76409090909,-13.6110909091,-8.37727272727
6,2,-0.844636363636,-13.951,-12.6490909091
7,6,2.21114285714,-12.819,-10.4314285714
8,16,1.50621052632,-10.0227368421,-6.42263157895
9,8,5.68441666667,-9.47733333333,-10.42
10,8,2.40175,-8.07358333333,-13.3291666667
11,19,-0.232714285714,-5.91438095238,-10.6538095238
12,8,3.95233333333,-1.2805,-11.1666666667
13,20,0.608416666667,-2.471375,-7.18291666667
14,18,4.1245,-6.4251,-5.601
15,5,7.5362,-3.6629,-4.164
16,6,7.97614285714,-6.70285714286,-2.47571428571
17,7,11.1866428571,-9.3035,-0.615714285714
18,15,10.2812631579,-3.793,0.444210526316
19,2,13.7222727273,-3.68390909091,4.31363636364
20,12,11.0259166667,0.858708333333,9.21791666667
21,2,15.3140909091,0.781727272727,5.30909090909
22,10,15.3675882353,-0.497823529412,1.17705882353
23,2,10.1648181818,0.754454545455,2.0
24,9,10.6912,4.47993333333,4.49333333333
25,10,15.1850588235,4.92947058824,-0.0270588235294
26,16,12.2855263158,2.75273684211,-2.93578947368
27,16,7.38231578947,5.307,-0.664736842105
28,12,11.5794166667,10.0885416667,1.73625
29,10,14.3521764706,8.89947058824,-3.65352941176
30,13,8.986,7.24604545455,-7.37818181818
31,6,8.06985714286,11.7905714286,-4.74857142857
32,13,5.04163636364,10.917,-8.425
33,9,2.46086666667,14.1899333333,-4.77933333333
34,6,0.431714285714,10.1541428571,-2.94714285714
35,5,3.2123,7.7138,-3.589
36,18,0.28965,3.01085,-4.245
37,14,4.81735294118,0.680529411765,-2.13588235294
38,17,1.5969375,-3.5344375,-1.916875
39,12,6.44575,-5.33583333333,2.39625
40,7,5.38942857143,-10.2748571429,0.315
41,2,4.86818181818,-10.6222727273,4.72181818182
42,2,8.09127272727,-12.8668181818,6.49363636364
43,10,7.83405882353,-16.4661176471,2.65
44,17,3.49125,-15.1513125,7.3225
45,6,0.925142857143,-14.7851428571,3.95428571429
46,14,-0.158058823529,-11.4460588235,7.45529411765
47,19,0.564047619048,-9.778,1.68666666667
48,3,2.71428571429,-4.53457142857,4.31642857143
49,17,-0.545375,-1.607375,2.03875
50,2,3.422,1.04263636364,2.66636363636
51,16,0.441157894737,5.37815789474,1.24105263158
52,18,4.93525,10.03415,0.5195
53,2,1.47690909091,11.151,2.34818181818
54,13,3.42172727273,16.2070454545,1.48818181818
55,5,0.0487,17.2568,5.691
56,17,-2.566,20.6681875,4.13625
57,7,0.0223571428571,22.3862142857,7.49714285714
58,8,3.90175,18.9180833333,6.6425
59,13,6.75718181818,22.7435,4.97863636364
60,13,10.8295909091,16.7846363636,4.98636363636
61,6,6.12242857143,14.78,5.33714285714
62,3,5.17307142857,11.2123571429,7.40214285714
63,17,6.4234375,6.9855,4.945
64,13,1.45168181818,7.706,6.51045454545
65,11,2.87683333333,1.7575,9.03444444444
66,19,-1.58723809524,1.60404761905,6.15476190476
67,11,1.05244444444,-3.77172222222,9.47333333333
68,17,-2.4023125,-6.686875,4.684375
69,11,-5.28933333333,-5.72872222222,9.29111111111
70,3,-5.79064285714,-11.7923571429,8.21285714286
71,7,-11.0792142857,-12.0293571429,8.55357142857
72,5,-11.4153,-15.6993,10.532
73,9,-13.0031333333,-16.6715333333,6.36733333333
74,7,-7.44885714286,-16.51,5.69285714286
75,13,-12.3385454545,-12.6191363636,4.56318181818
76,16,-5.78326315789,-10.3362105263,2.67526315789
77,19,-9.25295238095,-6.60842857143,6.30761904762
78,16,-5.76926315789,-1.85289473684,4.31263157895
79,5,-10.604,-0.9533,6.251
80,9,-12.9090666667,-2.8994,9.58733333333
81,7,-16.196,-0.249071428571,6.57071428571
82,19,-14.1014285714,-0.969619047619,2.01238095238
83,1,-13.5916363636,-6.86763636364,3.10090909091
84,18,-10.93905,-6.43315,-0.469
85,8,-10.6099166667,-12.60125,-0.8375
86,2,-7.08836363636,-11.03,-3.17
87,15,-2.77163157895,-8.16131578947,-2.34157894737
88,4,-4.49271428571,-8.22214285714,-6.56714285714
89,13,-10.1304545455,-9.27927272727,-5.93454545455
90,16,-7.43284210526,-4.00731578947,-1.21157894737
91,15,-4.70894736842,-2.03421052632,-4.30631578947
92,11,-9.62411111111,-2.45661111111,-8.87722222222
93,19,-12.5710952381,-1.74514285714,-4.6719047619
94,11,-8.31377777778,1.42566666667,-1.56888888889
95,10,-5.88929411765,2.76623529412,-7.99352941176
96,11,-10.3927777778,3.33494444444,-9.68222222222
97,7,-11.8417142857,5.612,-5.26928571429
98,2,-10.3125454545,6.91690909091,-1.12909090909
99,5,-11.9452,3.0426,0.505
100,6,-11.7065714286,4.51671428571,3.83428571429
101,14,-10.2921176471,6.71264705882,7.88882352941
102,15,-6.87357894737,4.16878947368,3.42736842105
103,3,-4.03835714286,8.18642857143,1.46928571429
104,12,-7.01370833333,10.8895,-3.47958333333
105,16,-3.65089473684,4.45915789474,-3.40842105263
106,12,-1.16783333333,11.3166666667,-6.8725
107,11,1.14494444444,7.88972222222,-9.59722222222
108,4,2.15335714286,3.21014285714,-9.04142857143
109,17,6.0745625,3.345125,-5.42625
110,2,8.66727272727,-0.222636363636,-7.1
1,6,-4.51942857143,-12.885,-18.8257142857
2,2,-1.88190909091,-15.747,-17.8318181818
3,2,-4.20172727273,-17.6989090909,-14.2781818182
4,6,-1.75071428571,-19.203,-11.6714285714
5,2,1.39836363636,-17.0964545455,-11.7672727273
6,2,3.46245454545,-17.6104545455,-7.64454545455
7,6,4.35114285714,-14.0987142857,-6.94428571429
8,16,2.08110526316,-10.2363157895,-5.56631578947
9,8,6.27925,-9.89091666667,-10.2825
10,8,2.21925,-9.46458333333,-12.8133333333
11,19,0.000190476190476,-7.40847619048,-9.62380952381
12,8,3.59408333333,-2.42808333333,-10.9025
13,20,0.779583333333,-3.01091666667,-6.73458333333
14,18,4.74485,-6.719,-5.1445
15,5,7.5399,-2.9781,-3.706
16,6,9.497,-6.31614285714,-3.62571428571
17,7,13.2298571429,-7.79585714286,-3.20785714286
18,15,11.2459473684,-3.78810526316,0.515263157895
19,2,14.6048181818,-2.51563636364,3.15909090909
20,12,11.695375,-2.349875,8.40791666667
21,2,15.6216363636,1.60972727273,4.59454545455
22,10,15.2452352941,0.997647058824,0.592941176471
23,2,10.2652727273,0.924090909091,2.80181818182
24,9,10.4976666667,5.11266666667,4.39266666667
25,10,15.3183529412,6.052,0.681176470588
26,16,12.5166315789,2.99194736842,-2.55421052632
27,16,7.38894736842,5.38568421053,-0.839473684211
28,12,11.7255833333,9.94633333333,1.76791666667
29,10,13.8822352941,9.10776470588,-3.84647058824
30,13,7.2505,8.01104545455,-6.97954545455
31,6,8.834,12.068,-6.63142857143
32,13,4.61122727273,11.3700454545,-9.29090909091
33,9,2.72173333333,13.5719333333,-3.24466666667
34,6,1.04328571429,9.884,-2.26
35,5,3.5773,7.4004,-3.565
36,18,0.33655,2.69545,-3.8745
37,14,5.14558823529,0.626882352941,-1.99117647059
38,17,2.3181875,-3.7148125,-1.69375
39,12,7.187375,-4.309375,3.22541666667
40,7,7.54707142857,-9.30021428571,1.07571428571
41,2,5.84572727273,-10.2560909091,5.34272727273
42,2,8.64018181818,-12.6036363636,7.5
43,10,9.23576470588,-16.1011764706,4.78176470588
44,17,4.8646875,-15.39125,8.1375
45,6,1.54157142857,-15.2318571429,5.07142857143
46,14,1.13205882353,-11.7865882353,7.04764705882
47,19,1.60504761905,-9.80485714286,2.09904761905
48,3,3.32457142857,-4.22,4.94857142857
49,17,-0.2765,-1.8873125,1.936875
50,2,3.77463636364,0.723818181818,2.66727272727
51,16,0.782736842105,5.10773684211,1.49789473684
52,18,5.2993,9.76355,1.061
53,2,1.61209090909,11.1733636364,2.10727272727
54,13,4.50677272727,16.6035909091,1.90454545455
55,5,0.515,17.917,4.269
56,17,-2.1579375,21.3026875,2.230625
57,7,2.16078571429,23.2277857143,0.495
58,8,3.37666666667,20.6585,4.87083333333
59,13,7.26290909091,22.8508636364,7.35909090909
60,13,6.788,17.2516363636,9.16909090909
61,6,6.38657142857,14.0371428571,5.54
62,3,5.26407142857,10.7086428571,8.325
63,17,6.0003125,6.9505,5.01125
64,13,1.12018181818,7.78718181818,6.40409090909
65,11,2.96938888889,1.24677777778,8.995
66,19,-1.72680952381,1.25795238095,6.08047619048
67,11,0.915555555556,-4.101,9.47777777778
68,17,-2.42375,-7.506625,5.815
69,11,-5.605,-5.98927777778,9.37
70,3,-6.88907142857,-12.0147142857,8.24357142857
71,7,-11.9449285714,-11.7706428571,8.67071428571
72,5,-13.0,-15.2625,10.536
73,9,-14.3929333333,-16.5225333333,6.32333333333
74,7,-8.50321428571,-16.3769285714,5.72642857143
75,13,-12.3398636364,-12.9615909091,3.225
76,16,-6.74526315789,-10.5957368421,3.06684210526
77,19,-10.1272380952,-6.42280952381,6.7780952381
78,16,-5.93921052632,-2.42542105263,3.92263157895
79,5,-10.683,-0.6763,5.466
80,9,-12.4400666667,-1.0438,9.94533333333
81,7,-16.821,-2.01142857143,8.46071428571
82,19,-15.2323333333,-1.70014285714,3.50571428571
83,1,-14.5284545455,-7.37081818182,2.54636363636
84,18,-11.4909,-6.29785,-0.548
85,8,-11.2875833333,-11.9113333333,-3.12166666667
86,2,-7.38163636364,-11.0518181818,-3.06818181818
87,15,-3.06778947368,-8.51615789474,-1.47894736842
88,4,-4.17314285714,-8.41057142857,-5.865
89,13,-9.60572727273,-8.50109090909,-6.40363636364
90,16,-7.82168421053,-3.75157894737,-1.66105263158
91,15,-4.75636842105,-2.05952631579,-4.67947368421
92,11,-9.37216666667,-2.69227777778,-9.55222222222
93,19,-12.4247142857,-1.59985714286,-5.67714285714
94,11,-8.214,1.43622222222,-1.99222222222
95,10,-4.94958823529,2.03994117647,-8.08235294118
96,11,-9.27561111111,3.85805555556,-9.64666666667
97,7,-12.1204285714,5.51778571429,-5.97
98,2,-10.5769090909,6.18163636364,-1.26181818182
99,5,-12.2573,2.7758,0.933
100,6,-12.6122857143,5.31114285714,3.74857142857
101,14,-8.86688235294,5.43176470588,7.48647058824
102,15,-6.62431578947,3.27652631579,3.46526315789
103,3,-4.17692857143,7.80735714286,1.79214285714
104,12,-7.76825,10.5982916667,-2.38208333333
105,16,-3.69021052632,4.30305263158,-3.26157894737
106,12,-1.523875,11.3005833333,-5.83875
107,11,0.467333333333,7.79872222222,-9.05333333333
108,4,1.576,3.0895,-8.65714285714
109,17,5.9989375,3.1531875,-5.82125
110,2,8.28445454545,-0.385090909091,-7.81
1,6,22.6405714286,-16.4452857143,-7.37
2,2,19.0408181818,-15.6288181818,-5.59636363636
3,2,17.0144545455,-13.4532727273,-9.13727272727
4,6,13.5468571429,-12.4268571429,-8.60571428571
5,2,9.73954545455,-11.672,-7.10545454545
6,2,8.37154545455,-14.1137272727,-3.89818181818
7,6,4.99171428571,-13.8651428571,-6.16857142857
8,16,1.50868421053,-10.8987894737,-5.57894736842
9,8,5.97725,-10.661,-10.0425
10,8,2.64175,-9.983,-12.8558333333
11,19,0.0560952380952,-7.53923809524,-9.70523809524
12,8,4.18525,-2.85583333333,-10.7491666667
13,20,1.10916666667,-3.37595833333,-6.61583333333
14,18,4.79455,-7.21825,-4.905
15,5,7.6126,-3.4296,-3.345
16,6,9.4,-6.896,-3.07857142857
17,7,13.7345714286,-7.92464285714,-2.27357142857
18,15,11.517,-4.04273684211,0.751578947368
19,2,14.7968181818,-3.11518181818,3.62818181818
20,12,13.55325,-1.89845833333,9.29416666667
21,2,15.662,1.65036363636,4.17545454545
22,10,15.126,-0.145647058824,0.214117647059
23,2,10.4106363636,0.547363636364,2.76727272727
24,9,10.5313333333,4.57046666667,4.37533333333
25,10,14.9895882353,5.37941176471,0.124117647059
26,16,11.7389473684,2.50268421053,-2.72157894737
27,16,7.44757894737,5.69278947368,-1.15157894737
28,12,12.3600833333,10.14075,1.4225
29,10,13.9410588235,7.77035294118,-4.61470588235
30,13,8.26022727273,7.69795454545,-7.49454545455
31,6,8.11471428571,12.5064285714,-4.90428571429
32,13,4.65977272727,10.4985909091,-7.22409090909
33,9,1.2288,14.3088,-2.954
34,6,0.278428571429,9.491,-3.38285714286
35,5,3.0454,7.2987,-4.02
36,18,0.67835,2.31545,-4.2145
37,14,5.19558823529,0.480470588235,-2.04176470588
38,17,2.40975,-3.9945625,-1.599375
39,12,7.47658333333,-3.9235,3.22583333333
40,7,7.23528571429,-9.69414285714,2.095
41,2,5.27963636364,-9.295,5.96090909091
42,2,8.04536363636,-11.0323636364,8.67181818182
43,10,5.54482352941,-14.4048235294,9.32941176471
44,17,3.1095,-16.443125,4.8375
45,6,-0.0792857142857,-13.8562857143,4.47428571429
46,14,-0.420941176471,-11.0872941176,7.67941176471
47,19,1.26833333333,-9.19733333333,2.3480952381
48,3,3.38978571429,-3.68457142857,5.46214285714
49,17,-0.0134375,-1.3411875,2.170625
50,2,4.06863636364,1.31372727273,3.03
51,16,0.0780526315789,5.08105263158,1.46736842105
52,18,4.571,9.71165,0.293
53,2,0.628454545455,10.6969090909,1.58636363636
54,13,2.44081818182,16.4390454545,1.15090909091
55,5,-1.1913,16.4082,5.141
56,17,-3.82525,20.3699375,4.043125
57,7,-1.47728571429,20.9275,8.99142857143
58,8,1.56616666667,17.9495833333,7.46916666667
59,13,2.34513636364,22.0154090909,2.85045454545
60,13,6.74531818182,16.8717272727,6.755
61,6,5.31214285714,14.5568571429,3.63
62,3,4.46585714286,11.2735,6.11785714286
63,17,6.0679375,6.9039375,4.53625
64,13,1.1735,7.0165,6.36363636364
65,11,3.80455555556,2.63194444444,8.07388888889
66,19,-1.86976190476,1.7140952381,6.49857142857
67,11,0.343,-4.30988888889,9.06611111111
68,17,-3.2886875,-6.909875,4.905625
69,11,-5.70611111111,-6.78,9.82166666667
70,3,-6.829,-12.5872142857,7.84214285714
71,7,-12.091,-12.5075714286,8.245
72,5,-12.783,-16.0184,9.808
73,9,-14.5681333333,-16.1143333333,5.58933333333
74,7,-9.821,-16.7295,4.52714285714
75,13,-13.2568636364,-12.3253181818,4.12454545455
76,16,-6.56710526316,-10.5980526316,2.27894736842
77,19,-9.67719047619,-7.06947619048,5.98857142857
78,16,-5.86726315789,-2.02442105263,4.03473684211
79,5,-10.2416,-1.2255,6.84
80,9,-12.3008,-4.55773333333,10.4266666667
81,7,-14.6478571429,-0.380714285714,9.33214285714
82,19,-15.4735238095,-0.586142857143,4.57523809524
83,1,-14.5043636364,-6.05463636364,3.09636363636
84,18,-11.2336,-4.8349,0.1475
85,8,-11.8865833333,-9.76625,-3.00833333333
86,2,-7.51545454545,-10.1892727273,-2.7
87,15,-3.09978947368,-8.48736842105,-1.03157894737
88,4,-4.11107142857,-8.2475,-5.405
89,13,-8.58090909091,-8.83186363636,-7.18363636364
90,16,-7.42378947368,-3.47136842105,-1.72315789474
91,15,-4.16278947368,-2.11952631579,-4.93631578947
92,11,-8.94627777778,-2.52761111111,-9.61722222222
93,19,-11.5621904762,-2.53033333333,-6.25952380952
94,11,-7.91711111111,1.13866666667,-2.33833333333
95,10,-5.40623529412,2.67252941176,-8.21882352941
96,11,-10.1131666667,4.45327777778,-9.98944444444
97,7,-12.8023571429,4.12564285714,-5.12785714286
98,2,-9.90409090909,4.45972727273,-1.43545454545
99,5,-11.7732,2.7739,1.821
100,6,-11.9848571429,4.77642857143,4.80428571429
101,14,-9.79394117647,8.04923529412,7.78117647059
102,15,-6.65131578947,4.21578947368,3.55368421053
103,3,-4.50078571429,8.69007142857,0.873571428571
104,12,-5.71179166667,8.82683333333,-4.96541666667
105,16,-3.282,3.70763157895,-4.01947368421
106,12,-0.791208333333,10.6944166667,-7.8375
107,11,1.04072222222,6.94927777778,-9.90722222222
108,4,2.38621428571,2.38728571429,-8.91642857143
109,17,6.3995,3.0955,-5.40875
110,2,8.71372727273,-0.546818181818,-7.21818181818
1,6,-4.39514285714,-13.9041428571,-24.7628571429
2,2,-1.08772727273,-13.077,-22.7409090909
3,2,-4.55263636364,-15.4975454545,-20.5445454545
4,6,-2.65457142857,-15.4675714286,-16.6771428571
5,2,-0.0803636363636,-13.3209090909,-15.5972727273
6,2,0.0622727272727,-16.2866363636,-11.8872727273
7,6,2.58328571429,-13.9887142857,-10.9671428571
8,16,1.621,-10.4683684211,-6.82736842105
9,8,6.09108333333,-10.0114166667,-9.775
10,8,3.35258333333,-9.10216666667,-12.9541666667
11,19,0.129095238095,-6.50638095238,-10.4285714286
12,8,4.0885,-1.75608333333,-10.9541666667
13,20,0.667458333333,-2.88604166667,-7.04833333333
14,18,4.254,-6.70605,-5.1255
15,5,7.7907,-3.5777,-4.197
16,6,8.13114285714,-6.71471428571,-2.55714285714
17,7,11.9265,-8.59378571429,-0.107142857143
18,15,10.6838421053,-3.81094736842,0.690526315789
19,2,14.1327272727,-3.03627272727,4.36727272727
20,12,12.4310833333,0.39975,9.47541666667
21,2,15.1706363636,1.31781818182,4.85454545455
22,10,14.9764117647,-0.86,0.678235294118
23,2,10.0457272727,0.805181818182,2.33454545455
24,9,11.1144,4.45286666667,4.344
25,10,15.4907058824,4.82470588235,-0.286470588235
26,16,12.1030526316,2.50452631579,-3.21894736842
27,16,7.37026315789,5.30978947368,-0.738947368421
28,12,10.8631666667,9.94883333333,1.78833333333
29,10,14.2610588235,8.57194117647,-4.16294117647
30,13,8.62027272727,7.427,-7.79409090909
31,6,8.06585714286,11.7774285714,-5.24857142857
32,13,4.89204545455,10.2525,-8.91636363636
33,9,2.32186666667,14.3717333333,-4.70733333333
34,6,0.721,10.3958571429,-2.53857142857
35,5,3.0711,7.6871,-3.589
36,18,0.3323,2.92975,-4.1865
37,14,5.03482352941,0.822294117647,-2.19823529412
38,17,2.187,-3.521125,-1.700625
39,12,6.42379166667,-4.083125,3.055
40,7,6.294,-10.1523571429,-0.115714285714
41,2,4.95190909091,-10.0851818182,4.17181818182
42,2,5.70618181818,-13.8490909091,6.31272727273
43,10,4.69611764706,-18.1170588235,2.69470588235
44,17,1.9014375,-16.851,7.6725
45,6,-1.10614285714,-14.882,4.85571428571
46,14,0.003,-11.6044117647,7.32294117647
47,19,0.94319047619,-9.55014285714,1.65619047619
48,3,2.99421428571,-4.41707142857,4.69
49,17,-0.1650625,-1.5930625,1.890625
50,2,4.07327272727,0.906545454545,2.59818181818
51,16,0.726894736842,5.28831578947,1.56210526316
52,18,5.072,9.85805,0.329
53,2,1.59172727273,11.2759090909,2.32818181818
54,13,4.41604545455,16.6483181818,1.04954545455
55,5,1.7958,17.5633,4.15
56,17,0.8395625,22.2700625,3.465
57,7,2.61728571429,22.2145714286,8.41285714286
58,8,4.973,18.4991666667,6.28916666667
59,13,9.55713636364,19.9597727273,8.38045454545
60,13,11.8400909091,17.0859545455,4.03681818182
61,6,6.98685714286,14.184,4.55142857143
62,3,4.3155,11.5473571429,6.97928571429
63,17,6.0764375,7.2289375,5.113125
64,13,0.354363636364,7.44613636364,6.91772727273
65,11,3.55327777778,2.29216666667,9.04888888889
66,19,-1.49276190476,1.37904761905,6.32761904762
67,11,0.759888888889,-4.03772222222,8.985
68,17,-2.9198125,-6.965375,4.485
69,11,-5.746,-5.51261111111,9.165
70,3,-6.24178571429,-11.595,8.27785714286
71,7,-11.5160714286,-11.4847857143,8.87642857143
72,5,-12.0871,-15.0837,10.777
73,9,-13.3655333333,-16.6135333333,6.826
74,7,-7.90007142857,-15.8356428571,5.21071428571
75,13,-12.7901818182,-12.4994545455,5.00681818182
76,16,-6.39536842105,-10.5426842105,2.61526315789
77,19,-9.83428571429,-6.28985714286,6.27285714286
78,16,-6.03736842105,-2.00873684211,4.23421052632
79,5,-11.0724,-0.9985,5.872
80,9,-13.6361333333,-2.50866666667,9.88266666667
81,7,-16.5280714286,-0.864,5.25571428571
82,19,-13.3676666667,-1.53414285714,1.87523809524
83,1,-13.7139090909,-7.75727272727,1.96181818182
84,18,-11.24065,-7.1328,-1.3155
85,8,-9.86816666667,-13.41075,-1.85333333333
86,2,-6.93518181818,-11.1774545455,-3.75181818182
87,15,-2.617,-8.25289473684,-2.45473684211
88,4,-4.21257142857,-7.9865,-6.72214285714
89,13,-9.58854545455,-9.29640909091,-6.17636363636
90,16,-7.56173684211,-4.47652631579,-1.32631578947
91,15,-4.80584210526,-2.12405263158,-4.37263157895
92,11,-9.69066666667,-2.51272222222,-8.95611111111
93,19,-13.1281428571,-0.358,-3.97857142857
94,11,-8.62461111111,0.651611111111,-1.15944444444
95,10,-5.932,2.64523529412,-7.32411764706
96,11,-10.7628888889,2.79772222222,-8.95666666667
97,7,-12.1521428571,5.50957142857,-4.61928571429
98,2,-9.99,7.28427272727,-0.719090909091
99,5,-10.8373,3.382,1.145
100,6,-12.2112857143,5.85857142857,3.94857142857
101,14,-8.81135294118,6.858,7.78
102,15,-6.55652631579,3.595,3.60315789474
103,3,-3.90228571429,8.06257142857,1.81571428571
104,12,-7.87179166667,9.87,-3.81958333333
105,16,-3.816,4.35821052632,-3.25210526316
106,12,-2.43529166667,11.375125,-5.2175
107,11,0.503833333333,8.121,-9.20055555556
108,4,1.70678571429,3.39564285714,-8.73714285714
109,17,5.9953125,3.61075,-5.620625
110,2,8.62418181818,0.0926363636364,-7.41090909091
1,6,-3.877,-20.7225714286,-25.3628571429
2,2,-3.18227272727,-18.4797272727,-22.4090909091
3,2,-3.77218181818,-18.8917272727,-18.0336363636
4,6,-5.27528571429,-15.4601428571,-16.8071428571
5,2,-2.84354545455,-16.3878181818,-13.7181818182
6,2,-4.06872727273,-13.8167272727,-10.1963636364
7,6,-0.329285714286,-12.3328571429,-10.7057142857
8,16,0.774842105263,-10.0894210526,-5.85789473684
9,8,5.27525,-10.42625,-8.8875
10,8,3.42016666667,-9.80083333333,-12.8075
11,19,0.32219047619,-6.4720952381,-10.4176190476
12,8,4.23891666667,-1.99358333333,-11.2633333333
13,20,1.17854166667,-2.831125,-7.02
14,18,4.74795,-6.73935,-5.4305
15,5,8.0489,-3.5519,-4.108
16,6,9.01857142857,-6.323,-2.38714285714
17,7,12.4625714286,-8.26128571429,-1.97357142857
18,15,10.6132631579,-3.49084210526,0.331578947368
19,2,13.6882727273,-3.23836363636,4.44454545455
20,12,10.2724583333,-1.47966666667,9.38208333333
21,2,14.5717272727,1.39818181818,5.67636363636
22,10,14.9282352941,0.689352941176,1.17
23,2,9.70763636364,0.544363636364,2.36454545455
24,9,10.1977333333,4.3192,4.69466666667
25,10,14.1238823529,6.08011764706,1.38352941176
26,16,12.4290526316,2.51536842105,-2.52578947368
27,16,7.133,5.04589473684,-0.85
28,12,11.7266666667,10.5497083333,1.11666666667
29,10,13.4927647059,8.73405882353,-3.56588235294
30,13,7.75822727273,7.79836363636,-7.53045454545
31,6,8.48757142857,12.6778571429,-5.29142857143
32,13,3.93545454545,12.2279545455,-7.65272727273
33,9,1.84866666667,14.3457333333,-2.85666666667
34,6,0.664428571429,9.63757142857,-2.91
35,5,3.2883,7.3868,-3.895
36,18,0.68655,2.5172,-4.543
37,14,5.29211764706,0.645588235294,-2.41470588235
38,17,2.4250625,-3.872875,-1.986875
39,12,6.613375,-4.55758333333,3.0175
40,7,6.35128571429,-10.5185714286,0.875
41,2,4.96245454545,-10.4630909091,4.80727272727
42,2,8.42572727273,-12.4776363636,6.88090909091
43,10,5.88264705882,-15.6947058824,8.36941176471
44,17,3.2031875,-17.11075,2.95
45,6,-0.331285714286,-14.794,4.36
46,14,-0.381176470588,-11.3094117647,7.35588235294
47,19,0.715476190476,-9.79547619048,1.60571428571
48,3,3.08964285714,-4.64114285714,4.55571428571
49,17,-0.06625,-1.906875,1.459375
50,2,4.10545454545,0.658272727273,2.00727272727
51,16,0.802894736842,5.01247368421,1.15210526316
52,18,4.9443,9.82945,0.569
53,2,0.879090909091,10.3430909091,2.91545454545
54,13,3.31318181818,16.0076818182,2.52863636364
55,5,-1.3191,16.4567,3.551
56,17,-0.9595,20.9268125,4.601875
57,7,-5.04742857143,19.2166428571,6.555
58,8,-3.04033333333,14.709,6.88166666667
59,13,1.22331818182,14.8764545455,9.83272727273
60,13,5.47395454545,19.4026818182,8.24181818182
61,6,5.10785714286,14.2757142857,5.53142857143
62,3,5.0215,10.8622857143,7.80857142857
63,17,6.254,6.815875,4.88
64,13,1.402,7.46154545455,6.78318181818
65,11,2.63811111111,1.08966666667,9.02722222222
66,19,-1.90342857143,1.59457142857,5.90619047619
67,11,0.754277777778,-4.32811111111,8.88111111111
68,17,-3.0765,-6.9769375,4.78125
69,11,-4.87322222222,-6.64233333333,10.0455555556
70,3,-6.46442857143,-12.3167857143,7.985
71,7,-11.5722857143,-11.8817857143,9.22642857143
72,5,-12.3073,-15.5949,10.807
73,9,-14.4460666667,-16.0974,6.724
74,7,-9.4205,-16.9139285714,5.54428571429
75,13,-13.1179090909,-12.269,4.27545454545
76,16,-7.05415789474,-11.005,2.67736842105
77,19,-9.08623809524,-6.5100952381,6.23476190476
78,16,-5.00063157895,-2.34163157895,3.50578947368
79,5,-9.3383,-0.6864,5.988
80,9,-10.5335333333,-1.30333333333,10.4673333333
81,7,-15.8817857143,-1.67192857143,9.12214285714
82,19,-14.380952381,-1.28676190476,4.55095238095
83,1,-13.8082727273,-6.93827272727,3.65363636364
84,18,-11.1307,-5.34265,0.0985
85,8,-11.37675,-10.6421666667,-3.19
86,2,-7.62581818182,-10.4371818182,-3.14545454545
87,15,-3.31868421053,-8.69421052632,-1.42052631579
88,4,-4.00457142857,-8.04092857143,-5.79
89,13,-9.23140909091,-8.79413636364,-7.22181818182
90,16,-7.44642105263,-3.74668421053,-2.03105263158
91,15,-4.12463157895,-2.06205263158,-4.87
92,11,-8.4725,-2.02355555556,-9.90111111111
93,19,-12.0642857143,0.174666666667,-4.32714285714
94,11,-8.54733333333,1.72783333333,-2.155
95,10,-5.90482352941,3.67894117647,-8.16235294118
96,11,-10.2208888889,3.32277777778,-9.92833333333
97,7,-12.8427857143,4.82071428571,-5.93642857143
98,2,-10.5044545455,5.77936363636,-1.51818181818
99,5,-12.2197,3.1244,1.378
100,6,-11.2291428571,5.52071428571,3.86142857143
101,14,-7.26352941176,7.81852941176,6.99529411765
102,15,-6.08789473684,3.78673684211,3.43210526316
103,3,-4.34357142857,8.20742857143,0.617142857143
104,12,-7.8275,8.61504166667,-5.03833333333
105,16,-3.55631578947,3.75078947368,-3.69842105263
106,12,-2.180875,10.8829166667,-6.13541666667
107,11,1.06238888889,7.69261111111,-9.55611111111
108,4,2.3905,2.92185714286,-9.11428571429
109,17,6.331875,3.2935625,-5.55
110,2,8.97963636364,-0.235545454545,-7.18181818182
1,6,-0.864142857143,-24.4821428571,-16.7171428571
2,2,-2.871,-21.2382727273,-17.3054545455
3,2,-5.63209090909,-21.6613636364,-14.2063636364
4,6,-3.19014285714,-19.7904285714,-11.2785714286
5,2,-2.25054545455,-18.4272727273,-7.53363636364
6,2,-2.91909090909,-13.9398181818,-8.49545454545
7,6,0.816,-12.9677142857,-9.58428571429
8,16,1.35352631579,-10.4379473684,-5.29368421053
9,8,5.94825,-10.5546666667,-9.04916666667
10,8,2.948,-9.58633333333,-12.1825
11,19,-0.11980952381,-6.71814285714,-9.82
12,8,4.50866666667,-2.41525,-10.4891666667
13,20,1.11520833333,-3.07004166667,-6.45416666667
14,18,4.679,-6.9193,-4.757
15,5,7.5813,-3.3468,-3.032
16,6,8.35471428571,-6.99828571429,-1.62714285714
17,7,11.9227857143,-7.58978571429,-3.66428571429
18,15,11.2342105263,-3.56073684211,0.368421052632
19,2,14.5689090909,-3.00381818182,3.34818181818
20,12,14.8830833333,-1.888375,8.58625
21,2,15.78,1.66854545455,4.49181818182
22,10,15.2413529412,-0.0680588235294,-0.0270588235294
23,2,10.5351818182,0.742909090909,2.68272727273
24,9,10.7980666667,4.96453333333,4.154
25,10,14.8557058824,5.81923529412,1.10470588235
26,16,11.8733684211,2.68389473684,-2.92894736842
27,16,7.11568421053,5.40305263158,-0.683684210526
28,12,10.74225,9.805375,1.66708333333
29,10,13.5632941176,8.61505882353,-4.59411764706
30,13,7.11981818182,7.69468181818,-7.39045454545
31,6,8.44471428571,12.4834285714,-5.63857142857
32,13,4.69368181818,11.7292272727,-8.42545454545
33,9,2.485,14.3121333333,-2.986
34,6,0.530428571429,9.64557142857,-2.80857142857
35,5,3.2426,7.4564,-3.775
36,18,0.5117,2.54595,-4.0405
37,14,5.19523529412,0.434294117647,-1.87588235294
38,17,2.4091875,-3.8244375,-1.368125
39,12,7.21191666667,-2.9625,3.4525
40,7,7.414,-8.52042857143,2.36214285714
41,2,5.63863636364,-8.75190909091,6.94272727273
42,2,9.66236363636,-8.43409090909,8.72
43,10,11.2811176471,-12.0504117647,11.0511764706
44,17,5.48375,-12.2784375,9.755
45,6,3.70914285714,-14.3544285714,6.63142857143
46,14,0.948352941176,-11.2811764706,7.85235294118
47,19,1.28276190476,-9.92652380952,2.11
48,3,2.90185714286,-4.08514285714,5.135
49,17,-0.359875,-1.7791875,1.894375
50,2,3.60509090909,1.02472727273,2.97545454545
51,16,0.590368421053,5.22631578947,1.34578947368
52,18,4.7554,10.01915,0.7245
53,2,1.04754545455,11.1027272727,2.25909090909
54,13,3.48940909091,16.546,1.81727272727
55,5,-0.0916,16.1527,6.247
56,17,-2.721125,20.0653125,6.92625
57,7,1.28871428571,22.6839285714,7.99928571429
58,8,2.94408333333,18.1540833333,8.255
59,13,7.74068181818,15.8521363636,9.525
60,13,10.8894090909,17.0725454545,3.75136363636
61,6,6.13014285714,13.7117142857,4.67
62,3,4.15842857143,11.4287857143,7.56428571429
63,17,5.68,6.818125,5.2075
64,13,0.350545454545,7.32990909091,6.83863636364
65,11,2.49483333333,1.59322222222,8.85777777778
66,19,-2.3199047619,1.54733333333,5.64095238095
67,11,0.584166666667,-3.86866666667,9.085
68,17,-2.867,-7.16325,4.81375
69,11,-5.31316666667,-6.47672222222,9.47833333333
70,3,-6.80135714286,-12.3980714286,8.27142857143
71,7,-11.9358571429,-12.2388571429,8.61071428571
72,5,-13.0148,-15.6622,10.135
73,9,-14.2856666667,-16.5576,5.81266666667
74,7,-8.56278571429,-16.8465714286,5.99714285714
75,13,-13.2018181818,-12.5955909091,3.45272727273
76,16,-6.70047368421,-11.0772105263,2.73789473684
77,19,-9.76919047619,-6.88904761905,6.70666666667
78,16,-5.76626315789,-2.81247368421,3.58
79,5,-10.3963,-0.9489,5.278
80,9,-12.4558,-1.48846666667,9.76066666667
81,7,-15.8476428571,0.0015,6.52428571429
82,19,-13.4863809524,-1.02557142857,2.39476190476
83,1,-14.2356363636,-6.89590909091,2.31454545455
84,18,-11.593,-6.78195,-1.213
85,8,-11.1261666667,-12.593,-1.915
86,2,-7.31381818182,-11.2974545455,-3.48
87,15,-3.07131578947,-8.79631578947,-1.45789473684
88,4,-3.80421428571,-8.35292857143,-5.89785714286
89,13,-9.73713636364,-8.90972727273,-6.65272727273
90,16,-8.03521052632,-4.16878947368,-1.62473684211
91,15,-4.66236842105,-2.08736842105,-3.98
92,11,-8.78922222222,-2.36355555556,-9.29277777778
93,19,-12.9075238095,0.164285714286,-4.91904761905
94,11,-8.59605555556,1.56394444444,-1.77222222222
95,10,-6.08505882353,2.84258823529,-8.39294117647
96,11,-10.2226666667,3.80794444444,-9.76888888889
97,7,-12.3913571429,5.22485714286,-5.01214285714
98,2,-9.52136363636,5.56572727273,-1.36454545455
99,5,-11.8539,5.1122,2.09
100,6,-11.0328571429,6.31228571429,5.36
101,14,-7.87923529412,7.31282352941,8.43882352941
102,15,-6.86568421053,3.74926315789,3.27842105263
103,3,-4.31821428571,8.58842857143,1.3
104,12,-4.947125,10.5229583333,-2.31916666667
105,16,-3.47578947368,4.19331578947,-4.04789473684
106,12,-1.18304166667,10.4771666667,-8.08208333333
107,11,0.863944444444,7.18255555556,-9.71277777778
108,4,1.94135714286,2.67628571429,-8.77785714286
109,17,6.0643125,3.0011875,-5.413125
110,2,8.63781818182,-0.689272727273,-7.14545454545
1,6,-11.8292857143,-19.8855714286,-6.26857142857
2,2,-8.79572727273,-18.3297272727,-8.75363636364
3,2,-11.9330909091,-16.6667272727,-11.6563636364
4,6,-8.24428571429,-16.515,-13.8371428571
5,2,-4.53718181818,-14.8830909091,-13.9509090909
6,2,-2.56381818182,-15.6481818182,-9.91272727273
7,6,-0.124,-13.2134285714,-8.68714285714
8,16,1.063,-10.1663157895,-5.46789473684
9,8,4.949,-10.2908333333,-9.56666666667
10,8,1.99116666667,-9.06508333333,-12.6716666667
11,19,-0.578,-6.53623809524,-9.78523809524
12,8,3.76141666667,-2.14866666667,-10.7225
13,20,0.700166666667,-2.884875,-6.56291666667
14,18,4.33695,-6.77415,-4.891
15,5,7.7506,-3.7726,-3.843
16,6,8.03071428571,-6.83857142857,-2.02714285714
17,7,11.2320714286,-8.92564285714,0.939285714286
18,15,10.4790526316,-3.52957894737,0.971052631579
19,2,13.8568181818,-2.74781818182,4.91090909091
20,12,10.791,-0.714875,9.88083333333
21,2,15.2431818182,1.822,5.31
22,10,14.9685294118,-0.205117647059,1.87294117647
23,2,10.0184545455,0.875909090909,2.44909090909
24,9,10.6246666667,5.1412,3.96533333333
25,10,15.5062941176,4.96770588235,-0.0423529411765
26,16,12.1252631579,2.37942105263,-3.01842105263
27,16,7.56210526316,5.41973684211,-1.28736842105
28,12,12.0539583333,9.81741666667,1.68916666667
29,10,14.3025294118,8.68852941176,-4.33588235294
30,13,8.13372727273,7.63368181818,-7.47909090909
31,6,8.61014285714,12.2952857143,-5.00428571429
32,13,5.37981818182,12.4851818182,-8.39909090909
33,9,2.07233333333,13.9273333333,-4.17333333333
34,6,0.551428571429,9.54871428571,-3.65428571429
35,5,3.337,7.3062,-4.31
36,18,0.46225,2.5137,-4.4
37,14,5.17664705882,0.299352941176,-2.20352941176
38,17,1.7581875,-3.8150625,-1.66875
39,12,6.93408333333,-4.64975,3.14333333333
40,7,6.60342857143,-9.39942857143,1.25857142857
41,2,5.52109090909,-9.62890909091,5.98818181818
42,2,9.00054545455,-11.925,7.14909090909
43,10,5.36882352941,-14.4299411765,9.41117647059
44,17,4.655125,-16.8853125,3.796875
45,6,0.954,-14.1697142857,4.31
46,14,0.809647058824,-11.7322941176,7.16705882353
47,19,1.2180952381,-9.35361904762,2.15380952381
48,3,2.893,-3.72621428571,4.77571428571
49,17,-0.0046875,-0.9396875,1.760625
50,2,4.29172727273,1.464,2.58
51,16,0.646473684211,5.25889473684,0.896315789474
52,18,5.06445,10.1125,0.1555
53,2,1.28636363636,10.9326363636,2.13
54,13,3.28272727273,15.9315454545,0.886363636364
55,5,0.3765,15.7699,6.309
56,17,-2.438,19.473375,7.60625
57,7,2.21485714286,19.6792142857,9.73357142857
58,8,4.16966666667,16.827,7.53333333333
59,13,6.59631818182,22.2468181818,5.58772727273
60,13,11.2171818182,17.3695454545,4.11772727273
61,6,6.50685714286,14.4291428571,4.23142857143
62,3,4.98,11.2160714286,6.71142857143
63,17,6.0584375,6.9588125,4.324375
64,13,1.25086363636,7.67259090909,6.52772727273
65,11,2.70872222222,2.15305555556,9.13222222222
66,19,-1.80142857143,1.87033333333,5.71571428571
67,11,-0.813166666667,-5.16977777778,9.12
68,17,-3.1106875,-6.862125,5.151875
69,11,-5.624,-7.21955555556,9.90666666667
70,3,-6.21521428571,-12.9005,7.42142857143
71,7,-11.5306428571,-13.0155,7.87285714286
72,5,-11.9835,-16.8691,9.221
73,9,-13.7970666667,-17.0221333333,5.096
74,7,-8.63292857143,-17.282,4.13214285714
75,13,-12.8175,-12.8213636364,3.46909090909
76,16,-6.23194736842,-10.8438421053,2.06526315789
77,19,-9.3069047619,-7.19752380952,5.85428571429
78,16,-5.748,-2.26515789474,3.89052631579
79,5,-10.2218,-1.4077,6.545
80,9,-10.922,-4.11226666667,10.6573333333
81,7,-14.7875,-0.920642857143,9.34785714286
82,19,-15.4778571429,-1.2060952381,4.68428571429
83,1,-14.2659090909,-7.14618181818,3.59090909091
84,18,-11.57005,-5.6607,0.0925
85,8,-11.5295,-11.2885833333,-2.51083333333
86,2,-7.81345454545,-10.7424545455,-2.63181818182
87,15,-3.35531578947,-8.59368421053,-0.93
88,4,-4.32507142857,-8.48992857143,-5.35428571429
89,13,-9.66031818182,-7.68004545455,-6.085
90,16,-7.96068421053,-3.49736842105,-1.10631578947
91,15,-4.49252631579,-2.20694736842,-3.93421052632
92,11,-8.13127777778,-2.72155555556,-9.50888888889
93,19,-12.0841428571,-1.78380952381,-6.14904761905
94,11,-8.28216666667,1.83561111111,-1.99555555556
95,10,-6.09647058824,1.89217647059,-8.31529411765
96,11,-9.87822222222,5.07272222222,-9.68
97,7,-12.7038571429,4.63328571429,-5.28428571429
98,2,-11.0094545455,6.78027272727,-1.16454545455
99,5,-11.9636,3.6868,1.905
100,6,-11.8497142857,5.79142857143,5.02285714286
101,14,-8.88976470588,8.69241176471,7.85705882353
102,15,-6.79605263158,4.68489473684,3.38210526316
103,3,-3.89542857143,8.68578571429,0.776428571429
104,12,-8.18116666667,9.93095833333,-3.26166666667
105,16,-3.47415789474,4.25105263158,-3.90105263158
106,12,-0.281958333333,10.5591666667,-7.90541666667
107,11,1.17561111111,6.84316666667,-10.1966666667
108,4,2.38007142857,2.26842857143,-9.09357142857
109,17,6.3939375,3.045625,-5.486875
110,2,8.96954545455,-0.350090909091,-7.19181818182
1,6,13.5967142857,-16.0142857143,-23.3328571429
2,2,11.4821818182,-15.2176363636,-19.8863636364
3,2,13.6859090909,-17.2636363636,-17.1990909091
4,6,10.4908571429,-15.0251428571,-15.1685714286
5,2,8.15063636364,-17.1910909091,-12.78
6,2,7.85118181818,-13.0006363636,-10.43
7,6,5.00785714286,-13.1124285714,-8.21571428571
8,16,1.36521052632,-10.3226315789,-6.95578947368
9,8,5.56966666667,-9.31708333333,-11.5358333333
10,8,1.57716666667,-8.04675,-13.6916666667
11,19,-0.512904761905,-6.22814285714,-10.1957142857
12,8,3.7255,-1.62758333333,-11.1816666667
13,20,0.889208333333,-2.49258333333,-6.91166666667
14,18,4.12865,-6.6766,-5.6865
15,5,7.3143,-3.5691,-3.774
16,6,7.87442857143,-6.81628571429,-2.57142857143
17,7,10.7557857143,-9.5255,-0.871428571429
18,15,11.1120526316,-4.11131578947,0.602631578947
19,2,14.5820909091,-3.35172727273,3.07727272727
20,12,14.4221666667,-1.87720833333,8.51458333333
21,2,15.7631818182,1.19290909091,4.62727272727
22,10,15.4370588235,-0.410294117647,0.546470588235
23,2,10.3580909091,0.728363636364,1.97181818182
24,9,11.0154666667,4.4784,4.29466666667
25,10,15.5658235294,5.99623529412,0.722941176471
26,16,12.1552631579,3.31263157895,-3.02210526316
27,16,7.58278947368,6.02642105263,-0.718421052632
28,12,11.700875,9.95229166667,3.1825
29,10,13.8582352941,9.37,-4.34
30,13,8.18536363636,8.03890909091,-6.47363636364
31,6,8.341,12.9064285714,-4.34142857143
32,13,5.76859090909,12.1480454545,-7.50318181818
33,9,1.477,13.8757333333,-2.66066666667
34,6,0.425142857143,9.70671428571,-2.97
35,5,3.2374,7.5787,-3.834
36,18,0.57905,2.75095,-4.274
37,14,5.08976470588,0.596882352941,-2.0
38,17,1.963125,-3.707,-2.023125
39,12,6.42975,-3.9745,3.06291666667
40,7,6.319,-9.35214285714,1.10071428571
41,2,5.92209090909,-10.1273636364,5.85818181818
42,2,9.959,-10.9753636364,6.89545454545
43,10,10.0262352941,-15.5384117647,8.29764705882
44,17,4.8815,-13.4991875,8.614375
45,6,2.22242857143,-14.8785714286,5.48285714286
46,14,0.127470588235,-11.8492352941,7.52882352941
47,19,1.24852380952,-9.78166666667,1.76714285714
48,3,3.08721428571,-4.51228571429,4.72142857143
49,17,-0.249125,-2.0106875,1.710625
50,2,3.47163636364,1.032,2.81909090909
51,16,0.499052631579,5.24873684211,1.11947368421
52,18,4.6939,10.05595,0.6555
53,2,0.667636363636,10.6092727273,2.78727272727
54,13,2.87881818182,15.888,2.50227272727
55,5,-0.7767,17.3662,5.065
56,17,-1.9428125,21.6324375,3.063125
57,7,-0.221357142857,22.2096428571,7.78285714286
58,8,2.3315,18.486,7.3
59,13,6.62431818182,22.7586363636,7.11409090909
60,13,8.64904545455,17.6288636364,8.43045454545
61,6,6.04271428571,14.0944285714,4.87
62,3,5.20164285714,10.6248571429,7.66
63,17,6.128375,6.6381875,4.876875
64,13,1.21954545455,7.47740909091,6.58863636364
65,11,2.76755555556,1.749,9.15722222222
66,19,-1.79204761905,1.40357142857,6.06142857143
67,11,-0.169333333333,-5.95922222222,8.85722222222
68,17,-2.8435,-7.203375,4.780625
69,11,-5.04105555556,-6.45277777778,9.72555555556
70,3,-7.09157142857,-12.0864285714,8.13857142857
71,7,-11.9627857143,-12.0547142857,8.69285714286
72,5,-12.9752,-15.2762,10.851
73,9,-14.7724666667,-15.3095333333,6.888
74,7,-9.14535714286,-16.6109285714,6.085
75,13,-12.5027727273,-12.3273181818,3.17727272727
76,16,-6.68747368421,-10.8015263158,2.79105263158
77,19,-9.176,-6.66733333333,6.66952380952
78,16,-5.19621052632,-2.40005263158,3.96210526316
79,5,-9.6623,-0.7874,6.299
80,9,-11.1672,-1.7082,10.8353333333
81,7,-15.817,-1.99985714286,9.59428571429
82,19,-14.3418095238,-1.56676190476,4.56666666667
83,1,-14.223,-7.35090909091,3.30272727273
84,18,-10.81345,-5.76375,0.433
85,8,-10.9013333333,-11.0865833333,-2.94833333333
86,2,-6.91927272727,-10.6395454545,-2.89636363636
87,15,-2.91384210526,-8.555,-1.62631578947
88,4,-3.89142857143,-8.22764285714,-6.005
89,13,-8.44386363636,-8.86359090909,-7.24636363636
90,16,-7.26536842105,-3.88594736842,-1.53210526316
91,15,-4.24110526316,-2.28873684211,-4.56736842105
92,11,-7.99222222222,-2.82627777778,-9.73777777778
93,19,-11.9706666667,-2.28995238095,-5.97761904762
94,11,-8.01616666667,1.50927777778,-2.23166666667
95,10,-5.65047058824,2.151,-8.46647058824
96,11,-10.1232777778,4.20261111111,-10.1638888889
97,7,-13.0622857143,4.02235714286,-5.99357142857
98,2,-10.7575454545,6.23181818182,-1.96272727273
99,5,-11.5571,3.1543,1.063
100,6,-10.9312857143,3.70571428571,4.74285714286
101,14,-10.3205882353,7.24105882353,6.58529411765
102,15,-6.64384210526,4.25984210526,2.32315789474
103,3,-4.67028571429,8.41971428571,0.00857142857143
104,12,-7.66408333333,8.42545833333,-6.66458333333
105,16,-3.48031578947,4.00647368421,-4.10052631579
106,12,-1.50533333333,10.829875,-8.08916666667
107,11,1.29705555556,7.52133333333,-9.90166666667
108,4,2.46921428571,2.94614285714,-9.07071428571
109,17,6.3968125,3.2558125,-5.223125
110,2,8.37936363636,-0.0376363636364,-7.70090909091
1,6,3.81614285714,-28.4251428571,-9.70714285714
2,2,1.56281818182,-25.1474545455,-10.5536363636
3,2,-0.0903636363636,-25.3245454545,-14.6627272727
4,6,0.471571428571,-21.072,-14.0057142857
5,2,1.69163636364,-17.4919090909,-15.7090909091
6,2,-0.494727272727,-15.9827272727,-11.8672727273
7,6,1.03842857143,-13.5858571429,-9.45
8,16,1.36889473684,-10.4079473684,-5.85473684211
9,8,6.14258333333,-10.1545833333,-9.32166666667
10,8,2.77408333333,-9.64225,-12.3591666667
11,19,-0.165380952381,-6.6800952381,-10.0795238095
12,8,4.20941666667,-2.24791666667,-11.0516666667
13,20,1.12129166667,-2.804,-6.93791666667
14,18,4.55905,-6.82515,-5.1575
15,5,7.9496,-3.639,-3.938
16,6,8.042,-6.95285714286,-2.49857142857
17,7,11.564,-8.8325,0.395
18,15,10.7344210526,-3.67126315789,0.569473684211
19,2,13.8768181818,-3.18881818182,4.59
20,12,9.92645833333,-0.209,8.82
21,2,15.1607272727,1.78690909091,5.71636363636
22,10,15.4789411765,0.0472941176471,1.81529411765
23,2,10.0972727273,0.766090909091,2.32181818182
24,9,10.3974666667,4.88846666667,4.32133333333
25,10,15.1594117647,5.98182352941,0.952941176471
26,16,12.3006842105,2.92563157895,-2.65315789474
27,16,7.53863157895,5.75010526316,-0.782631578947
28,12,12.2843333333,10.0138333333,1.89333333333
29,10,14.0351764706,7.709,-4.75470588235
30,13,8.83563636364,6.88695454545,-7.37954545455
31,6,8.36857142857,11.8457142857,-5.38571428571
32,13,5.18113636364,9.09154545455,-8.84863636364
33,9,2.15693333333,13.2679333333,-5.74666666667
34,6,0.0107142857143,9.71114285714,-3.32
35,5,2.957,7.4488,-3.905
36,18,0.42135,2.6093,-4.347
37,14,5.24594117647,0.515823529412,-2.16176470588
38,17,2.3394375,-3.8509375,-1.914375
39,12,6.55641666667,-5.04304166667,2.97125
40,7,5.804,-10.471,0.732142857143
41,2,6.14136363636,-10.2651818182,5.37727272727
42,2,9.26063636364,-12.9077272727,6.57818181818
43,10,8.16923529412,-17.5272352941,6.38235294118
44,17,4.4063125,-15.5438125,2.165625
45,6,3.033,-14.4527142857,6.01142857143
46,14,0.684352941176,-11.1597058824,7.73647058824
47,19,1.35038095238,-9.69495238095,2.16761904762
48,3,3.10778571429,-3.83285714286,4.86428571429
49,17,0.2233125,-1.0105625,2.1725
50,2,4.52363636364,1.42345454545,2.20545454545
51,16,0.348736842105,5.22068421053,1.35684210526
52,18,4.7032,10.0373,0.695
53,2,1.23690909091,11.1083636364,2.68818181818
54,13,2.61136363636,16.2151363636,-0.289090909091
55,5,-0.4886,18.0721,3.265
56,17,-3.039125,21.6793125,1.303125
57,7,0.977571428571,23.3627857143,3.83571428571
58,8,3.31025,19.8776666667,4.58333333333
59,13,8.23890909091,21.3143181818,0.597727272727
60,13,9.44686363636,17.0877727273,5.26909090909
61,6,5.56128571429,14.3804285714,3.63
62,3,5.04121428571,11.2355714286,6.81
63,17,5.9405,6.888875,4.72375
64,13,1.22413636364,7.73331818182,6.70136363636
65,11,3.09333333333,2.34716666667,9.52222222222
66,19,-1.66333333333,1.78766666667,6.5319047619
67,11,0.810666666667,-4.02633333333,9.46611111111
68,17,-2.8065625,-6.47375,4.999375
69,11,-5.04216666667,-7.09266666667,9.9
70,3,-6.18742857143,-12.4739285714,7.58071428571
71,7,-11.4669285714,-11.8447857143,7.99928571429
72,5,-12.0795,-15.7967,9.872
73,9,-13.9983333333,-15.9408666667,5.66733333333
74,7,-8.70771428571,-16.7742142857,4.71214285714
75,13,-12.8561363636,-12.2529090909,3.25409090909
76,16,-6.26673684211,-10.8270526316,1.96736842105
77,19,-9.01833333333,-6.65542857143,5.94095238095
78,16,-5.441,-2.177,3.77157894737
79,5,-9.8933,-1.17,6.45
80,9,-10.8580666667,-3.5618,10.6866666667
81,7,-15.1307142857,-0.264,8.90785714286
82,19,-14.7698095238,-0.520714285714,4.44333333333
83,1,-13.9979090909,-6.37009090909,3.44272727273
84,18,-11.10055,-5.11015,0.0015
85,8,-11.4968333333,-10.8045833333,-2.59083333333
86,2,-7.74245454545,-10.3107272727,-2.85545454545
87,15,-3.073,-8.34210526316,-1.36210526316
88,4,-4.13892857143,-8.26357142857,-5.74285714286
89,13,-9.25509090909,-8.063,-7.08363636364
90,16,-7.49542105263,-3.49489473684,-1.72210526316
91,15,-4.372,-1.94415789474,-4.74473684211
92,11,-8.77505555556,-2.77788888889,-9.775
93,19,-13.0170952381,-0.185,-5.21238095238
94,11,-8.716,1.81416666667,-2.15111111111
95,10,-6.35870588235,3.37882352941,-8.48529411765
96,11,-10.6751111111,3.56583333333,-10.0227777778
97,7,-12.8776428571,4.69714285714,-5.29142857143
98,2,-10.602,5.93336363636,-1.13363636364
99,5,-12.3609,3.185,1.315
100,6,-11.7998571429,5.04642857143,4.27285714286
101,14,-8.17052941176,7.57805882353,7.06764705882
102,15,-6.12210526316,3.68494736842,4.05894736842
103,3,-4.44914285714,8.37421428571,1.735
104,12,-6.08695833333,10.1349166667,-2.66083333333
105,16,-3.99931578947,4.21326315789,-3.67052631579
106,12,-2.39745833333,10.4062916667,-7.44833333333
107,11,0.949611111111,7.39638888889,-9.91555555556
108,4,2.21078571429,2.74957142857,-9.10428571429
109,17,6.13575,3.15125,-5.47375
110,2,8.73427272727,-0.516181818182,-7.15545454545
1,6,-15.8074285714,-19.8995714286,-14.5928571429
2,2,-13.2718181818,-17.0738181818,-14.5936363636
3,2,-9.23109090909,-18.5737272727,-15.7054545455
4,6,-6.10371428571,-16.4612857143,-15.8142857143
5,2,-2.78354545455,-14.1020909091,-15.4309090909
6,2,-1.83463636364,-15.5085454545,-11.2863636364
7,6,0.340857142857,-12.9321428571,-9.53142857143
8,16,1.71421052632,-9.91831578947,-6.42473684211
9,8,5.92658333333,-9.9815,-9.72916666667
10,8,2.8285,-8.62333333333,-13.3658333333
11,19,0.051619047619,-6.4940952381,-10.4604761905
12,8,4.17741666667,-1.64141666667,-11.055
13,20,0.915083333333,-2.76441666667,-6.91166666667
14,18,4.48765,-6.6611,-5.5015
15,5,8.0212,-3.4975,-4.517
16,6,8.26371428571,-6.57728571429,-2.74857142857
17,7,11.035,-9.01528571429,-0.355
18,15,10.9480526316,-3.527,0.362631578947
19,2,14.5106363636,-2.99945454545,3.92727272727
20,12,12.7247083333,1.69258333333,8.40083333333
21,2,15.7803636364,1.49490909091,4.60272727273
22,10,15.5688235294,0.123941176471,0.97
23,2,10.3795454545,0.966636363636,1.94
24,9,11.1915333333,4.86393333333,3.95733333333
25,10,15.8965882353,5.35405882353,-0.124705882353
26,16,12.1574736842,3.00352631579,-3.05789473684
27,16,7.49542105263,5.62089473684,-0.838947368421
28,12,12.808,9.67354166667,1.39291666667
29,10,13.9614117647,9.20041176471,-4.24588235294
30,13,7.25772727273,9.01977272727,-7.135
31,6,7.90442857143,12.8411428571,-3.90571428571
32,13,4.74745454545,13.0380909091,-7.40727272727
33,9,1.32286666667,14.2548,-2.48266666667
34,6,0.181714285714,9.47628571429,-2.83857142857
35,5,2.9022,7.3517,-3.835
36,18,0.4976,2.4758,-4.339
37,14,5.34282352941,0.456235294118,-2.35352941176
38,17,2.18825,-3.9745625,-1.86875
39,12,6.90870833333,-3.56495833333,2.86583333333
40,7,6.6805,-9.71857142857,1.54928571429
41,2,5.17618181818,-9.17209090909,5.56272727273
42,2,8.13818181818,-10.5276363636,8.53727272727
43,10,6.58352941176,-14.7609411765,8.82
44,17,4.6373125,-16.8511875,4.6225
45,6,1.14314285714,-14.7858571429,3.99571428571
46,14,0.0501176470588,-12.0381764706,7.33176470588
47,19,0.891571428571,-9.99771428571,1.74904761905
48,3,3.025,-4.46364285714,4.62428571429
49,17,-0.1534375,-1.801,1.821875
50,2,3.84445454545,0.845,2.47363636364
51,16,0.370368421053,4.94557894737,1.28263157895
52,18,4.6575,9.8699,0.9005
53,2,0.505454545455,10.5909090909,2.49181818182
54,13,1.78145454545,16.6902272727,2.07727272727
55,5,-1.1508,16.3556,5.649
56,17,-2.46375,20.506625,7.466875
57,7,-0.88,16.9035714286,11.3071428571
58,8,1.51266666667,15.0955,8.4575
59,13,6.84922727273,17.7895909091,10.5354545455
60,13,9.15513636364,18.8405454545,5.31090909091
61,6,5.15528571429,14.2307142857,4.97714285714
62,3,5.45307142857,10.4833571429,7.12285714286
63,17,6.4465,6.3581875,4.546875
64,13,1.415,6.63945454545,6.14727272727
65,11,4.09661111111,1.94122222222,7.59944444444
66,19,-1.82795238095,1.1949047619,6.28619047619
67,11,-0.138944444444,-5.8805,9.12111111111
68,17,-3.00025,-7.183875,4.848125
69,11,-5.26227777778,-6.83683333333,9.82833333333
70,3,-7.54885714286,-12.1899285714,8.16642857143
71,7,-12.655,-11.2375,8.18142857143
72,5,-14.1191,-14.4343,10.024
73,9,-15.362,-15.1171333333,5.66666666667
74,7,-10.4947857143,-16.6222857143,5.64214285714
75,13,-13.7005,-11.8983181818,3.605
76,16,-6.65689473684,-10.9532631579,2.95052631579
77,19,-9.41628571429,-6.47804761905,6.46095238095
78,16,-5.26363157895,-2.594,4.69210526316
79,5,-9.9847,-1.0833,6.696
80,9,-13.0054666667,-2.359,10.064
81,7,-14.5743571429,0.644714285714,7.46857142857
82,19,-14.1451428571,-0.273761904762,2.58333333333
83,1,-13.8200909091,-5.99709090909,2.34181818182
84,18,-10.47525,-5.6982,0.126
85,8,-10.5625833333,-11.6181666667,-2.22333333333
86,2,-7.04263636364,-11.1294545455,-3.08818181818
87,15,-2.78005263158,-9.13873684211,-1.41789473684
88,4,-3.61828571429,-8.64057142857,-5.84214285714
89,13,-9.0275,-8.93618181818,-6.42727272727
90,16,-6.84926315789,-4.02584210526,-1.26421052632
91,15,-4.00805263158,-2.21421052632,-4.20157894737
92,11,-6.64777777778,-3.93866666667,-9.01666666667
93,19,-12.6609047619,-1.24047619048,-4.7019047619
94,11,-8.2755,1.29716666667,-2.355
95,10,-5.85676470588,2.32435294118,-8.35117647059
96,11,-11.4362777778,2.48711111111,-9.97888888889
97,7,-13.0401428571,3.60671428571,-4.97428571429
98,2,-10.8558181818,6.17272727273,-1.60363636364
99,5,-10.946,3.0491,1.239
100,6,-10.8558571429,4.93742857143,4.45571428571
101,14,-7.42452941176,5.84770588235,7.50764705882
102,15,-6.06268421053,3.45884210526,3.75842105263
103,3,-4.33464285714,8.61985714286,1.39
104,12,-7.75416666667,9.19858333333,-3.67041666667
105,16,-3.67105263158,3.71884210526,-3.77631578947
106,12,-1.821,10.419,-7.73958333333
107,11,0.873666666667,7.31755555556,-9.69944444444
108,4,2.33771428571,2.71464285714,-9.16214285714
109,17,6.3349375,3.476625,-5.5625
110,2,8.691,-0.0856363636364,-6.97454545455
1,6,-5.41457142857,-30.118,-14.0014285714
2,2,-6.70690909091,-26.0937272727,-14.29
3,2,-3.02354545455,-24.8051818182,-11.5554545455
4,6,-4.66071428571,-21.3427142857,-10.2957142857
5,2,-1.91181818182,-19.4767272727,-12.7654545455
6,2,-2.24036363636,-16.0499090909,-9.29636363636
7,6,0.472857142857,-13.4702857143,-10.1342857143
8,16,1.23621052632,-9.99584210526,-6.01736842105
9,8,5.06658333333,-10.3383333333,-9.45666666667
10,8,2.11416666667,-8.79991666667,-12.7316666667
11,19,-0.41219047619,-6.02333333333,-9.83285714286
12,8,4.12733333333,-1.8675,-10.7991666667
13,20,0.968666666667,-2.41695833333,-6.58583333333
14,18,4.44185,-6.4322,-4.904
15,5,7.9507,-3.3324,-3.989
16,6,8.34171428571,-6.53528571429,-2.38
17,7,11.8958571429,-8.51757142857,-1.08214285714
18,15,10.7987368421,-3.36310526316,0.662105263158
19,2,13.7547272727,-2.81472727273,4.72727272727
20,12,13.7045416667,0.401958333333,9.50916666667
21,2,15.3604545455,1.98627272727,4.94545454545
22,10,15.3972352941,-0.414705882353,1.05411764706
23,2,10.3065454545,1.19372727273,2.24818181818
24,9,11.2324666667,5.162,4.07666666667
25,10,15.1950588235,5.39611764706,-0.763529411765
26,16,12.6056842105,2.78568421053,-2.97526315789
27,16,7.63768421053,5.37610526316,-0.731578947368
28,12,12.1257083333,10.431,0.26875
29,10,14.0812941176,7.95723529412,-5.63941176471
30,13,8.59522727273,7.08354545455,-8.17772727273
31,6,8.62328571429,11.8561428571,-6.41142857143
32,13,5.20881818182,10.5856818182,-9.32727272727
33,9,2.72913333333,13.9994666667,-4.648
34,6,0.567714285714,10.202,-2.99571428571
35,5,3.3966,7.7357,-3.528
36,18,0.5575,2.8844,-4.1585
37,14,5.33829411765,1.05941176471,-1.95058823529
38,17,2.6071875,-3.486875,-1.513125
39,12,6.90345833333,-4.87175,2.97625
40,7,5.93278571429,-10.234,1.05285714286
41,2,5.16127272727,-10.486,5.19818181818
42,2,8.26181818182,-13.0773636364,6.86272727273
43,10,4.20711764706,-14.0742941176,9.03529411765
44,17,3.2974375,-17.84325,3.999375
45,6,0.482714285714,-14.4127142857,3.43
46,14,-0.0612941176471,-12.0014705882,6.98823529412
47,19,1.0470952381,-9.57,1.54380952381
48,3,3.0595,-4.45285714286,4.79071428571
49,17,-0.1591875,-1.7558125,1.88375
50,2,3.994,0.873454545455,2.92181818182
51,16,0.464789473684,5.12147368421,1.50947368421
52,18,5.0519,9.66365,0.6375
53,2,1.05290909091,10.5526363636,2.77727272727
54,13,2.86840909091,16.3077727273,1.545
55,5,0.8201,16.5648,5.655
56,17,-0.154125,21.2051875,6.355
57,7,2.18157142857,19.6618571429,10.9385714286
58,8,4.03075,16.7165833333,8.17666666667
59,13,9.14045454545,20.2168636364,8.51454545455
60,13,11.8383181818,16.1191818182,4.89363636364
61,6,5.95628571429,14.495,4.39571428571
62,3,4.02171428571,11.0358571429,6.03071428571
63,17,5.9836875,6.7379375,5.10625
64,13,0.129181818182,7.408,6.47954545455
65,11,2.83072222222,0.835666666667,9.05222222222
66,19,-1.71147619048,1.33347619048,6.42238095238
67,11,-0.294611111111,-5.93327777778,8.84388888889
68,17,-3.1610625,-7.126375,4.74
69,11,-5.19016666667,-7.13661111111,9.87722222222
70,3,-6.93742857143,-12.5682857143,7.75142857143
71,7,-12.0298571429,-12.1555,8.36
72,5,-12.9296,-15.7835,10.114
73,9,-14.2598,-17.0016666667,5.94266666667
74,7,-8.60828571429,-16.8604285714,5.04357142857
75,13,-13.4222272727,-12.5709545455,3.71681818182
76,16,-6.767,-11.163,2.59473684211
77,19,-9.51180952381,-6.93528571429,6.45285714286
78,16,-5.67342105263,-2.55152631579,4.03
79,5,-10.3346,-1.3791,6.337
80,9,-12.3736666667,-3.28986666667,10.954
81,7,-15.117,-0.225428571429,8.39
82,19,-14.215,-1.08414285714,3.60047619048
83,1,-14.4541818182,-6.81681818182,2.97454545455
84,18,-11.4097,-6.1551,-0.374
85,8,-11.3905,-11.7763333333,-2.12666666667
86,2,-7.36772727273,-10.8248181818,-3.17636363636
87,15,-3.33721052632,-8.614,-1.18894736842
88,4,-4.04707142857,-7.92892857143,-5.60142857143
89,13,-9.67395454545,-8.89181818182,-5.95954545455
90,16,-7.78073684211,-3.65757894737,-1.02526315789
91,15,-4.67336842105,-2.10005263158,-4.01947368421
92,11,-8.13155555556,-2.54544444444,-9.44388888889
93,19,-12.3360952381,-1.57747619048,-5.99142857143
94,11,-8.03505555556,1.93416666667,-2.30555555556
95,10,-5.66576470588,2.27258823529,-8.37941176471
96,11,-9.93244444444,3.79544444444,-9.81222222222
97,7,-12.8643571429,4.9775,-6.00785714286
98,2,-10.5702727273,6.223,-1.59272727273
99,5,-11.6642,3.0555,1.08
100,6,-12.2762857143,4.76585714286,4.30857142857
101,14,-10.3253529412,7.28711764706,7.67
102,15,-6.99863157895,3.85468421053,3.51736842105
103,3,-4.22657142857,8.18471428571,1.53142857143
104,12,-7.98408333333,8.91716666667,-4.0025
105,16,-3.30010526316,4.38389473684,-3.12421052632
106,12,-1.977,10.9922083333,-4.97208333333
107,11,0.902722222222,7.99255555556,-9.49277777778
108,4,2.15192857143,3.34778571429,-8.75285714286
109,17,6.2255625,3.579375,-5.57
110,2,8.70190909091,0.0347272727273,-7.19
1,6,-2.78128571429,-19.9985714286,-26.0271428571
2,2,-3.47609090909,-19.0523636364,-22.3181818182
3,2,0.242181818182,-16.8342727273,-20.5945454545
4,6,-0.517142857143,-18.5142857143,-16.65
5,2,2.503,-16.0715454545,-15.2554545455
6,2,-0.146,-15.2862727273,-11.7236363636
7,6,1.65114285714,-12.5654285714,-9.40142857143
8,16,1.62121052632,-9.76421052632,-5.65631578947
9,8,6.41058333333,-9.51875,-8.5375
10,8,3.844,-8.62425,-12.2866666667
11,19,0.28419047619,-6.08366666667,-9.99333333333
12,8,3.99191666667,-1.292,-11.0891666667
13,20,0.823791666667,-2.755625,-6.73333333333
14,18,5.1497,-6.31965,-5.053
15,5,8.5994,-3.3862,-4.042
16,6,8.87842857143,-6.45885714286,-2.21571428571
17,7,12.7714285714,-7.9465,-1.22642857143
18,15,10.8304210526,-3.111,0.893684210526
19,2,14.6339090909,-2.36254545455,4.45090909091
20,12,12.0544166667,-0.0969166666667,9.84583333333
21,2,15.0475454545,2.46754545455,5.36363636364
22,10,14.9410588235,-0.0176470588235,0.818235294118
23,2,10.1204545455,1.39054545455,2.65090909091
24,9,10.6807333333,5.41766666667,3.956
25,10,15.1575882353,6.02458823529,0.0982352941176
26,16,12.2289473684,2.50457894737,-3.0
27,16,7.25521052632,5.34763157895,-1.07473684211
28,12,11.70425,9.80891666667,1.02583333333
29,10,14.3902352941,8.45882352941,-4.17764705882
30,13,8.992,6.31577272727,-7.78636363636
31,6,8.48257142857,11.4995714286,-6.32285714286
32,13,5.32509090909,8.59118181818,-8.845
33,9,2.37146666667,13.6486666667,-4.78466666667
34,6,0.363428571429,9.94257142857,-3.04571428571
35,5,3.0322,7.4167,-3.76
36,18,0.50615,2.6347,-4.2075
37,14,5.507,0.715764705882,-1.98823529412
38,17,2.45625,-3.7655,-1.7
39,12,7.0185,-5.39233333333,3.00458333333
40,7,7.41292857143,-9.48407142857,0.171428571429
41,2,5.60754545455,-9.45772727273,5.09454545455
42,2,6.86727272727,-12.5828181818,7.21363636364
43,10,8.10341176471,-17.1298235294,3.53941176471
44,17,3.9415,-16.6420625,7.59625
45,6,1.50042857143,-15.1422857143,3.90428571429
46,14,0.258352941176,-12.5519411765,7.15588235294
47,19,1.60785714286,-10.0817619048,2.03047619048
48,3,3.41871428571,-4.73878571429,4.86285714286
49,17,-0.3291875,-2.3364375,2.28
50,2,3.75036363636,0.381363636364,2.90454545455
51,16,0.602210526316,4.72889473684,1.58842105263
52,18,4.4113,9.4002,0.177
53,2,1.44181818182,10.6158181818,2.74181818182
54,13,4.18609090909,15.9394545455,1.80545454545
55,5,0.5429,17.6151,4.216
56,17,-0.4980625,21.5875,2.155625
57,7,0.155357142857,22.1272142857,7.03285714286
58,8,3.45575,18.6288333333,7.44583333333
59,13,9.65190909091,20.4708636364,5.61
60,13,10.3966363636,15.6406818182,4.38272727273
61,6,6.34157142857,13.8161428571,4.35571428571
62,3,4.55721428571,10.8381428571,7.32714285714
63,17,6.1739375,6.5670625,5.0625
64,13,0.914181818182,7.11945454545,7.02181818182
65,11,2.77522222222,1.03227777778,9.31444444444
66,19,-1.60328571429,1.3109047619,6.16761904762
67,11,0.0217222222222,-6.13805555556,8.985
68,17,-2.4681875,-7.5700625,5.304375
69,11,-5.53027777778,-6.18394444444,8.85277777778
70,3,-6.42421428571,-12.3734285714,7.96714285714
71,7,-11.7402857143,-11.8387857143,8.43857142857
72,5,-12.7713,-15.4671,9.743
73,9,-14.2973333333,-16.1262666667,5.49333333333
74,7,-8.27978571429,-16.119,4.86142857143
75,13,-13.1915909091,-12.0278636364,3.68454545455
76,16,-6.573,-10.4180526316,2.46473684211
77,19,-10.1504761905,-6.27295238095,6.5480952381
78,16,-5.79536842105,-2.52784210526,4.59473684211
79,5,-10.6102,-0.6996,5.88
80,9,-13.8461333333,-1.63613333333,9.03
81,7,-15.5026428571,0.8595,6.31
82,19,-14.506952381,-0.508428571429,1.68952380952
83,1,-14.4165454545,-6.46463636364,2.44727272727
84,18,-11.50625,-6.0862,-1.166
85,8,-10.68975,-12.2346666667,-1.26166666667
86,2,-7.46118181818,-10.4732727273,-3.24090909091
87,15,-2.72510526316,-8.44989473684,-1.92789473684
88,4,-4.17507142857,-7.92385714286,-6.21428571429
89,13,-9.62481818182,-8.36222727273,-5.98090909091
90,16,-7.77557894737,-3.91563157895,-0.900526315789
91,15,-4.39352631579,-1.98568421053,-3.48157894737
92,11,-6.78611111111,-3.25855555556,-8.61833333333
93,19,-12.9027142857,-0.386904761905,-5.06619047619
94,11,-8.11283333333,1.85894444444,-1.98833333333
95,10,-6.45105882353,2.30711764706,-8.15588235294
96,11,-11.2583333333,4.14327777778,-9.635
97,7,-12.7796428571,4.84821428571,-4.635
98,2,-9.997,5.41445454545,-0.631818181818
99,5,-11.7565,2.5166,1.775
100,6,-11.2951428571,4.37928571429,4.78571428571
101,14,-9.19605882353,6.37976470588,8.94705882353
102,15,-6.68636842105,4.03668421053,4.06157894737
103,3,-3.859,8.24014285714,1.84714285714
104,12,-8.75645833333,9.04341666667,-2.13166666667
105,16,-3.54189473684,4.12489473684,-3.10578947368
106,12,-1.89983333333,11.11825,-6.825
107,11,0.558,7.78266666667,-9.54833333333
108,4,1.74221428571,3.04478571429,-9.04214285714
109,17,5.86825,3.2609375,-5.7675
110,2,8.49345454545,-0.159454545455,-7.22454545455
1,6,0.102,-18.0262857143,-19.3685714286
2,2,-0.427636363636,-19.0243636364,-15.4781818182
3,2,-4.06027272727,-20.2496363636,-13.6590909091
4,6,-3.016,-18.3454285714,-10.2042857143
5,2,-3.83390909091,-16.6830909091,-6.66363636364
6,2,0.404727272727,-17.1183636364,-5.37272727273
7,6,1.84228571429,-13.6285714286,-7.14
8,16,1.47663157895,-10.0097368421,-5.14105263158
9,8,5.98066666667,-10.9755833333,-9.365
10,8,3.49583333333,-8.9135,-12.7866666667
11,19,0.513904761905,-6.95252380952,-9.67857142857
12,8,4.4085,-2.09666666667,-11.0891666667
13,20,0.806833333333,-2.91758333333,-7.10166666667
14,18,5.20345,-6.61995,-5.1265
15,5,8.1374,-3.6832,-3.515
16,6,8.85757142857,-6.37728571429,-1.60142857143
17,7,13.0307857143,-8.47978571429,-0.979285714286
18,15,11.0715789474,-3.59463157895,0.622631578947
19,2,13.8524545455,-2.65109090909,4.81363636364
20,12,12.655875,0.2605,9.75
21,2,15.0436363636,1.841,5.41090909091
22,10,15.2431176471,0.436470588235,1.46235294118
23,2,10.0531818182,0.983909090909,2.29636363636
24,9,10.7399333333,4.71626666667,4.26666666667
25,10,15.0034117647,5.77617647059,1.23
26,16,12.5699473684,2.66157894737,-2.63894736842
27,16,7.42578947368,5.45242105263,-1.07368421053
28,12,12.4829166667,9.89979166667,0.724583333333
29,10,13.0107647059,8.36252941176,-6.33588235294
30,13,7.16604545455,8.441,-7.985
31,6,8.19971428571,12.748,-5.58428571429
32,13,4.11322727273,12.0972727273,-7.985
33,9,2.8576,14.2943333333,-1.966
34,6,0.915,9.61942857143,-2.99571428571
35,5,3.5033,7.4042,-4.067
36,18,0.6895,2.63865,-4.429
37,14,5.36411764706,0.426529411765,-2.12117647059
38,17,2.555375,-3.8443125,-1.84375
39,12,7.05841666667,-3.984625,3.47791666667
40,7,6.34685714286,-9.31578571429,1.73571428571
41,2,5.91645454545,-9.13863636364,6.82545454545
42,2,9.72972727273,-10.0031818182,8.37090909091
43,10,8.97488235294,-11.798,13.2270588235
44,17,4.32725,-12.545875,10.12
45,6,3.37271428571,-14.7185714286,7.21285714286
46,14,0.479823529412,-11.7589411765,7.64705882353
47,19,1.69014285714,-9.87961904762,1.77380952381
48,3,3.22292857143,-4.57578571429,4.82642857143
49,17,-0.1130625,-2.203,1.57375
50,2,3.65081818182,0.810454545455,2.55545454545
51,16,0.711210526316,5.005,1.11157894737
52,18,4.9948,9.83145,0.616
53,2,1.31236363636,10.3542727273,2.84090909091
54,13,2.76436363636,16.3392727273,3.375
55,5,0.0043,16.1559,6.661
56,17,-0.8795625,20.3925,8.643125
57,7,1.49857142857,17.9599285714,12.2378571429
58,8,2.79791666667,14.77525,8.6725
59,13,9.25809090909,17.2986363636,9.78681818182
60,13,10.4054090909,14.7826818182,6.34454545455
61,6,5.83257142857,13.7395714286,4.89571428571
62,3,4.86635714286,10.4139285714,7.77285714286
63,17,6.066,6.4341875,4.944375
64,13,0.967636363636,6.88095454545,6.78272727273
65,11,3.16011111111,1.25822222222,8.92611111111
66,19,-1.83861904762,1.2829047619,5.84428571429
67,11,1.02327777778,-4.42755555556,8.97388888889
68,17,-2.5815625,-7.0790625,4.55375
69,11,-4.36027777778,-7.50272222222,9.50888888889
70,3,-7.02507142857,-12.5299285714,7.535
71,7,-11.9062142857,-11.8970714286,8.11357142857
72,5,-13.22,-15.0824,10.217
73,9,-14.9885333333,-14.8278666667,6.11
74,7,-10.3542142857,-17.0013571429,5.38642857143
75,13,-13.1421363636,-12.1854090909,3.07727272727
76,16,-6.57584210526,-10.5821578947,2.40473684211
77,19,-8.8510952381,-6.70461904762,6.82047619048
78,16,-4.92810526316,-2.63105263158,3.85052631579
79,5,-9.3772,-0.8543,6.202
80,9,-10.1026,-1.31646666667,10.8513333333
81,7,-15.0840714286,-2.27735714286,10.3135714286
82,19,-14.1807142857,-1.36333333333,5.10857142857
83,1,-14.1995454545,-6.768,3.42
84,18,-11.1058,-5.52415,0.544
85,8,-12.0111666667,-10.0804166667,-3.1875
86,2,-7.54281818182,-10.2368181818,-3.16727272727
87,15,-3.14173684211,-8.34926315789,-1.71368421053
88,4,-4.43607142857,-8.09814285714,-6.03
89,13,-9.33904545455,-8.45322727273,-7.10318181818
90,16,-7.56726315789,-3.46726315789,-1.48157894737
91,15,-4.42652631579,-2.17342105263,-4.56526315789
92,11,-8.19366666667,-2.4365,-9.76777777778
93,19,-12.4366666667,-1.909,-6.19952380952
94,11,-8.23761111111,1.77516666667,-2.64833333333
95,10,-5.92035294118,2.28058823529,-8.65176470588
96,11,-10.7761111111,3.77294444444,-9.98833333333
97,7,-13.2461428571,4.65478571429,-5.61642857143
98,2,-10.7548181818,6.15227272727,-1.46
99,5,-12.1731,2.7825,0.952
100,6,-12.9454285714,4.17257142857,4.34857142857
101,14,-9.30782352941,6.72582352941,7.14294117647
102,15,-6.95,3.65715789474,2.77263157895
103,3,-3.86085714286,7.74071428571,1.03
104,12,-7.44375,10.6054583333,-2.86708333333
105,16,-3.30242105263,4.12526315789,-3.78052631579
106,12,-2.30066666667,10.7855416667,-6.88125
107,11,1.49061111111,7.54905555556,-9.81666666667
108,4,2.39835714286,2.76892857143,-9.31214285714
109,17,6.251375,2.9634375,-5.644375
110,2,8.79763636364,-0.556,-6.75909090909
