85,12,1.99781818182,1.14818181818,-11.87
86,15,-2.907125,0.520875,-14.3725
87,15,-2.554875,5.18,-13.00375
88,17,-6.93085714286,5.526,-12.4642857143
89,17,-8.75557142857,9.60914285714,-12.4314285714
90,5,-11.59,10.5666,-10.284
91,16,-14.414875,11.144875,-13.10875
92,19,-17.8759166667,11.56,-11.325
93,8,-17.1145,13.179,-5.42625
94,19,-17.8379166667,6.54108333333,-3.66833333333
95,9,-18.4014444444,8.75022222222,0.688888888889
96,5,-18.2784,4.8258,1.342
97,15,-21.733125,2.37075,1.06125
98,11,-20.3527,-1.0186,0.811
99,11,-17.8561,-3.6658,4.806
100,9,-13.5551111111,-4.40444444444,1.84777777778
101,8,-15.776875,0.755125,-0.0525
102,16,-11.962625,3.1315,-1.31125
103,2,-13.4261666667,7.10133333333,-0.115
104,18,-13.2167272727,8.29145454545,-4.66454545455
105,10,-12.8244444444,14.0616666667,-3.40777777778
106,13,-13.4238888889,15.5398888889,-9.04888888889
107,6,-8.85525,13.61875,-8.77
108,8,-8.37575,11.370375,-6.02625
109,10,-4.43766666667,9.82177777778,-9.04444444444
110,14,-6.55175,5.1535,-7.76
111,17,-3.018,1.70285714286,-8.43
112,17,-5.54714285714,-0.895714285714,-10.9442857143
113,16,-4.632,-3.769125,-7.47
114,9,-8.14777777778,-7.01533333333,-8.66555555556
115,9,-9.64633333333,-5.45955555556,-13.8777777778
116,2,-13.7518333333,-7.26683333333,-10.515
117,6,-15.7255,-5.2075,-13.125
118,9,-19.7385555556,-3.40944444444,-11.9088888889
119,20,-17.4587142857,-2.323,-7.09214285714
120,20,-11.7586428571,-1.80471428571,-11.5628571429
121,13,-8.41388888889,-4.26011111111,-5.08111111111
122,5,-7.6108,0.0704,-5.502
123,12,-2.50227272727,1.05809090909,-3.88818181818
124,2,-5.212,5.52133333333,-2.92833333333
125,16,-2.10775,7.63725,-4.73875
126,5,-4.1962,10.0604,-1.11
127,3,-5.28042857143,7.45057142857,1.36285714286
128,12,-0.843454545455,4.86009090909,-0.212727272727
129,13,-6.76555555556,3.77355555556,2.26
130,9,-5.07244444444,-1.61255555556,-0.446666666667
131,6,-9.7845,-1.2165,-2.225
132,19,-12.8413333333,-3.69575,-3.6525
133,15,-13.0575,1.32375,-6.99625
134,4,-16.4312857143,2.41242857143,-8.64571428571
135,2,-15.278,0.953166666667,-12.8383333333
136,7,-18.498375,3.386625,-13.21125
137,19,-17.9091666667,6.762,-10.1058333333
138,17,-12.5067142857,5.69542857143,-12.8585714286
139,5,-10.2878,6.6762,-15.986
140,12,-6.47563636364,3.796,-18.5036363636
141,17,-4.29642857143,8.96028571429,-16.6285714286
142,8,-4.193375,12.3875,-19.33
143,2,-8.20416666667,10.1131666667,-21.1333333333
144,16,-10.5265,12.398625,-24.0325
145,9,-12.897,9.33933333333,-20.3722222222
146,3,-10.408,13.1494285714,-18.0785714286
147,9,-10.8694444444,16.3402222222,-20.4788888889
148,9,-14.9942222222,18.3545555556,-17.6022222222
149,20,-13.7475714286,18.5746428571,-23.5007142857
150,18,-15.1074545455,13.1059090909,-24.3909090909
151,18,-19.7535454545,13.5258181818,-22.7254545455
152,13,-17.2566666667,6.86244444444,-23.7422222222
153,6,-20.96625,6.4675,-25.4475
154,15,-23.20425,9.263625,-25.895
155,2,-26.0003333333,9.0895,-28.7466666667
156,12,-27.7785454545,12.3191818182,-33.1072727273
157,13,-31.501,11.9022222222,-29.4177777778
158,8,-28.4385,10.406625,-25.6875
159,5,-26.5086,14.5462,-26.772
160,9,-30.823,16.0815555556,-28.5755555556
161,12,-32.3823636364,12.8137272727,-25.0418181818
162,10,-27.1977777778,15.017,-21.5244444444
163,16,-27.11525,19.565,-24.3525
164,16,-32.068125,20.077125,-24.49625
165,5,-31.182,19.709,-19.94
166,4,-32.107,21.0031428571,-16.9671428571
167,6,-28.36025,23.71925,-16.74
168,7,-27.424875,23.297375,-19.82125
169,14,-26.25775,27.827,-21.315
170,16,-27.027125,29.542,-25.4175
171,6,-23.06975,26.918,-25.805
172,2,-23.8176666667,24.3508333333,-24.035
173,18,-19.2897272727,22.3201818182,-25.1772727273
174,14,-20.907625,17.41675,-25.90375
175,15,-16.399375,16.406625,-27.6
176,12,-20.5111818182,12.9634545455,-29.7936363636
177,8,-17.422125,8.737,-29.5375
178,2,-18.8836666667,9.50983333333,-34.0983333333
179,9,-23.6367777778,7.17622222222,-33.69
180,3,-21.7551428571,7.63514285714,-37.82
181,3,-17.6435714286,8.44885714286,-38.2514285714
182,13,-17.5084444444,4.59011111111,-35.0822222222
183,6,-13.1845,6.53925,-34.385
184,2,-14.1951666667,9.448,-34.9266666667
185,19,-13.4719166667,11.7430833333,-31.6683333333
186,2,-18.6205,14.5248333333,-32.855
187,16,-19.092625,19.293,-31.52
188,2,-22.6681666667,18.5815,-29.7216666667
189,17,-23.5058571429,22.8951428571,-29.9657142857
190,12,-28.2733636364,24.4075454545,-25.7054545455
191,8,-28.57675,26.926375,-31.0075
192,19,-33.1239166667,29.9535833333,-29.1275
193,8,-34.462875,28.7225,-33.72625
194,4,-36.568,31.6108571429,-33.39
195,12,-37.152,27.7648181818,-36.6863636364
196,10,-37.8192222222,24.9675555556,-33.3677777778
197,6,-35.768,27.17625,-29.9525
198,8,-33.440625,25.578375,-27.15125
199,3,-31.7431428571,23.3497142857,-30.7714285714
200,17,-28.7544285714,20.2611428571,-30.4971428571
201,13,-27.2032222222,22.5682222222,-34.3133333333
202,11,-25.2001,17.6179,-33.969
203,19,-21.2151666667,21.2379166667,-35.8291666667
204,13,-18.9075555556,15.0312222222,-38.3588888889
205,15,-14.366375,16.555625,-35.715
206,12,-13.2655454545,15.2855454545,-40.5781818182
212,6,-5.4985,15.646,-36.3775
213,18,-8.25209090909,16.2531818182,-34.6218181818
214,19,-10.6305,19.5090833333,-40.3041666667
215,15,-14.56175,21.453875,-38.41625
216,2,-12.7608333333,24.2455,-41.44
217,4,-10.0851428571,23.7162857143,-43.7385714286
218,12,-11.4458181818,28.4914545455,-42.1536363636
219,2,-9.21666666667,26.0256666667,-38.675
220,3,-5.518,23.6798571429,-37.9885714286
221,18,-7.23045454545,23.1975454545,-34.3736363636
222,2,-2.9615,19.4646666667,-32.5016666667
223,3,-5.32642857143,18.6838571429,-29.9114285714
224,16,-9.668375,18.027125,-29.0725
225,10,-8.60211111111,21.9394444444,-25.0311111111
226,9,-5.94988888889,23.9618888889,-29.8055555556
227,16,-10.706,22.469625,-31.27625
228,17,-12.3518571429,23.8071428571,-27.4885714286
229,8,-9.757375,26.853,-26.40375
230,11,-10.8258,28.897,-32.218
231,19,-14.4629166667,26.7939166667,-32.6941666667
232,13,-14.5523333333,28.8477777778,-25.74
233,13,-11.662,32.7674444444,-29.09
234,6,-16.00225,32.578,-31.3275
235,7,-19.031625,32.00925,-34.12
236,8,-14.792875,29.998,-36.95625
237,6,-19.20775,29.0875,-38.15
238,16,-20.054125,27.36425,-35.15625
239,1,-24.4808333333,28.183,-34.3166666667
240,10,-23.7228888889,30.0794444444,-30.7477777778
241,13,-19.1552222222,31.4341111111,-28.0655555556
242,16,-18.015,27.043625,-27.4075
243,2,-19.7486666667,27.9721666667,-23.045
244,17,-20.1275714286,25.4578571429,-20.5642857143
245,4,-18.9918571429,22.1008571429,-20.6285714286
246,1,-22.6163333333,19.1843333333,-20.61
247,14,-24.2315,20.053,-16.75625
248,2,-22.5745,15.8901666667,-15.5333333333
249,2,-24.4781666667,13.4006666667,-13.0866666667
250,13,-22.3574444444,11.799,-9.41888888889
251,4,-22.998,7.71942857143,-12.0714285714
252,10,-26.813,3.99211111111,-10.2055555556
253,13,-24.2474444444,4.13211111111,-6.72222222222
254,4,-22.2577142857,0.112571428571,-8.39571428571
255,20,-26.4189285714,-4.06671428571,-5.66857142857
256,9,-23.1263333333,-5.34155555556,-2.63
257,13,-18.7792222222,-8.22633333333,-5.40111111111
258,8,-20.573375,-11.234625,-4.62375
259,5,-25.3796,-9.567,-4.162
260,20,-29.0161428571,-11.9127142857,-8.295
261,9,-28.6874444444,-14.9632222222,-3.92444444444
262,15,-30.196125,-10.67975,-0.70875
263,4,-30.5688571429,-11.5098571429,3.01714285714
264,12,-36.5791818182,-11.4686363636,3.28272727273
265,9,-32.4342222222,-10.2297777778,6.91666666667
266,2,-31.0876666667,-6.6565,3.76333333333
267,16,-34.45525,-5.546625,2.72875
268,13,-35.4418888889,-1.65522222222,6.39555555556
269,16,-40.04525,-3.17925,2.85875
270,9,-39.3642222222,2.27666666667,4.14666666667
271,13,-44.2454444444,3.62788888889,1.53111111111
272,13,-47.9543333333,-0.545888888889,0.165555555556
273,16,-45.436375,2.1055,-3.88375
274,6,-48.3595,-1.23925,-4.765
275,5,-51.0128,-3.6744,-5.302
276,6,-52.1135,-6.9555,-6.66
277,10,-54.0903333333,-10.965,-9.14333333333
278,18,-50.1472727273,-11.7917272727,-9.72090909091
279,6,-48.49075,-8.3555,-5.575
280,9,-47.2386666667,-6.14744444444,-2.38666666667
281,17,-44.5031428571,-2.55342857143,-5.36
282,20,-43.833,-2.54185714286,0.107857142857
283,14,-39.83975,2.242125,-0.74125
284,5,-36.7404,0.1346,0.078
285,3,-33.6204285714,0.365571428571,2.42142857143
286,19,-29.0098333333,-3.69091666667,0.545
287,7,-28.031375,-2.822125,4.25
288,13,-27.7333333333,2.38677777778,5.72222222222
289,11,-26.453,2.2782,1.74
290,3,-29.2412857143,1.598,-0.968571428571
291,13,-34.0503333333,4.505,-2.23555555556
292,17,-34.4972857143,-0.226142857143,-3.24714285714
293,5,-37.6562,-1.4098,-5.292
294,17,-39.3318571429,-4.60085714286,-3.41571428571
295,13,-42.4317777778,-7.04411111111,-7.49444444444
296,3,-43.7548571429,-8.859,-3.24571428571
297,14,-43.686375,-12.15075,-6.33375
298,13,-48.0565555556,-12.7352222222,-3.48111111111
299,4,-47.1244285714,-17.5218571429,-3.15142857143
300,6,-47.12475,-20.3755,-6.575
301,2,-47.349,-22.5688333333,-9.67333333333
302,14,-45.72225,-19.5195,-10.7325
303,2,-41.4236666667,-20.8086666667,-10.9733333333
304,17,-41.4448571429,-22.7207142857,-6.88714285714
305,9,-37.4534444444,-25.0502222222,-7.02888888889
306,5,-37.6636,-21.9952,-11.616
307,18,-38.3650909091,-16.6796363636,-10.4963636364
308,16,-33.13875,-18.010625,-9.84125
309,5,-33.7076,-19.406,-13.826
310,9,-36.8304444444,-16.8496666667,-16.38
311,5,-34.2954,-14.412,-13.38
312,7,-30.1005,-15.5755,-13.885
313,17,-32.0467142857,-14.5892857143,-18.2985714286
314,14,-34.172625,-11.34575,-17.0775
315,13,-29.0292222222,-9.46466666667,-14.26
316,3,-28.2118571429,-11.1335714286,-18.9842857143
317,16,-31.402125,-9.027,-20.82875
318,10,-28.2187777778,-5.20066666667,-18.1044444444
319,11,-30.8624,-1.1191,-22.313
320,8,-30.13,2.99775,-20.0975
321,13,-33.8834444444,2.97855555556,-21.6655555556
322,16,-34.637125,-1.980875,-19.50125
323,17,-35.8914285714,-1.98414285714,-14.8342857143
324,13,-30.655,-2.42288888889,-13.0477777778
325,16,-32.991625,-6.590125,-12.0925
326,11,-30.0489,-4.0763,-8.443
327,5,-31.6058,-8.5092,-6.218
328,17,-33.0721428571,-12.1687142857,-5.46571428571
329,17,-35.2114285714,-13.0631428571,-1.85857142857
330,3,-34.3457142857,-17.3618571429,-2.58714285714
331,13,-36.6434444444,-17.9875555556,1.71555555556
332,9,-41.752,-18.7648888889,-1.13222222222
333,4,-42.0617142857,-14.709,-0.19
334,15,-39.668875,-14.47225,-4.3125
335,19,-39.26175,-10.208,-1.32
336,15,-37.656,-8.85525,-7.20875
337,15,-34.2645,-6.0495,-5.4525
338,3,-35.5842857143,-2.93357142857,-8.57857142857
339,9,-33.7893333333,0.76,-10.7677777778
340,18,-37.0443636364,4.37209090909,-6.48181818182
341,14,-37.84725,4.671625,-11.1275
342,5,-38.9314,8.554,-8.58
343,13,-41.2741111111,11.1726666667,-11.1666666667
344,6,-43.14775,6.28125,-11.33
345,2,-45.9731666667,5.241,-13.4716666667
346,16,-45.76025,7.03925,-17.965
347,16,-50.55,5.882,-16.17875
348,8,-49.6155,7.366375,-12.39
349,18,-45.6034545455,11.7769090909,-15.1118181818
350,16,-48.971875,11.23025,-18.24875
351,13,-53.1618888889,10.49,-15.0133333333
352,2,-49.7068333333,14.4943333333,-13.0066666667
353,8,-50.313375,18.67875,-12.2225
354,9,-44.7975555556,17.368,-13.5955555556
355,6,-47.50975,15.97875,-16.825
356,2,-50.2318333333,17.8526666667,-17.69
357,13,-46.9913333333,21.4485555556,-16.7577777778
358,10,-44.6254444444,17.6188888889,-19.8477777778
359,4,-44.6878571429,19.2357142857,-23.8314285714
360,16,-46.115625,16.73725,-28.205
361,4,-42.0972857143,17.4944285714,-28.1314285714
362,13,-40.4885555556,15.9242222222,-23.1211111111
363,16,-44.975,13.18975,-24.9625
364,15,-42.42825,12.09475,-29.22375
365,8,-38.25025,11.92325,-25.9525
366,18,-41.3687272727,10.4013636364,-22.6609090909
367,2,-41.9981666667,7.22416666667,-27.2333333333
368,5,-38.128,6.9812,-28.236
369,10,-36.8936666667,6.89588888889,-24.0644444444
370,15,-40.512125,3.0805,-24.71
371,5,-38.5534,2.2026,-28.622
372,9,-33.8777777778,2.82633333333,-27.0955555556
373,6,-36.053,-0.9315,-25.6075
374,14,-39.181125,-2.739125,-27.0975
375,5,-35.2716,-2.5212,-29.888
376,18,-32.0660909091,-4.87009090909,-26.1672727273
377,15,-36.607625,-6.83425,-26.17625
378,9,-36.7505555556,-6.45544444444,-31.8566666667
379,10,-31.3755555556,-7.47888888889,-31.6622222222
380,12,-30.7884545455,-9.71918181818,-26.9572727273
381,7,-34.973625,-12.468625,-30.90875
382,19,-35.7379166667,-12.8210833333,-25.7816666667
383,15,-41.434375,-11.171875,-26.0025
384,11,-42.8728,-6.799,-22.163
385,12,-46.4754545455,-12.0527272727,-23.2881818182
386,8,-47.963875,-6.174375,-20.74
387,16,-46.26875,-2.74725,-23.9125
388,12,-49.6078181818,-1.87354545455,-19.4109090909
389,5,-48.104,3.0556,-19.04
390,5,-48.3394,0.7508,-16.218
391,7,-45.736375,-1.736125,-17.35875
392,15,-43.4355,2.56325,-18.54875
393,16,-41.13825,3.101375,-14.5375
394,17,-40.4605714286,7.93528571429,-14.7314285714
395,2,-36.7466666667,9.11133333333,-13.7566666667
396,5,-36.0908,12.1658,-11.82
397,2,-34.2645,12.5463333333,-14.965
398,16,-38.144,12.984125,-16.90375
399,17,-35.6731428571,8.55471428571,-17.9628571429
400,1,-38.5518333333,6.27266666667,-19.8333333333
401,13,-36.2826666667,2.90266666667,-17.4422222222
402,15,-39.191875,-1.18075,-19.97
403,5,-41.5268,-2.8304,-16.784
404,8,-42.202625,-6.073375,-15.35
405,18,-38.4768181818,-8.12590909091,-19.6781818182
406,6,-40.1795,-11.46425,-17.9375
407,16,-43.534,-11.041625,-15.32
408,5,-45.562,-13.0294,-18.464
409,12,-43.4032,-16.071,-18.53
410,17,-43.4301428571,-16.2028571429,-14.6285714286
411,15,-47.6766,-16.1966,-15.27
425,4,-56.0641428571,-7.36971428571,-19.6642857143
426,15,-57.573125,-7.282625,-23.59375
427,13,-58.4868888889,-2.14311111111,-23.9188888889
428,20,-53.4506428571,-1.58685714286,-23.2192857143
429,3,-53.9231428571,-7.11028571429,-26.6557142857
430,5,-53.4086,-8.0546,-30.226
431,4,-55.8492857143,-9.30771428571,-32.4014285714
432,9,-52.4848888889,-11.7095555556,-32.9955555556
433,5,-53.419,-12.9242,-28.766
434,15,-57.21725,-11.727125,-27.93
435,7,-58.0155,-14.695375,-30.73375
436,18,-55.3427272727,-17.7425454545,-33.0972727273
437,6,-52.20675,-16.74425,-28.3775
438,2,-50.1101666667,-15.4105,-30.7816666667
439,18,-48.4143636364,-13.5379090909,-27.1263636364
440,3,-45.036,-11.9014285714,-31.5857142857
441,15,-41.963125,-8.529625,-31.41
442,13,-44.5654444444,-7.58111111111,-34.87
443,2,-47.721,-8.17466666667,-30.1883333333
444,8,-45.271125,-6.054125,-28.2825
445,17,-45.8652857143,-3.25471428571,-32.4042857143
446,20,-52.2782142857,-3.59728571429,-31.8435714286
447,2,-49.0636666667,-2.608,-27.6033333333
448,18,-45.2745454545,1.56727272727,-29.0563636364
449,6,-49.7245,2.155,-30.2825
450,15,-52.346625,1.23525,-27.8
451,16,-48.144,3.213125,-25.14625
452,16,-48.093625,6.254,-28.9925
453,14,-53.26625,7.0845,-28.285
454,9,-51.7511111111,5.43611111111,-22.9555555556
455,15,-48.28225,8.947125,-24.3325
456,17,-50.9635714286,11.743,-27.01
457,3,-54.2854285714,10.8531428571,-24.3628571429
458,19,-51.37325,13.9395,-21.4225
459,6,-53.84575,8.21075,-19.9025
460,12,-57.7782727273,8.24809090909,-23.5772727273
461,15,-58.95075,4.818,-20.93625
462,4,-57.7781428571,2.63471428571,-24.11
463,19,-60.3113333333,1.34225,-27.4075
464,4,-63.1308571429,5.858,-24.5714285714
465,6,-66.76125,4.0715,-23.32
466,14,-65.53025,1.040875,-25.93875
467,2,-66.3955,-2.42433333333,-23.3266666667
468,7,-63.322375,-5.096125,-22.9825
469,4,-66.7388571429,-6.76314285714,-25.1642857143
470,9,-68.459,-2.80855555556,-26.3822222222
471,17,-63.413,-3.39885714286,-28.6514285714
472,15,-63.12825,-7.76775,-29.3325
473,12,-68.073,-7.12790909091,-30.7254545455
474,5,-64.3926,-3.7038,-33.832
475,16,-60.58575,-5.0135,-33.5775
476,9,-62.6874444444,-8.63422222222,-36.8
477,12,-66.1616363636,-3.20881818182,-37.4272727273
478,6,-61.8055,-1.984,-38.4275
479,19,-62.9074166667,1.51625,-34.3483333333
480,12,-58.3406363636,0.267454545455,-36.0036363636
481,14,-58.244875,4.547375,-31.32125
482,4,-59.6501428571,8.139,-33.0471428571
483,12,-56.2119090909,13.0109090909,-35.2890909091
484,4,-56.3882857143,13.294,-31.3
485,9,-57.9997777778,18.2961111111,-31.3977777778
486,7,-53.46225,16.6025,-29.23125
487,1,-52.1306666667,14.1215,-32.7283333333
488,4,-49.4027142857,14.4197142857,-34.6457142857
489,9,-50.9604444444,14.679,-38.8955555556
490,9,-47.2842222222,13.0922222222,-39.1888888889
491,16,-47.81,10.150375,-34.3025
492,19,-53.6455833333,8.05283333333,-36.3641666667
493,7,-49.362,7.321625,-40.02875
494,15,-46.68125,5.595375,-36.46
495,14,-50.638125,4.954,-33.875
496,14,-52.936125,2.98975,-38.105
497,12,-46.8742727273,1.50190909091,-40.2663636364
498,1,-48.8053333333,-0.5805,-35.145
499,20,-53.2351428571,0.5485,-34.0864285714
500,13,-51.7911111111,-2.77188888889,-40.1488888889
501,7,-55.215375,-6.682,-39.31625
502,12,-51.7420909091,-9.31827272727,-42.9836363636
503,4,-48.7451428571,-9.22042857143,-38.0114285714
504,9,-46.98,-10.0008888889,-41.28
505,9,-46.6591111111,-5.70044444444,-43.4211111111
506,12,-47.9094545455,-5.22236363636,-37.1118181818
507,4,-43.6101428571,-1.77157142857,-37.85
508,3,-39.3854285714,-2.59142857143,-36.7514285714
509,18,-40.0587272727,-1.99554545455,-31.7645454545
510,9,-34.554,-1.02422222222,-36.1
511,19,-39.1418333333,2.61666666667,-39.1425
512,15,-40.797,2.639625,-34.34625
513,10,-35.6386666667,4.049,-32.1688888889
514,2,-35.8048333333,5.89533333333,-36.2566666667
515,17,-39.2788571429,7.61185714286,-36.9642857143
516,16,-40.060125,8.466,-32.7425
517,8,-35.096875,9.42175,-32.26125
518,8,-34.806875,11.891625,-36.07625
519,18,-41.3552727273,13.3143636364,-35.5454545455
520,19,-40.1324166667,17.3623333333,-34.2308333333
521,3,-34.8508571429,16.0978571429,-37.6771428571
522,5,-34.314,16.2652,-41.436
523,3,-32.1275714286,13.1238571429,-42.9528571429
524,9,-29.6956666667,17.5563333333,-44.9322222222
525,2,-30.7218333333,18.4401666667,-40.8916666667
526,10,-28.9392222222,14.273,-39.0211111111
528,9,-24.7532222222,21.4195555556,-39.6144444444
529,9,-23.126,21.4951111111,-44.8766666667
530,15,-18.796375,23.990375,-42.455
531,4,-17.23875,25.717625,-45.7475
85,12,-75.7584545455,2.97318181818,-71.6581818182
86,15,-71.0045,2.560625,-69.41125
87,15,-71.316375,7.034125,-70.94375
88,17,-66.8905714286,7.38271428571,-71.2142857143
89,17,-64.9575714286,11.403,-70.9514285714
90,5,-62.0202,12.2216,-73.112
91,16,-59.225875,12.663375,-70.0725
92,19,-55.8548333333,13.1703333333,-71.8008333333
93,8,-56.575125,14.67875,-77.67125
94,19,-55.884,8.23758333333,-79.7466666667
95,9,-54.1133333333,10.6738888889,-83.7255555556
96,5,-55.4616,6.5302,-84.98
97,15,-51.846,4.35975,-84.68625
98,11,-53.292,0.8428,-84.306
99,11,-56.5145,-0.7462,-89.608
100,9,-59.9796666667,-2.495,-85.3255555556
101,8,-57.94625,2.670625,-83.5375
102,16,-61.785125,5.148,-82.4825
103,2,-60.0408333333,9.01366666667,-83.5866666667
104,18,-60.3817272727,10.3172727273,-78.9963636364
105,10,-61.0471111111,15.6467777778,-80.0377777778
106,13,-60.0994444444,17.2707777778,-74.0711111111
107,6,-64.71325,15.579,-74.395
108,8,-65.1805,13.593375,-77.25625
109,10,-69.4507777778,11.695,-74.5177777778
110,14,-66.999375,7.38525,-75.95875
111,17,-70.6877142857,3.861,-75.4771428571
112,17,-68.3235714286,1.13114285714,-72.8285714286
113,16,-69.1315,-1.714625,-76.1475
114,9,-66.054,-5.44066666667,-74.4111111111
115,9,-64.1772222222,-3.58288888889,-69.9211111111
116,2,-59.9543333333,-5.5095,-72.9666666667
117,6,-58.05975,-3.2485,-70.42
118,9,-53.995,-1.55588888889,-71.6788888889
119,20,-56.2754285714,-0.704357142857,-76.485
120,20,-61.95,-0.0288571428571,-71.9714285714
121,13,-65.344,-2.47322222222,-78.4022222222
122,5,-66.2202,1.9632,-78.114
123,12,-71.0012727273,3.25190909091,-79.9854545455
124,2,-68.2056666667,7.7815,-80.9166666667
125,16,-71.750875,9.51,-78.6225
126,5,-69.6408,11.859,-82.394
127,3,-68.4224285714,9.38971428571,-84.9842857143
128,12,-72.9153636364,6.76063636364,-83.3572727273
129,13,-66.9585555556,5.78522222222,-86.0866666667
130,9,-68.4561111111,0.431444444444,-83.1555555556
131,6,-63.8555,0.8555,-81.365
132,19,-60.7161666667,-1.55108333333,-80.0741666667
133,15,-60.548625,3.399625,-76.61
134,4,-57.1632857143,4.20142857143,-74.8571428571
135,2,-58.215,2.90283333333,-70.61
136,7,-55.1845,5.531,-70.12375
137,19,-55.69375,8.541,-73.3716666667
138,17,-61.1605714286,7.44285714286,-70.7428571429
139,5,-63.4508,8.4808,-67.644
140,12,-66.7513636364,5.59436363636,-65.4236363636
141,17,-69.431,10.7825714286,-67.0657142857
142,8,-69.569875,13.75525,-64.27125
143,2,-65.679,11.3518333333,-62.3516666667
144,16,-63.159375,13.20925,-59.29875
145,9,-60.7145555556,10.584,-63.1522222222
146,3,-63.3842857143,14.5644285714,-65.0857142857
147,9,-62.5745555556,17.5481111111,-62.5722222222
148,9,-58.2664444444,19.4748888889,-65.38
149,20,-59.8653571429,19.4290714286,-59.3721428571
150,18,-58.5077272727,13.8196363636,-59.0172727273
151,18,-53.8325454545,14.6153636364,-60.42
152,13,-56.9021111111,8.33577777778,-59.3633333333
153,6,-52.624,7.543,-57.8075
154,15,-50.742125,10.534,-57.39
155,2,-47.6485,9.66183333333,-54.5833333333
156,12,-45.9387272727,12.5734545455,-49.9218181818
157,13,-42.2445555556,12.4265555556,-53.6833333333
158,8,-45.217625,11.232375,-57.5
159,5,-47.0218,15.3468,-56.236
160,9,-42.7783333333,16.8883333333,-54.33
161,12,-41.2263636364,13.5652727273,-57.9590909091
162,10,-46.371,16.1432222222,-61.1411111111
163,16,-46.459375,20.6095,-58.21125
164,16,-41.485,21.10175,-58.10875
165,5,-42.405,20.7686,-62.658
166,4,-41.3544285714,22.2092857143,-65.6257142857
167,6,-45.0685,24.9685,-65.5725
168,7,-45.942125,24.655,-62.59125
169,14,-47.19425,29.13925,-60.78375
170,16,-46.702875,30.024875,-56.4025
171,6,-50.66025,27.55625,-56.6025
172,2,-49.5861666667,25.179,-58.4483333333
173,18,-54.159,23.1375454545,-57.4881818182
174,14,-52.588375,18.224625,-57.04625
175,15,-57.219625,17.15,-55.3075
176,12,-53.0382727273,13.5342727273,-53.3872727273
177,8,-56.16525,9.420875,-53.8975
178,2,-54.5656666667,9.5595,-49.5
179,9,-49.9266666667,7.53366666667,-49.7344444444
180,3,-51.6205714286,7.63371428571,-45.5185714286
181,3,-55.9007142857,7.85714285714,-45.5271428571
182,13,-56.1853333333,4.30488888889,-48.5522222222
183,6,-60.604,6.8885,-49.035
184,2,-59.2455,9.65233333333,-48.4933333333
185,19,-60.1604166667,12.2805,-51.5858333333
186,2,-54.9486666667,14.9261666667,-50.285
187,16,-54.453375,19.772125,-51.13
188,2,-50.9155,19.3095,-53.0933333333
189,17,-50.0108571429,23.5104285714,-52.55
190,12,-45.1484545455,25.3267272727,-56.6418181818
191,8,-44.998875,27.55975,-51.1425
192,19,-40.45275,30.985,-52.4508333333
193,8,-39.396125,29.44125,-47.97375
194,4,-37.1447142857,32.0434285714,-47.9885714286
195,12,-35.3947272727,30.8012727273,-45.0081818182
196,10,-35.8304444444,25.0266666667,-49.5
197,6,-37.81025,27.71075,-52.065
198,8,-39.85625,26.322625,-55.06125
199,3,-41.8115714286,23.9715714286,-51.5114285714
200,17,-44.7864285714,20.8617142857,-52.1085714286
201,13,-46.5058888889,22.74,-48.5022222222
202,11,-48.3923,17.8748,-48.908
203,19,-52.55,21.1746666667,-46.8141666667
204,13,-54.6504444444,15.1233333333,-44.7
205,15,-59.159875,16.52725,-47.47625
206,12,-59.4175454545,15.4678181818,-42.34
207,3,-64.5104285714,12.9687142857,-45.2485714286
208,16,-67.354375,14.94475,-42.76
209,8,-69.48075,11.901,-41.385
210,7,-72.65675,14.13125,-44.51125
211,6,-69.74775,13.96575,-45.955
212,6,-68.1125,17.17175,-47.3925
213,18,-65.4155454545,16.5027272727,-48.4945454545
214,19,-63.01325,18.9499166667,-42.6158333333
215,15,-58.818125,21.343375,-44.7725
216,2,-60.6393333333,23.787,-41.3866666667
217,4,-62.7968571429,22.6124285714,-38.8557142857
218,12,-63.2384545455,28.7428181818,-40.2263636364
219,2,-64.2055,26.0913333333,-43.5633333333
220,3,-67.3582857143,22.9462857143,-44.1428571429
221,18,-66.432,23.2505454545,-48.0490909091
222,2,-70.2951666667,20.0485,-50.1133333333
223,3,-68.196,19.851,-53.2485714286
224,16,-63.752125,18.41225,-53.64375
225,10,-65.1048888889,22.3503333333,-57.5311111111
226,9,-67.7793333333,23.7091111111,-52.9388888889
227,16,-62.31375,22.924875,-51.23625
228,17,-61.0345714286,24.2978571429,-55.1685714286
229,8,-63.943375,27.29825,-56.235
230,11,-62.7148,29.0661,-50.322
231,19,-59.09525,27.2168333333,-49.7366666667
232,13,-58.9811111111,29.6347777778,-56.59
233,13,-61.8588888889,33.0992222222,-53.0
234,6,-58.00875,32.64675,-50.4625
235,7,-54.743625,31.951,-48.07375
236,8,-59.107125,30.42525,-44.97625
237,6,-54.775,29.02275,-43.91
238,16,-53.774875,27.519375,-47.035
239,1,-49.3845,28.3898333333,-47.8283333333
240,10,-50.2908888889,30.1096666667,-51.4655555556
241,13,-53.7806666667,32.1384444444,-54.03
242,16,-55.623875,27.37675,-54.9025
243,2,-53.6781666667,28.9501666667,-59.0016666667
244,17,-53.2205714286,26.7435714286,-61.9814285714
245,4,-54.3824285714,23.4738571429,-62.0671428571
246,1,-50.7398333333,20.6118333333,-62.3133333333
247,14,-48.89375,21.114125,-66.22375
248,2,-50.8781666667,17.573,-67.4333333333
249,2,-49.377,14.4621666667,-68.9233333333
250,13,-50.9978888889,13.022,-73.7344444444
251,4,-50.8317142857,9.34242857143,-71.0771428571
252,10,-46.7293333333,6.03844444444,-73.3388888889
253,13,-49.9153333333,5.75222222222,-77.3066666667
254,4,-51.3938571429,1.80728571429,-75.2085714286
255,20,-47.2306428571,-2.40364285714,-77.9921428571
256,9,-50.6022222222,-3.68166666667,-81.0744444444
257,13,-54.9546666667,-6.30855555556,-78.3877777778
258,8,-53.012,-9.349875,-78.67875
259,5,-48.4378,-7.5542,-79.67
260,20,-44.8419285714,-10.3535,-75.7242857143
261,9,-45.3357777778,-13.2764444444,-79.9311111111
262,15,-43.63825,-8.8995,-82.96
263,4,-43.4411428571,-9.643,-86.7114285714
264,12,-37.3602727273,-9.59009090909,-87.0954545455
265,9,-41.4055555556,-8.226,-90.78
266,2,-42.69,-4.6415,-87.4133333333
267,16,-39.229625,-3.85475,-86.42
268,13,-38.3681111111,0.0675555555556,-90.0833333333
269,16,-33.70425,-1.31875,-86.52125
270,9,-34.3205555556,3.98866666667,-87.6466666667
271,13,-29.366,5.47633333333,-85.2288888889
272,13,-25.7801111111,1.29444444444,-83.7077777778
273,16,-28.1965,3.655875,-79.53125
274,6,-25.3835,0.0735,-78.795
275,5,-22.3062,-2.083,-78.584
276,6,-22.18175,-5.305,-77.0175
277,10,-19.9077777778,-9.29255555556,-74.8155555556
278,18,-23.7363636364,-10.2859090909,-74.0490909091
279,6,-25.35775,-6.8045,-78.22
280,9,-26.5697777778,-4.40355555556,-81.2455555556
281,17,-29.302,-0.860428571429,-78.4342857143
282,20,-30.0637857143,-0.632357142857,-83.6928571429
283,14,-33.6995,4.526625,-82.7425
284,5,-36.9176,1.875,-83.71
285,3,-40.1195714286,2.275,-86.0471428571
286,19,-44.7041666667,-1.66108333333,-84.1208333333
287,7,-46.0285,-0.63925,-87.605
288,13,-44.5522222222,3.28322222222,-90.6177777778
289,11,-47.2996,5.5015,-87.181
290,3,-44.4825714286,3.35457142857,-82.6442857143
291,13,-39.6864444444,6.33866666667,-81.1533333333
292,17,-39.3071428571,1.72085714286,-80.06
293,5,-36.2162,0.3444,-78.238
294,17,-34.5407142857,-2.78228571429,-80.1828571429
295,13,-31.1808888889,-5.24866666667,-76.2322222222
296,3,-30.1698571429,-6.88642857143,-80.6885714286
297,14,-29.901375,-10.521375,-77.9025
298,13,-25.3033333333,-11.3594444444,-80.5244444444
299,4,-26.6744285714,-15.7885714286,-80.6028571429
300,6,-26.091,-18.86725,-77.4175
301,2,-26.7853333333,-19.9446666667,-73.9233333333
302,14,-28.72775,-17.213875,-75.04375
303,2,-32.2555,-20.9311666667,-75.8083333333
304,17,-35.5485714286,-21.2405714286,-77.96
305,9,-38.4946666667,-21.4895555556,-74.8288888889
306,5,-34.2856,-19.6594,-72.412
307,18,-34.6180909091,-14.9255454545,-73.2890909091
308,16,-40.044375,-16.413,-74.445
309,5,-39.8622,-17.7362,-70.13
310,9,-37.0684444444,-15.3088888889,-67.3411111111
311,5,-39.6556,-12.7758,-70.642
312,7,-43.808625,-13.90075,-70.32625
313,17,-41.652,-13.5087142857,-65.8185714286
314,14,-39.6125,-10.12925,-66.32375
315,13,-44.7197777778,-8.10044444444,-69.5866666667
316,3,-45.4978571429,-10.0545714286,-65.04
317,16,-42.429875,-7.904375,-62.905
318,10,-45.4115555556,-4.09466666667,-65.4522222222
319,11,-42.7587,0.0431,-61.175
320,8,-43.14,4.24975,-63.25625
321,13,-39.7075555556,3.98522222222,-61.5366666667
322,16,-39.090625,-0.909875,-63.9825
323,17,-37.8765714286,-0.556714285714,-68.6757142857
324,13,-43.1035555556,-0.596222222222,-70.37
325,16,-40.89975,-5.046375,-71.66
326,11,-43.7002,-2.5009,-75.086
327,5,-42.1816,-6.7882,-77.54
328,17,-40.7627142857,-10.4158571429,-78.5114285714
329,17,-38.6341428571,-11.2897142857,-82.0557142857
330,3,-39.5884285714,-15.586,-81.56
331,13,-37.856,-14.697,-85.6766666667
332,9,-32.0713333333,-17.3728888889,-82.89
333,4,-31.7932857143,-13.1525714286,-83.8385714286
334,15,-34.2455,-12.7535,-79.7775
335,19,-34.6235833333,-8.25333333333,-82.6125
336,15,-36.007375,-7.325125,-76.5925
337,15,-39.3875,-4.417625,-78.18875
338,3,-38.1727142857,-1.41871428571,-74.9428571429
339,9,-39.9746666667,2.47277777778,-72.8977777778
340,18,-36.5757272727,5.99154545455,-76.96
341,14,-35.82325,6.144125,-72.2525
342,5,-34.5868,10.043,-74.626
343,13,-32.382,12.4465555556,-71.86
344,6,-30.49525,7.54175,-71.9875
345,2,-27.6653333333,6.43883333333,-69.8833333333
346,16,-27.86475,8.05525,-65.35375
347,16,-23.03825,6.984125,-67.04375
348,8,-24.021375,8.6135,-70.85375
349,18,-28.0117272727,13.0510909091,-68.0236363636
350,16,-24.6435,12.43025,-64.9075
351,13,-20.4491111111,11.5878888889,-68.3944444444
352,2,-23.8066666667,15.7641666667,-69.9183333333
353,8,-23.16775,19.9285,-70.39
354,9,-28.937,18.5645555556,-69.2511111111
355,6,-26.03925,17.0225,-65.9175
356,2,-23.379,19.1398333333,-65.0316666667
357,13,-25.8054444444,22.3155555556,-65.9122222222
358,10,-28.9208888889,18.6058888889,-62.8544444444
359,4,-29.1274285714,20.2292857143,-58.8914285714
360,16,-27.532625,17.47525,-54.5875
361,4,-31.475,18.2204285714,-54.79
362,13,-33.0956666667,16.5164444444,-59.5844444444
363,16,-28.59,14.085375,-58.04375
364,15,-31.149625,12.851875,-53.87875
365,8,-35.29125,12.6565,-57.1725
366,18,-32.1792727273,11.3525454545,-60.5454545455
367,2,-31.5701666667,7.97133333333,-56.0983333333
368,5,-35.4338,7.7314,-55.086
369,10,-36.7616666667,7.75388888889,-59.2388888889
370,15,-33.19175,3.88625,-58.69375
371,5,-35.1952,2.8398,-54.842
372,9,-39.8016666667,3.74977777778,-56.3766666667
373,6,-37.6985,-0.147,-57.8425
374,14,-34.5345,-2.097,-56.46875
375,5,-38.393,-1.9474,-53.658
376,18,-41.5488181818,-3.93527272727,-57.63
377,15,-37.313625,-5.84625,-57.5125
378,9,-37.0445555556,-5.70333333333,-51.8822222222
379,10,-42.4538888889,-6.76344444444,-52.2822222222
380,12,-43.1329090909,-8.98318181818,-56.9754545455
381,7,-38.626125,-11.765875,-53.4975
382,19,-37.8279166667,-11.5475833333,-58.7275
383,15,-32.046,-10.307,-57.9775
384,11,-30.7348,-5.7992,-61.815
385,12,-26.5668181818,-10.7629090909,-61.3236363636
386,8,-25.735625,-5.212,-63.15375
387,16,-27.538625,-1.825875,-59.7225
388,12,-23.9740909091,-0.861272727273,-64.1454545455
389,5,-25.5682,3.9128,-64.324
390,5,-25.3074,1.816,-67.228
391,7,-27.831875,-0.757625,-66.27
392,15,-30.192625,3.574375,-64.9875
393,16,-32.590375,4.219125,-68.85625
394,17,-33.1447142857,9.06842857143,-68.5657142857
395,2,-36.9563333333,10.5021666667,-69.4966666667
396,5,-37.4276,13.5314,-71.332
397,2,-39.128,14.0393333333,-67.955
398,16,-35.491375,14.250625,-66.0025
399,17,-37.9802857143,9.71742857143,-65.3457142857
400,1,-35.1211666667,7.39516666667,-63.5
401,13,-37.3816666667,4.08655555556,-66.1166666667
402,15,-34.591125,-0.048375,-63.4675
403,5,-32.4452,-1.3788,-66.938
404,8,-32.055625,-5.02475,-67.95625
405,18,-35.1515454545,-7.31881818182,-63.8409090909
406,6,-33.043,-10.60925,-66.0375
407,16,-30.142125,-9.637125,-69.02625
408,5,-28.5084,-11.5254,-65.544
409,12,-30.5858,-14.6092,-65.714
410,17,-29.295,-14.6752,-69.356
411,15,-25.5548,-15.2438,-69.026
425,4,-17.8051428571,-5.948,-63.5971428571
426,15,-15.811,-6.241875,-59.625
427,13,-15.2231111111,-1.289,-59.2855555556
428,20,-20.3216428571,-0.778714285714,-60.2014285714
429,3,-19.8071428571,-6.37657142857,-56.9642857143
430,5,-20.4384,-7.5144,-53.456
431,4,-17.8544285714,-8.77685714286,-51.4171428571
432,9,-21.1204444444,-11.3072222222,-50.7211111111
433,5,-20.5274,-12.0946,-55.02
434,15,-16.61975,-11.099125,-55.84375
435,7,-15.511875,-14.1645,-53.04
436,18,-18.0862727273,-17.1111818182,-51.8790909091
437,6,-21.8365,-15.82125,-55.8875
438,2,-23.5926666667,-14.5311666667,-53.1083333333
439,18,-24.9335454545,-12.3423636364,-56.9654545455
440,3,-28.54,-11.3271428571,-52.6685714286
441,15,-31.655625,-7.8895,-52.43
442,13,-29.063,-7.16177777778,-48.8011111111
443,2,-25.9293333333,-7.6505,-53.4866666667
444,8,-28.39225,-5.3935,-55.385
445,17,-27.8828571429,-2.651,-51.2014285714
446,20,-21.482,-3.15214285714,-51.7071428571
447,2,-24.6305,-2.0345,-56.045
448,18,-28.4440909091,2.08772727273,-54.45
449,6,-24.0525,2.64225,-53.21
450,15,-21.344125,1.970375,-55.69375
451,16,-25.548875,4.134625,-58.31875
452,16,-25.648,6.835375,-54.25625
453,14,-20.456625,7.74625,-55.105
454,9,-22.0157777778,6.14355555556,-60.3711111111
455,15,-25.463125,9.688375,-58.98625
456,17,-22.6565714286,12.2242857143,-56.2071428571
457,3,-19.3705714286,11.417,-58.81
458,19,-22.25025,14.9323333333,-61.4116666667
459,6,-19.9795,9.32675,-63.4425
460,12,-16.0339090909,9.10027272727,-59.7672727273
461,15,-14.962125,5.51775,-62.86
462,4,-16.0015714286,3.56542857143,-59.4528571429
463,19,-13.5545,1.85891666667,-55.95
464,4,-10.6155714286,6.55314285714,-58.4842857143
465,6,-7.0705,4.11375,-59.735
466,14,-8.207875,1.407,-57.55875
467,2,-7.04333333333,-2.367,-60.125
468,7,-10.39775,-4.77775,-60.695
469,4,-7.076,-6.36,-58.2685714286
470,9,-5.53366666667,-2.16022222222,-56.6188888889
471,17,-10.507,-2.973,-54.9328571429
472,15,-10.498125,-7.34525,-54.03125
473,12,-5.75218181818,-6.51790909091,-52.6145454545
474,5,-9.089,-2.9858,-49.84
475,16,-12.90975,-4.15825,-49.83875
476,9,-10.7322222222,-8.26911111111,-47.8811111111
477,12,-7.18418181818,-2.95454545455,-46.5618181818
478,6,-11.7505,-1.89125,-45.13
479,19,-10.9016666667,1.8225,-49.1
480,12,-15.3104545455,0.757909090909,-47.61
481,14,-15.46825,5.04125,-52.10875
482,4,-13.9758571429,8.46971428571,-50.2214285714
483,12,-17.4075454545,13.2666363636,-47.7763636364
484,4,-17.3512857143,13.3692857143,-51.8271428571
485,9,-16.6746666667,19.0564444444,-51.5688888889
486,7,-20.613,16.90225,-53.66375
487,1,-21.673,14.368,-50.4716666667
488,4,-24.2658571429,14.8644285714,-48.4071428571
489,9,-22.6571111111,14.9197777778,-44.32
490,9,-26.3978888889,13.4252222222,-43.8766666667
491,16,-25.9425,10.761,-48.86625
492,19,-20.1303333333,8.61908333333,-46.9466666667
493,7,-24.017,7.175,-43.2375
494,15,-26.973875,5.99625,-46.89
495,14,-23.07075,5.4855,-49.48875
496,14,-20.705375,3.357875,-45.39
497,12,-26.7649090909,1.59063636364,-43.3263636364
498,1,-24.8583333333,-0.0546666666667,-48.4666666667
499,20,-20.4866428571,0.887928571429,-49.39
500,13,-22.0845555556,-2.77166666667,-43.3077777778
501,7,-18.71,-6.992125,-44.75875
502,12,-21.3039090909,-8.73127272727,-41.3136363636
503,4,-25.3391428571,-8.94428571429,-45.87
504,9,-26.9561111111,-9.82755555556,-42.56
505,9,-26.5528888889,-5.30244444444,-40.2888888889
506,12,-25.8439090909,-5.07481818182,-46.4736363636
507,4,-30.1232857143,-1.45185714286,-45.6685714286
508,3,-34.3042857143,-2.486,-46.8442857143
509,18,-33.5900909091,-1.45145454545,-51.8209090909
510,9,-39.1591111111,-0.629555555556,-47.5211111111
511,19,-34.61775,2.90008333333,-44.2475
512,15,-32.86275,3.128375,-48.96
513,10,-37.9442222222,4.57411111111,-51.2322222222
514,2,-37.9045,6.28383333333,-47.1816666667
515,17,-34.5111428571,8.07785714286,-46.3328571429
516,16,-33.561375,8.9705,-50.51125
517,8,-38.592875,9.8105,-50.995
518,8,-38.792375,12.2885,-47.1075
519,18,-32.2237272727,13.7480909091,-47.6054545455
520,19,-33.6246666667,17.7280833333,-48.6416666667
521,3,-38.8211428571,16.2407142857,-45.2185714286
522,5,-39.3732,16.1952,-41.472
523,3,-41.6437142857,13.089,-40.0771428571
524,9,-43.9657777778,17.495,-37.8711111111
525,2,-43.0483333333,18.4275,-41.96
526,10,-44.6133333333,14.3016666667,-44.0044444444
528,9,-48.8655555556,21.3271111111,-43.0477777778
529,9,-50.5348888889,21.6913333333,-38.2877777778
530,15,-55.19625,23.7175,-40.17125
531,4,-56.706125,25.71025,-37.35125
