55,14,-7.104375,-16.570625,8.685
56,13,-10.8876666667,-15.9405555556,6.47
57,4,-9.53857142857,-13.7575714286,2.70714285714
58,11,-9.3196,-9.3504,4.893
59,4,-14.0187142857,-8.89042857143,3.11571428571
60,20,-10.8612142857,-5.09928571429,3.88714285714
61,18,-8.21163636364,-5.37672727273,-1.12636363636
62,18,-13.1310909091,-4.95654545455,-3.59181818182
63,6,-8.527,-3.09125,-5.525
64,13,-7.53222222222,-0.755444444444,-10.1766666667
65,15,-12.57475,-0.917875,-7.890625
66,4,-13.4957142857,1.75814285714,-10.3885714286
67,12,-14.8122727273,7.48563636364,-6.79818181818
68,5,-17.8846,4.277,-9.664
69,13,-18.0661111111,-0.142222222222,-10.2255555556
70,5,-17.646,1.4814,-5.426
71,9,-20.1542222222,5.09555555556,-5.86555555556
72,9,-22.4297777778,-0.0117777777778,-8.86888888889
73,14,-20.9604375,-2.70825,-4.38125
74,16,-21.210125,0.333625,-1.43875
75,2,-25.5161666667,1.694,-3.42333333333
76,13,-26.2884444444,-2.83688888889,-4.35333333333
77,10,-24.7307777778,-2.95166666667,0.726666666667
78,12,-30.2967272727,-4.02245454545,3.22545454545
79,11,-26.7772,-2.5367,6.683
80,8,-25.102125,2.69,7.275
81,6,-20.5,1.1025,6.7925
82,5,-20.4464,-0.5896,4.256
83,18,-15.6654545455,-1.47554545455,4.49272727273
84,16,-14.415875,-0.726125,-0.295
85,15,-9.962,-0.65275,0.81125
86,12,-10.7536363636,2.58154545455,-3.82818181818
87,9,-5.63711111111,-0.139333333333,-5.46555555556
88,2,-6.40183333333,5.06466666667,-6.57333333333
89,9,-7.97255555556,4.60922222222,-10.9366666667
90,2,-6.36733333333,9.3635,-9.16
91,5,-3.6176,8.0854,-6.934
92,4,-1.36471428571,6.12685714286,-8.58857142857
93,6,-0.376,4.079,-4.64
94,8,-2.4805,6.25225,-2.89
95,18,-4.36754545455,2.24109090909,-0.745454545455
96,2,-9.22866666667,4.6985,-1.21
97,16,-12.272375,4.181375,2.6325
98,2,-15.367,3.42566666667,0.08
99,17,-18.2702857143,4.20442857143,3.19714285714
100,13,-23.7363333333,2.92361111111,2.57833333333
101,18,-24.4894545455,7.701,5.60636363636
102,6,-27.28625,6.072,2.92
103,7,-29.136625,7.7815,0.0275
104,8,-24.3230625,8.9989375,-0.018125
105,17,-20.8737142857,6.618,-1.21285714286
106,10,-18.8765555556,8.975,2.63333333333
107,11,-15.3643,8.254,-1.38
108,18,-12.9397272727,8.80327272727,3.63363636364
109,13,-7.43833333333,10.9182222222,1.29
110,17,-5.41242857143,6.12085714286,2.84428571429
111,16,-3.43575,9.769625,4.3825
112,12,1.19345454545,6.33554545455,3.77909090909
113,8,3.675875,8.708625,7.8375
114,6,6.995,9.28725,6.46
115,5,7.143,6.0016,7.706
116,6,4.2005,4.4865,6.18
117,13,2.68544444444,4.44366666667,10.0011111111
118,19,-1.06766666667,2.79041666667,6.11666666667
119,18,-3.21272727273,9.08454545455,8.24
120,16,-8.31775,8.333625,7.755
121,20,-9.63221428571,12.4855714286,9.62071428571
122,17,-4.82628571429,11.7914285714,13.8328571429
123,17,-4.91371428571,7.64428571429,14.6528571429
124,13,-0.191111111111,6.80533333333,12.8466666667
125,18,-3.07577272727,2.61959090909,12.4086363636
126,7,1.899625,-0.40625,11.32125
127,2,-1.83433333333,-1.761,8.73666666667
128,16,-4.492375,-0.993,5.31125
129,7,-5.848375,-4.91025,8.88875
130,9,-3.76555555556,-2.255,12.2366666667
131,16,-6.963875,1.9600625,9.4475
132,17,-10.0367142857,-1.156,8.89714285714
133,8,-9.926875,-3.30975,12.415
134,19,-9.325,3.02158333333,15.3108333333
135,11,-11.745,3.7061,11.787
136,12,-14.5276363636,-2.61281818182,12.0845454545
137,2,-14.9933333333,1.61033333333,17.02
138,3,-13.5288571429,5.12242857143,15.6542857143
139,2,-15.8458333333,7.52183333333,13.07
140,17,-14.7528571429,7.31057142857,9.23
141,2,-17.0071666667,10.8776666667,9.97
142,12,-13.8407272727,15.0163636364,11.6272727273
143,7,-19.9225,15.222375,9.53375
144,10,-21.698,11.6232222222,9.77666666667
145,10,-20.9681111111,8.50022222222,14.5133333333
146,15,-19.78825,6.347875,9.80875
147,18,-19.069,3.27318181818,13.5081818182
148,16,-16.002625,0.484125,9.155
149,12,-21.2991818182,-3.31963636364,8.85727272727
150,8,-17.814375,-6.5395,6.91125
151,15,-19.4155,-6.37875,2.50625
152,9,-23.4808888889,-8.25022222222,4.01555555556
153,10,-20.1027777778,-11.2537777778,0.366666666667
154,17,-22.9507142857,-11.9527142857,-3.63571428571
155,4,-23.7711428571,-15.7458571429,-1.67571428571
156,10,-23.913,-16.971,-3.68
4,7,-9.867625,13.09575,4.26375
