64,7,51.95375,1.580875,9.82625
65,16,50.8752,-0.9694,13.266
66,17,52.2255714286,-4.62142857143,13.05
67,15,51.03525,-7.6705,16.18375
68,5,53.8502,-10.58,15.872
69,16,51.75425,-13.754375,13.88125
70,11,54.7806,-16.4253,14.383
71,2,59.012,-15.7323333333,17.0
72,19,62.7966666667,-14.2000833333,12.3608333333
73,9,66.6298888889,-16.3452222222,15.2577777778
74,4,67.824,-13.2261428571,12.8171428571
75,2,69.077,-15.7735,9.025
76,11,69.0619,-13.7218,5.995
77,8,72.793625,-10.27425,7.695
78,6,69.2275,-7.22975,8.1875
79,8,67.204625,-9.961875,9.225
80,16,64.289125,-7.31575,12.90875
81,6,64.14975,-9.5715,15.4025
82,18,60.229,-10.7653636364,15.2718181818
83,9,59.7135555556,-11.9876666667,20.5288888889
84,13,53.8782222222,-14.5491111111,19.5188888889
85,6,53.275,-9.84125,20.055
86,9,57.1113333333,-7.36466666667,19.1422222222
87,10,53.5053333333,-3.68711111111,19.2533333333
88,16,56.59825,-4.17575,14.85125
89,12,56.5208181818,2.11354545455,13.1627272727
90,15,55.7925,-1.020375,8.8125
91,16,59.447,2.03275,8.29875
92,9,60.2826666667,0.287222222222,3.88555555556
93,10,54.477,-1.96533333333,3.15222222222
94,2,58.4118333333,-2.90066666667,-0.531666666667
95,6,57.749,-6.416,-0.815
96,9,57.944,-10.8924444444,-0.213333333333
97,20,61.9469285714,-10.4466428571,3.58642857143
98,20,56.6797142857,-5.69885714286,4.87214285714
99,13,61.8444285714,-1.73157142857,6.91285714286
100,5,60.567,-2.7192,10.674
101,10,60.3148888889,0.832,14.1622222222
102,2,60.8023333333,-1.88783333333,17.6916666667
103,16,57.162875,0.017125,19.24
104,3,60.3398571429,-1.89085714286,22.5871428571
105,3,63.9955714286,-1.44385714286,21.0257142857
106,6,63.7135,1.224,18.205
107,10,66.0726666667,-1.76211111111,16.0377777778
108,9,65.223,0.155777777778,12.0777777778
109,6,64.5035,-4.05025,9.93
110,18,64.5171818182,-5.50145454545,6.07
111,15,60.259625,-8.307625,8.5325
112,4,59.2487142857,-11.8447142857,7.28571428571
113,18,54.7430909091,-10.5203636364,4.07818181818
114,7,54.50675,-14.013,6.38875
115,18,56.3361818182,-14.4287272727,10.4054545455
116,17,53.2367142857,-9.44371428571,10.4557142857
117,5,49.4552,-8.3806,11.454
118,13,46.6801111111,-4.90344444444,10.0177777778
119,5,46.474,-4.4796,14.816
120,7,42.355625,-4.639875,16.405
121,2,42.998,-8.25216666667,13.6816666667
122,16,38.8045,-10.537875,14.035
123,9,42.0366666667,-14.7591111111,12.2822222222
124,4,44.1908571429,-13.0712857143,15.88
125,9,41.2727777778,-11.9287777778,18.9622222222
126,4,41.161,-15.531,21.5342857143
127,20,37.2305,-12.7972857143,20.825
128,18,36.8729090909,-15.0872727273,15.4790909091
129,18,36.4531818182,-19.7055454545,17.4654545455
130,13,37.6211111111,-19.4566666667,10.8577777778
131,7,34.708375,-22.17975,9.68875
132,16,31.901125,-22.330375,14.095
133,2,27.8876666667,-23.6758333333,13.4966666667
134,12,23.1892727273,-21.9556363636,16.9963636364
135,13,26.0776,-26.446,16.778
136,8,29.76975,-26.335375,15.66125
137,5,29.509,-23.5596,19.35
138,9,25.8184444444,-25.6114444444,21.7388888889
139,12,29.3031818182,-29.4908181818,19.4218181818
140,10,33.5313333333,-26.0047777778,20.6066666667
141,16,31.11575,-23.5025,24.7025
142,16,28.93375,-27.826125,26.3225
143,5,33.4424,-28.8806,26.498
144,4,35.2517142857,-30.268,28.98
145,6,37.1465,-26.29375,30.2425
146,7,34.77375,-24.572625,28.62
147,3,33.2947142857,-22.6885714286,32.6742857143
148,11,28.9685,-19.4656,33.829
149,6,31.18825,-17.38675,30.57
150,2,32.8887777778,-19.5705555556,28.5177777778
151,18,33.5697272727,-15.6131818182,25.15
152,16,32.44325,-18.078125,20.76375
153,15,32.42625,-14.102875,18.4225
154,12,29.2204545455,-17.8101818182,14.88
155,9,30.9228888889,-14.8973333333,10.0622222222
156,2,26.7446666667,-15.3791666667,10.0233333333
157,9,26.8248888889,-19.7364444444,8.35111111111
158,2,22.5648333333,-16.611,7.43666666667
159,3,23.3128571429,-12.8164285714,7.72857142857
160,5,25.4836,-10.4166,5.688
161,6,27.65275,-8.78325,8.435
162,2,26.4576666667,-10.7915,10.9316666667
163,18,29.6593636364,-11.259,13.4081818182
164,2,27.1595,-14.9921666667,16.89
165,16,27.852375,-14.07625,21.50125
166,2,28.2513333333,-18.0481666667,22.1716666667
167,17,27.5545714286,-17.5775714286,26.4342857143
168,12,28.5322727273,-22.2431818182,29.9054545455
169,8,24.358625,-20.338375,31.0925
170,18,24.7522727273,-22.5345454545,34.87
171,8,19.724875,-24.722375,33.6575
172,10,15.6568888889,-24.2951111111,36.2466666667
173,7,18.10325,-27.5785,36.82875
174,10,22.0088888889,-26.0273333333,38.7644444444
175,6,22.92375,-26.8295,33.945
176,9,26.5757777778,-27.4748888889,31.3544444444
177,17,23.2365714286,-24.1092857143,28.8714285714
178,17,24.7465714286,-22.5185714286,25.1485714286
179,13,22.3053333333,-18.8087777778,26.0855555556
180,11,23.2843,-18.9859,20.977
181,19,23.2745833333,-13.7430833333,23.0583333333
182,13,21.2482222222,-12.4258888889,16.4411111111
183,15,26.44775,-9.509125,16.705
184,12,21.2950909091,-6.64609090909,14.7372727273
185,7,25.4375,-4.661625,10.83
186,16,25.170875,-0.173625,12.68375
187,8,24.281,1.502875,8.70625
188,7,28.434125,2.9945,8.28125
189,6,30.44625,0.978,11.7825
190,6,28.91725,-1.1295,13.79
191,18,29.25,-4.40990909091,15.0545454545
192,19,23.0044166667,-3.88575,17.1808333333
193,15,23.386375,-7.649125,20.955
194,2,20.9031666667,-4.03233333333,22.135
195,4,19.4055714286,-1.603,20.07
196,12,19.8558181818,1.77072727273,24.3563636364
197,15,24.17625,-1.239875,23.9625
198,3,26.3338571429,0.788,20.2071428571
199,18,29.5522727273,-1.65363636364,20.9636363636
200,4,33.0268571429,0.676428571429,17.4985714286
201,6,33.38325,-3.01275,17.575
202,16,33.524375,-7.167375,17.59
203,11,37.8172,-5.9234,19.447
204,9,35.1731111111,-2.18255555556,21.31
205,16,30.90075,-6.080375,22.13375
206,17,34.1035714286,-8.328,24.13
207,12,36.2485454545,-3.29690909091,26.08
208,11,30.217,-3.3782,27.88
209,19,28.3054166667,-7.11091666667,26.9166666667
210,3,33.8057142857,-8.59085714286,30.2242857143
211,7,33.22175,-5.071625,32.325
212,5,28.7256,-5.8752,31.994
213,2,25.7468333333,-8.44016666667,31.5416666667
214,8,24.1835,-4.97525,30.52625
215,6,21.27225,-8.9385,29.455
216,16,24.14675,-10.87825,28.36875
217,1,23.4715,-14.672,30.825
218,3,26.9002857143,-13.9538571429,32.1728571429
219,12,30.7499090909,-10.357,33.8945454545
220,16,31.78575,-12.2045,28.4925
221,2,34.96,-14.6783333333,30.9283333333
222,12,38.053,-18.4350909091,31.31
223,4,38.1021428571,-17.2224285714,25.9171428571
224,1,36.548,-21.036,23.9583333333
225,10,39.241,-24.3722222222,25.8233333333
226,3,41.328,-24.322625,21.38625
