1,13,-38.68444444,214.5718889,-179.1011111
2,4,-39.698,219.224,-181.1928571
3,8,-44.789125,219.77775,-182.2525
4,12,-41.61990909,220.6548182,-185.9263636
5,6,-46.4005,223.65925,-186.36
6,13,-47.64277778,226.5203333,-189.7688889
7,14,-51.456625,226.6375,-185.6575
8,12,-51.25963636,230.0609091,-180.2518182
9,18,-52.26118182,224.2640909,-180.8063636
10,11,-48.794,222.9584,-182.329
11,15,-48.210875,227.156625,-176.67875
12,5,-46.3328,223.1982,-176.336
13,7,-43.096,223.57425,-178.31125
14,17,-42.44714286,227.0802857,-175.0628571
15,7,-44.527375,224.898625,-172.06
16,5,-38.607,224.8592,-173.046
17,16,-40.4475,227.228625,-169.93375
18,8,-41.12475,222.898875,-168.13625
19,19,-34.31958333,222.1693333,-169.3508333
20,15,-35.62525,226.4295,-167.73375
21,5,-37.7216,225.2748,-164.14
22,2,-35.8255,222.1426667,-164.0416667
23,13,-31.92755556,222.1223333,-165.0122222
24,6,-32.59925,226.36175,-161.925
25,17,-35.18314286,228.6757143,-162.6685714
26,13,-38.03728571,230.5478571,-159.7585714
27,16,-40.320875,231.93325,-163.48875
28,17,-42.088,235.5914286,-161.7614286
29,2,-44.9175,237.0641667,-164.0033333
30,15,-42.794875,234.906875,-167.59375
31,6,-45.15475,232.71075,-169.7025
32,5,-45.3992,230.4054,-172.514
33,9,-48.50277778,232.7317778,-172.6811111
34,9,-47.22066667,236.3895556,-173.5344444
35,15,-42.949125,233.967125,-175.47125
36,17,-46.24314286,232.923,-178.78
37,8,-48.132875,236.30775,-178.115
38,6,-44.127,238.5275,-178.53
39,7,-44.614125,240.25,-174.79875
40,17,-40.769,242.2202857,-175.95
41,13,-41.20366667,244.362,-172.08
42,14,-42.361,238.724875,-171.05375
43,3,-38.90414286,237.535,-174.6557143
44,16,-35.694125,240.461125,-173.76625
45,6,-36.22025,238.281,-170.1375
46,14,-36.56475,233.95825,-170.93625
47,15,-33.061375,235.356125,-172.79
48,20,-30.40664286,238.2845714,-167.4978571
49,3,-32.846,234.1248571,-166.8942857
50,15,-31.15475,231.752375,-169.8575
51,4,-37.06071429,252.5785714,-176.2157143
52,5,-33.2032,252.3922,-174.572
53,20,-34.44785714,249.1475714,-170.6857143
54,9,-35.23177778,247.6031111,-175.7288889
55,13,-32.51411111,250.4252222,-178.3522222
56,10,-28.65222222,248.3767778,-174.9733333
57,10,-31.63311111,244.174,-173.6777778
58,12,-34.06027273,244.4481818,-179.6545455
59,3,-26.37514286,241.9718571,-176.6785714
60,18,-29.68881818,239.7268182,-174.7245455
61,3,-29.65185714,238.5431429,-180.5557143
62,5,-25.667,237.9804,-180.488
63,20,-25.58485714,234.5598571,-175.3921429
64,1,-28.15166667,233.5848333,-178.9316667
65,7,-26.75525,234.120375,-182.76625
66,2,-22.86116667,232.6411667,-180.0916667
67,11,-24.2582,229.7966,-177.769
68,16,-27.58075,229.056625,-182.3525
69,12,-21.44227273,230.1099091,-184.18
70,13,-21.99688889,226.091,-181.7944444
71,5,-26.5576,224.604,-184.472
72,6,-26.863,226.091,-187.6725
73,3,-29.47271429,228.1841429,-186.5128571
74,10,-28.27444444,232.0633333,-186.74
75,15,-31.739875,234.835375,-184.6425
76,9,-31.37388889,238.0124444,-188.2755556
77,7,-36.196125,239.34725,-185.17125
78,15,-35.364,238.725625,-180.88125
79,9,-39.30233333,240.7731111,-181.5177778
80,9,-40.13533333,236.8746667,-185.4188889
81,8,-37.174375,234.202625,-184.6225
82,18,-36.795,232.7185455,-179.8054545
83,12,-43.72181818,233.9855455,-182.0581818
84,7,-41.522625,228.41875,-183.435
85,6,-39.84325,227.6895,-180.185
86,16,-38.2455,225.4065,-182.4975
87,16,-35.97,228.385625,-177.2275
88,14,-36.606875,223.79625,-177.70875
89,16,-32,224.187875,-180.2
90,16,-30.4575,227.754,-177.3825
91,16,-31.833375,225.377375,-173.8025
92,9,-30.14166667,221.1976667,-176.7877778
93,17,-26.43428571,224.2072857,-177.47
94,15,-26.374875,226.206375,-173.3875
95,2,-26.96583333,222.4175,-171.9033333
96,6,-25.4285,219.659,-174.195
97,9,-28.28666667,218.2695556,-172.3744444
98,12,-31.49936364,214.5662727,-175.8327273
99,16,-34.816375,218.925875,-174.91375
100,4,-38.10771429,217.07,-175.1642857
101,15,-27.63625,234.64675,-169.9875
102,16,-28.1855,234.512375,-164.67875
103,12,-28.21809091,228.5957273,-164.5727273
104,18,-27.20209091,227.9463636,-168.3145455
105,5,-23.2298,232.237,-167.844
106,15,-23.258125,235.274875,-165.175
107,10,-24.97411111,231.1814444,-161.4055556
108,8,-20.788875,229.325625,-163.48875
109,15,-18.729125,232.6975,-161.78875
110,2,-16.361,231.1506667,-158.0916667
111,17,-13.62442857,234.0237143,-157.7314286
112,9,-11.36488889,235.5144444,-154.1
113,9,-16.12188889,232.3293333,-150.9733333
114,3,-17.36228571,235.5717143,-154.7471429
115,2,-20.67233333,233.9998333,-156.3716667
116,5,-21.906,235.2392,-159.566
117,13,-24.11211111,239.8795556,-159.8644444
118,9,-21.41255556,238.9354444,-156.7233333
119,6,-17.782,237.69875,-158.85
120,16,-18.0535,239.061875,-162.80875
121,16,-17.635875,243.14075,-159.93
122,16,-14.099875,240.365125,-157.52
123,20,-12.25671429,238.9270714,-163.5614286
124,1,-13.40883333,243.2096667,-162.865
125,10,-13.07422222,245.1402222,-158.8411111
126,12,-8.858727273,242.4766364,-157.5654545
127,3,-8.920857143,246.7885714,-163.4257143
128,5,-6.6636,247.8266,-160.088
129,4,-3.923857143,248.1527143,-161.9828571
130,19,-5.2265,249.2404167,-165.8308333
131,12,-4.589272727,254.3180909,-161.8272727
132,7,-8.053125,255.2465,-166.61875
133,17,-10.31414286,251.9557143,-164.3942857
134,7,-13.0245,253.00575,-160.32375
135,15,-15.05275,249.159375,-161.245
136,10,-18.17,251.6687778,-158.6955556
137,7,-21.668125,250.73025,-161.29
138,18,-21.81063636,245.2206364,-163.6254545
139,11,-24.0266,250.5903,-164.367
140,3,-21.79,254.0395714,-164.8157143
141,2,-18.02266667,252.2248333,-164.42
142,20,-17.55935714,248.5444286,-167.3692857
143,8,-15.3395,254.938625,-170.35125
144,6,-14.3365,251.9955,-172.34
145,16,-11.313875,253.067875,-170.44375
146,6,-12.4595,249.235,-168.5825
147,16,-13.793625,247.051375,-171.81375
148,1,-9.944833333,248.2045,-173.1033333
149,5,-8.191,246.9036,-169.724
150,16,-9.6735,243.315625,-169.47125
151,15,-8.306625,243.39775,-173.80125
152,11,-3.1561,245.6866,-171.895
153,12,-3.949272727,242.2547273,-166.7236364
154,11,-5.979,239.1868,-169.449
155,12,-3.987454545,238.7771818,-175.4236364
156,4,-0.800142857,242.7362857,-174.2042857
157,8,-0.661,240.928125,-177.7225
158,16,-4.353375,242.375125,-179.33375
159,15,-4.344625,246.76675,-176.95375
160,8,-1.73475,250.63425,-177.7275
161,19,-4.905083333,251.49325,-172.4641667
162,2,-1.493833333,254.6565,-175.3566667
163,13,-3.074666667,255.2597778,-179.2066667
164,16,-6.769125,254.76025,-175.6075
165,7,-8.53575,259.724625,-173.7325
166,13,-12.28455556,260.5658889,-170.8677778
167,8,-12.1785,261.6555,-175.58
168,8,-13.707,258.37425,-178.04625
169,4,-16.49171429,256.8862857,-175.5785714
170,15,-17.906125,255.522375,-179.595
171,6,-14.03325,254.3455,-179.68
172,7,-12.756125,253.472875,-176.4975
173,15,-16.866625,250.5985,-176.31
174,7,-16.4285,250.11675,-181.32625
175,16,-11.127875,249.514375,-179.86
176,5,-12.9726,246.3372,-178.188
177,14,-16.81625,245.227875,-180.0075
178,9,-12.75677778,245.5291111,-183.0077778
179,15,-9.712,243.497375,-180.83375
180,5,-12.6168,240.5182,-180.024
181,9,-15.04411111,239.2025556,-183.7011111
182,13,-9.862222222,241.0632222,-185.9255556
183,11,-7.8808,238.7802,-183.122
184,16,-10.679,237.02575,-178.55125
185,8,-14.2295,234.38125,-181.885
186,15,-16.12875,237.227125,-178.655
187,4,-19.07971429,238.6352857,-180.4657143
188,13,-19.08011111,242.8323333,-182.7622222
189,14,-22.3865,241.190375,-178.2025
190,16,-22.41475,246.094625,-177.2025
191,8,-25.878125,249.618375,-178.6875
192,5,-22.7542,251.925,-179.434
193,9,-26.548,253.8665556,-179.9177778
194,8,-27.84475,253.8165,-176.26125
195,15,-23.406875,252.91025,-174.0625
196,17,-22.48728571,257.297,-175.3371429
197,7,-25.965875,258.79325,-175.60625
198,3,-27.85542857,256.5205714,-171.89
199,4,-27.95814286,258.1815714,-168.4671429
200,4,-25.786,252.351,-168.9242857
201,8,-28.560375,247.9145,-169.8775
202,9,-27.03966667,246.176,-165.16
203,12,-30.38745455,242.8306364,-167.4509091
204,5,-26.0104,244.1072,-171.598
205,15,-22.6395,245.34825,-169.875
206,14,-23.605375,241.6615,-166.7875
207,3,-23.68471429,239.6114286,-171.2414286
208,19,-19.0535,242.00375,-174.3066667
209,17,-18.03714286,241.2282857,-169.0985714
210,2,-19.3015,237.1448333,-169.3566667
211,1,-18.05833333,236.7281667,-172.7183333
212,18,-14.27763636,239.8423636,-172.5190909
213,19,-14.22716667,234.77475,-166.4633333
214,11,-16.7475,232.4173,-169.64
215,5,-12.3732,233.8826,-172.712
216,18,-9.853,237.0998182,-171.0718182
217,5,-8.9402,233.0158,-167.854
218,6,-8.5655,229.61525,-167.4725
219,5,-6.9044,229.8134,-164.692
220,9,-9.290333333,230.8462222,-162.45
221,10,-12.017,228.0554444,-166.4355556
222,5,-8.3616,224.5888,-165.224
223,9,-8.680111111,225.2893333,-160.6366667
224,3,-12.10685714,223.8642857,-161.4057143
225,5,-10.9838,220.9184,-163.754
226,5,-8.4178,219.469,-161.714
227,7,-10.001125,220.315625,-158.19875
228,12,-15.10445455,219.4098182,-160.9409091
229,15,-10.6285,215.292125,-162.06125
230,1,-8.802833333,215.1866667,-157.9016667
231,13,-13.17533333,215.6031111,-155.2311111
232,17,-13.98942857,211.741,-159.2114286
233,16,-9.47275,209.538,-158.235
234,5,-10.8042,209.482,-154.634
235,17,-14.17257143,207.9195714,-154.97
236,7,-11.047125,204.983,-157.6825
237,10,-7.837666667,204.3638889,-154.1755556
238,9,-10.865,205.2492222,-151.4566667
239,7,-13.986375,202.279625,-154.04375
240,9,-10.42466667,199.829,-155.8733333
241,12,-7.039909091,200.83,-149.2363636
242,16,-12.288625,199.840875,-149.365
243,14,-12.179,196.37,-153.36125
244,9,-9.448444444,194.6533333,-149.04
245,9,-13.49922222,191.0353333,-150.84
246,19,-7.034416667,189.4756667,-153.1108333
247,9,-6.637111111,190.5168889,-148.4644444
248,12,-11.47318182,190.7,-147.2909091
249,16,-12.1105,186.0745,-148.82625
250,5,-7.937,184.2422,-149.192
251,2,-6.9755,184.3686667,-145.75
252,9,-11.50377778,183.0396667,-144.3533333
253,16,-11.801875,180.356375,-148.145
254,16,-7.220875,179.682625,-149.825
255,9,-5.232111111,178.8244444,-144.8566667
256,20,-10.01035714,179.2867857,-140.4057143
257,15,-12.731375,176.870625,-144.245
258,12,-9.762545455,174.6596364,-148.7681818
259,12,-6.486363636,175.8545455,-142.2209091
260,3,-9.974857143,173.359,-140.6957143
261,15,-12.790375,170.510125,-143.0225
262,4,-9.364,168.2258571,-142.71
263,20,-8.043857143,169.8042857,-136.86
264,16,-12.66225,169.204375,-137.715
265,9,-14.09388889,165.5558889,-140.5866667
266,7,-9.56425,163.269625,-138.48625
267,12,-13.84009091,161.3198182,-137.7618182
268,3,-7.905857143,158.9604286,-136.2542857
269,4,-8.937,156.4747143,-133.8071429
270,5,-7.903,156.688,-129.84
271,5,-4.9466,157.9572,-128.768
272,3,-4.363142857,155.9977143,-125.4614286
273,14,-7.55425,158.622875,-121.81375
274,10,-3.368111111,161.6751111,-121.0477778
275,5,-4.4282,161.571,-125.84
276,14,-8.465375,162.018,-126.01125
277,10,-7.187444444,165.092,-121.33
278,13,-3.030111111,167.5355556,-125.3433333
279,16,-10.43825,167.53425,-125.85875
280,9,-7.302444444,171.3648889,-123.5
281,8,-6.709,170.97625,-128.95375
282,18,-12.13781818,171.2133636,-129.6127273
283,12,-13.22254545,173.382,-125.8427273
284,8,-7.070625,176.33325,-127.2825
285,19,-10.84075,175.8386667,-132.3033333
286,12,-15.06754545,175.9982727,-129.9045455
287,12,-10.67509091,180.1001818,-124.6963636
288,11,-7.2512,180.0137,-131.963
289,4,-13.52985714,183.6542857,-131.5142857
290,4,-11.47971429,185.7992857,-133.9642857
291,13,-11.54522222,183.9647778,-137.3866667
292,17,-17.01271429,184.9092857,-135.8
293,10,-16.21511111,189.4468889,-135.5322222
294,9,-12.73155556,188.4688889,-139.7155556
295,13,-18.558,185.8155556,-141.7577778
296,1,-19.1485,189.9755,-139.195
297,10,-16.23888889,193.4627778,-140.2133333
298,16,-16.470625,190.3665,-144.70375
299,9,-21.07222222,190.4746667,-143.4777778
300,15,-20.071,195.06325,-142.31625
301,7,-16.843125,195.74775,-145.19375
302,18,-21.03154545,193.2490909,-149.7072727
303,7,-22.93025,196.991375,-146.5125
304,3,-19.982,199.5995714,-146.8457143
305,16,-18.36025,199.246875,-150.865
306,10,-24.15133333,197.9848889,-152.0166667
307,3,-23.865,202.345,-150.11
308,13,-19.44922222,204.4987778,-151.5366667
309,16,-20.666125,201.78875,-155.49625
310,12,-25.93581818,203.4297273,-156.3663636
311,15,-23.162625,207.474,-153.495
312,2,-21.0765,207.5563333,-157.05
313,7,-24.317125,205.9,-159.275
314,12,-18.27145455,204.765,-159.1245455
315,4,-19.82414286,200.38,-161.5685714
316,5,-20.7984,197.0714,-159.556
317,18,-18.69209091,194.7617273,-156.1836364
318,14,-19.06075,190.268125,-159.2875
319,4,-17.122,189.3372857,-156.3085714
320,2,-14.46983333,186.1766667,-157.2483333
321,9,-15.57144444,182.2326667,-158.97
322,6,-15.344,181.6295,-155.3375
323,13,-13.46944444,184.0606667,-153.0966667
324,14,-19.443,185.733375,-154.0025
325,17,-19.84185714,186.735,-150.2214286
326,2,-23.309,184.3266667,-151.5383333
327,8,-20.365,181.10675,-151.465
328,15,-18.7215,182.30925,-147.8775
329,5,-22.1416,180.952,-145.808
330,6,-21.77525,177.917,-147.2975
331,5,-18.4642,177.4738,-147.252
332,20,-18.83178571,179.5199286,-141.4771429
333,10,-22.85522222,176.0372222,-143.1311111
334,12,-18.87890909,173.566,-146.9018182
335,16,-16.98975,174.361625,-141.13125
336,9,-20.583,174.8177778,-138.6355556
337,10,-22.10188889,170.2,-141.2844444
338,5,-17.6546,169.4238,-138.716
339,9,-17.45866667,172.3454444,-135.6066667
340,13,-22.60555556,168.1556667,-135.1033333
341,6,-18.77325,165.8435,-135.8275
342,19,-13.61683333,166.6285,-133.8975
343,9,-18.83066667,168.4611111,-131.0144444
344,9,-20.26977778,163.1684444,-133.4133333
345,20,-14.27414286,161.0402857,-132.9935714
346,16,-14.570375,164.033625,-129.39
347,16,-19.2065,162.9305,-127.335
348,7,-18.547,158.50125,-129.54125
349,9,-13.819,157.8332222,-128.7722222
350,15,-13.31175,159.95125,-123.39
351,12,-16.27927273,158.8241818,-124.5327273
352,12,-13.74709091,153.422,-127.0209091
353,16,-10.854125,155.317375,-124.2625
354,9,-14.14666667,155.9044444,-119.1933333
355,12,-16.49472727,152.4825455,-120.8945455
356,16,-11.009625,150.282375,-122.13875
357,9,-8.980666667,152.4184444,-118.63
358,11,-13.3654,151.3761,-116.009
359,16,-13.42775,146.33625,-118.71375
360,5,-8.7846,146.1864,-118.134
361,9,-8.430333333,147.0124444,-113.4411111
362,13,-13.35433333,144.602,-113.9
363,18,-8.935363636,140.5650909,-117.3
364,12,-4.698818182,143.8441818,-114.5718182
365,10,-8.622,143.0097778,-110.3644444
366,13,-11.50277778,139.2506667,-111.6988889
367,5,-7.006,136.896,-113.36
368,2,-4.998833333,137.567,-110.215
369,3,-7.874285714,135.9884286,-108.4
370,11,-8.7377,131.879,-111.477
371,9,-3.696,132.965,-112.1933333
372,3,-3.847714286,132.738,-106.9785714
373,20,-8.073642857,128.3412143,-107.4621429
374,5,-5.2868,127.4142,-110.18
375,19,0.45025,127.40025,-109.2508333
376,6,-2.1635,123.91025,-107.66
377,13,-5.535222222,123.5496667,-107.6266667
378,9,-3.006111111,121.5787778,-111.7977778
379,10,-0.181111111,119.4932222,-109.5444444
380,15,-4.0495,118.22325,-106.3125
381,16,-6.446875,116.21275,-110.03375
382,16,-2.96,114.578875,-111.90875
383,10,-2.192777778,113.1487778,-106.72
384,13,-1.892777778,108.3286667,-109.6688889
385,8,-2.73325,109.266875,-104.1375
386,19,-5.472833333,106.5211667,-106.8616667
387,9,-2.274555556,103.4223333,-106.5033333
388,2,-0.994333333,103.5646667,-101.15
389,5,-4.559,103.476,-100.158
390,2,-6.3605,102.2116667,-97.13833333
391,16,-10.736,101.34425,-97.56125
392,3,-9.788142857,103.9885714,-94.52428571
393,9,-6.183111111,106.2697778,-96.75444444
394,17,-9.658428571,105.8602857,-100.43
395,12,-14.48081818,104.9315455,-97.73
396,5,-11.059,109.9936,-97.156
397,16,-8.776875,110.72225,-100.42375
398,16,-13.71525,110.07,-101.8075
399,12,-15.50327273,112.7902727,-97.14
400,11,-12.7256,114.8624,-105.084
401,9,-17.50888889,115.8536667,-102.2144444
402,5,-15.1588,119.2854,-101.208
403,18,-12.076,120.2904545,-105.4372727
404,9,-16.51233333,118.4436667,-106.6388889
405,2,-17.815,122.3188333,-104.095
406,8,-14.40325,124.94925,-104.65875
407,16,-14.5225,123.582375,-109.0975
408,5,-18.6036,125.2004,-108.574
409,5,-18.1656,128.1774,-106.85
410,11,-14.1337,129.2873,-107.89
411,10,-19.11666667,128.438,-112.7255556
412,8,-20.751125,132.013125,-111.40375
413,12,-14.84627273,134.3495455,-110.3263636
414,17,-14.85142857,131.7718571,-114.7542857
415,9,-19.66177778,132.7988889,-116.2344444
416,10,-17.54455556,137.2396667,-114.4711111
417,15,-13.033125,136.19025,-116.8325
418,5,-15.1692,135.0878,-120.674
419,5,-17.2424,137.8896,-121.122
420,15,-14.884,140.93075,-119.47625
421,5,-12.911,139.5358,-122.986
422,10,-16.863,139.0658889,-125.6266667
423,9,-17.12544444,142.7781111,-124.3355556
424,16,-12.55525,144.201,-123.9525
425,7,-11.81475,141.806125,-128.77625
426,9,-16.37888889,144.7774444,-129.2588889
427,16,-13.9935,147.67125,-127.6975
428,8,-11.19675,146.7385,-131.48625
429,19,-8.358333333,146.1880833,-126.0816667
430,11,-2.9733,148.2561,-127.34
431,8,-3.165625,144.32275,-125.0975
432,5,-6.6868,142.1794,-127.178
433,17,-3.959,139.9644286,-128.8428571
434,7,-2.3805,139.374625,-124.56375
435,17,-6.678714286,139.2881429,-123.4328571
436,7,-8.416125,137.275125,-126.47625
437,8,-4.176375,134.167875,-125.04875
438,12,-4.441727273,135.8657273,-119.5136364
439,1,-9.173666667,133.7683333,-121.8133333
440,10,-7.6076,130.6996,-123.398
441,13,-3.452222222,130.6975556,-121.5666667
442,15,-7.709375,130.807125,-117.9625
443,1,-10.58383333,128.417,-120.5683333
444,8,-7.46275,125.9035,-122.405
445,10,-6.795222222,125.6613333,-116.6388889
446,20,-12.89514286,125.7022857,-115.5314286
447,8,-12.46375,123.417,-120.165
448,12,-6.742090909,120.8316364,-118.1672727
449,16,-9.170875,121.1705,-114.2225
450,6,-13.05475,119.23075,-115.2575
451,3,-11.99471429,116.4944286,-117.7342857
452,16,-8.896375,116.01825,-114.98
453,3,-12.46357143,116.099,-111.5657143
454,10,-14.26855556,113.4126667,-114.0266667
455,13,-10.55466667,111.5944444,-115.2266667
456,12,-8.785818182,111.9379091,-108.2127273
457,12,-15.55772727,111.0134545,-108.1945455
458,9,-13.58555556,107.4945556,-112.9188889
459,5,-10.6126,106.2968,-110.196
460,16,-10.926,107.63175,-106.13625
461,9,-15.61933333,105.8901111,-107.1066667
462,12,-12.67354545,100.5692727,-111
463,14,-9.135,101.588875,-105.7525
464,9,-13.96855556,102.4026667,-102.8433333
465,13,-15.24766667,98.39722222,-106.4477778
466,16,-11.612625,96.98975,-105.65625
467,16,-10.11075,98.20175,-101.0725
468,9,-15.77822222,97.94577778,-100.4255556
469,3,-14.74428571,93.21971429,-102.4071429
470,15,-10.941125,92.524,-100.32125
471,8,-13.312375,94.002625,-96.0325
472,10,-17.44877778,91.95933333,-97.46666667
473,16,-13.887375,88.3125,-99.085
474,11,-10.3547,89.6777,-95.631
475,16,-15.546,89.6795,-93.16125
476,9,-16.98788889,85.21944444,-96.14555556
477,18,-11.74645455,83.21745455,-93.75272727
478,5,-14.0084,85.0388,-90.64
479,13,-19.02588889,84.24866667,-90.79444444
480,12,-17.21690909,80.03163636,-94.29363636
481,5,-13.319,79.4554,-90.25
482,5,-14.2698,79.771,-86.79
483,4,-16.723,77.49371429,-87.08857143
484,18,-14.20281818,73.81781818,-90.48090909
485,7,-11.248125,75.251625,-85.93375
486,7,-15.56475,74.145375,-83.6175
487,20,-15.94978571,69.58578571,-87.58428571
488,14,-11.5145,70.277125,-86.9825
489,9,-11.53533333,72.00044444,-81.75333333
490,6,-14.58725,68.058,-81.6975
491,5,-13.6958,65.6508,-83.868
492,14,-9.5305,66.187,-82.81625
493,9,-12.87588889,65.66988889,-77.93666667
494,8,-15.453375,62.804625,-80.47125
495,16,-11.905125,60.372,-83.1975
496,10,-8.653777778,60.81555556,-79.13444444
497,8,-13.9885,58.990625,-77.06
498,14,-13.097625,56.69325,-72.7525
499,18,-14.58881818,53.03236364,-75.49545455
500,15,-18.376625,52.68725,-71.1475
501,17,-18.40371429,48.80757143,-73.6
502,11,-20.4191,47.0405,-70.037
503,2,-22.815,45.27716667,-74.73666667
504,15,-22.777125,43.149875,-78.31625
505,9,-26.72622222,47.28366667,-78.43666667
506,9,-23.23366667,49.35633333,-75.43888889
507,15,-19.867625,48.42025,-79.5675
508,10,-23.38,46.91977778,-82.73333333
509,2,-24.0655,51.792,-81.61
510,16,-20.213125,53.457875,-80.47375
511,15,-19.556125,50.900875,-84.54875
512,3,-23.62428571,53.07371429,-85.83285714
513,5,-21.773,56.4574,-85.154
514,11,-16.9931,56.1491,-86.88
515,9,-20.65477778,54.59455556,-89.68666667
516,10,-22.73566667,58.97044444,-90.28777778
517,18,-17.75445455,61.32609091,-88.65
518,5,-20.3662,60.1588,-94.574
519,3,-20.06828571,63.68128571,-93.37
520,16,-15.304,63.391125,-93.53375
521,4,-16.649,63.79085714,-97.42285714
522,9,-20.22222222,66.663,-97.15
523,5,-16.1294,68.6712,-94.924
524,8,-12.756375,68.20825,-97.76375
525,6,-15.5025,70.87525,-99.2275
526,9,-16.86222222,73.87255556,-96.19
527,12,-10.73109091,72.00563636,-96.46545455
528,10,-11.66111111,72.54966667,-100.8644444
529,2,-14.72783333,76.78383333,-99.92333333
530,15,-13.000625,78.100375,-96.37
531,14,-8.7895,76.895,-98.67875
532,5,-10.932,79.8654,-101.818
533,15,-12.221,82.840375,-99.525
534,10,-7.885,83.4868,-99.344
535,7,-6.577125,81.92675,-103.2425
536,9,-10.91166667,85.01355556,-104.8911111
537,17,-7.972285714,87.79657143,-102.0457143
538,9,-3.984888889,86.06844444,-102.6244444
539,13,-7.399444444,85.73188889,-107.9833333
540,17,-7.986428571,90.36657143,-106.7871429
541,15,-4.26025,91.63125,-104.87
542,10,-2.025,88.69455556,-108.9088889
543,2,-5.049166667,91.57983333,-111.1916667
544,19,-6.96475,94.53833333,-110.3358333
545,7,-0.18825,96.022375,-108.70625
546,15,-3.544875,96.055375,-105.03375
547,12,1.256090909,99.31036364,-102.4390909
548,15,-3.20975,95.6175,-99.545
549,2,-1.468166667,93.25016667,-96.875
550,2,-3.733166667,89.98883333,-97.77666667
551,2,-3.651333333,90.17516667,-93.86333333
552,7,-7.722125,88.489875,-92.0725
553,4,-7.720714286,91.60471429,-89.94714286
554,19,-11.43691667,91.26091667,-89.6
555,2,-8.447333333,86.04216667,-88.52166667
556,3,-7.828857143,83.92471429,-84.91285714
557,17,-7.929571429,81.17971429,-88.08142857
558,3,-4.068428571,80.29685714,-89.84142857
559,14,-5.133375,78.96925,-94.545
560,8,-1.682125,76.022125,-92.69375
561,9,-4.3932,75.7492,-88.844
562,16,-7.51625,74.92125,-90.84625
563,12,-4.040818182,71.984,-95.23909091
564,3,-2.653714286,70.856,-89.80857143
565,13,-6.496555556,71.17611111,-86.90777778
566,20,-9.244785714,67.63821429,-92.89857143
567,8,-4.26625,66.461125,-92.08625
568,13,-4.752666667,65.25544444,-85.92888889
569,17,-9.125571429,64.38514286,-88.33571429
570,13,-8.179222222,62.34566667,-93.00333333
571,10,-4.156888889,60.81533333,-88.61333333
572,16,-7.259125,60.210375,-85.72
573,17,-10.445,57.99728571,-88.72857143
574,4,-8.013142857,55.30285714,-89.34285714
575,15,-6.043625,55.06675,-85.28875
576,12,-12.02227273,55.56545455,-82.84454545
577,8,-11.556,52.253125,-87.33375
578,10,-8.580444444,49.34877778,-84.78111111
579,2,-10.21616667,50.73466667,-81.615
580,16,-14.446125,50.91775,-82.55125
581,10,-13.87322222,46.09633333,-85.18777778
582,9,-10.01311111,45.776,-80.98333333
583,9,-14.47066667,46.67711111,-77.75
584,16,-17.28025,44.070375,-81.77875
585,5,-14.3656,41.2726,-80.59
586,12,-14.08436364,42.96409091,-75.33545455
587,10,-18.19555556,42.623,-76.01111111
588,11,-18.8421,38.9408,-80.261
589,5,-15.5286,36.7286,-76.646
590,7,-17.016375,38.352375,-73.545
591,9,-21.79344444,36.36355556,-75.52666667
592,12,-17.59845455,33.67381818,-78.21363636
593,16,-16.751375,33.158125,-72.45125
594,12,-21.54127273,36.31218182,-71.40909091
595,12,-24.24481818,31.89890909,-75.26
596,10,-18.94311111,28.38422222,-73.75333333
597,18,-20.76754545,29.24027273,-67.21363636
598,5,-24.4316,28.4138,-69.606
599,5,-24.3608,25.366,-71.416
600,10,-21.637,22.84833333,-68.94333333
601,5,-24.665,25.1956,-66.078
602,7,-28.039125,25.28925,-68.06375
603,5,-26.7536,20.8212,-67.386
604,15,-24.759875,20.589625,-64.18625
605,6,-28.40225,21.643,-62.08
606,4,-30.661,19.81585714,-63.43
607,20,-26.69228571,15.23014286,-62.38428571
608,15,-27.420625,18.1065,-58.815
609,10,-32.37066667,19.02522222,-57.70666667
610,7,-32.5615,14.771375,-61.05375
611,13,-28.66533333,11.85244444,-59.08444444
612,14,-30.13525,15.3615,-54.4475
613,9,-35.09,15.28822222,-56.08555556
614,9,-32.75177778,9.487333333,-57.58555556
615,15,-30.8635,9.93875,-52.62
616,5,-34.7952,10.4576,-51.316
617,12,-35.94218182,7.303818182,-55.75363636
618,2,-34.02483333,5.056,-52.84833333
619,2,-35.0715,5.621833333,-49.10333333
620,15,-39.27425,5.153375,-49.04875
621,10,-37.54588889,0.579777778,-50.91888889
622,15,-41.677,-0.837625,-48.1325
623,3,-38.79,-3.446571429,-49.92
624,6,-35.9575,-5.774,-48.8825
625,5,-33.2826,-4.8912,-50.572
626,16,-30.17725,-4.083125,-47.29125
627,9,-28.85766667,-6.668888889,-51.50111111
628,8,-31.158375,-2.580375,-53.1625
629,10,-30.54344444,0.386444444,-49.97777778
630,14,-25.373375,-0.6545,-50.39875
631,7,-25.400875,-2.9545,-54.6675
632,10,-28.73811111,0.908333333,-57.15444444
633,16,-25.776,3.61775,-53.01375
634,13,-21.46133333,2.161555556,-53.61888889
635,10,-23.27133333,1.711,-58.67666667
636,19,-26.55858333,6.155583333,-57.4175
637,9,-20.46733333,7.001222222,-55.56333333
638,11,-18.6102,4.5935,-61.275
639,7,-22.67975,8.1455,-61.93125
640,15,-20.97775,10.920875,-58.8975
641,15,-16.593,9.65025,-60.1
642,7,-17.898375,9.928625,-64.69
643,19,-21.10791667,14.91725,-64.0175
644,7,-14.82,16.108125,-65.87375
645,7,-18.7985,18.0645,-66.1575
646,15,-18.103625,20.247875,-62.09625
647,8,-13.70575,20.51525,-62.9275
648,13,-15.51811111,20.89488889,-68.27111111
649,16,-18.29975,24.813625,-65.0275
650,9,-14.06244444,26.10177778,-62.62333333
651,6,-13.18525,26.7705,-66.1625
652,8,-15.74025,27.8095,-68.575
653,11,-15.9755,31.0967,-63.266
654,10,-11.43733333,31.69122222,-63.59444444
655,16,-12.1295,32.07325,-68.7175
656,15,-16.08675,34.779375,-67.0725
657,10,-14.03188889,35.89833333,-62.76666667
658,9,-9.339777778,35.606,-65.77555556
659,5,-11.8644,38.3826,-68.48
660,16,-13.3155,41.599875,-66.45375
661,17,-17.72471429,39.009,-67.67142857
662,18,-18.14036364,40.16645455,-63.00636364
663,8,-22.813875,39.679,-66.9925
664,7,-24.564125,35.12125,-67.48
665,13,-28.13633333,37.18055556,-70.57444444
666,11,-27.3312,33.4162,-71.381
667,3,-27.49,31.26042857,-66.08571429
668,7,-30.51025,31.46375,-63.32125
669,19,-28.077,27.352,-62.37666667
670,3,-23.97171429,31.79857143,-60.34142857
671,14,-19.971375,28.757,-59.82875
672,9,-21.97166667,29.50733333,-55.45111111
673,11,-27.0269,27.5077,-56.547
674,15,-23.219375,24.646125,-59.02625
675,12,-18.33027273,26.332,-56.19090909
676,17,-23.34371429,24.72757143,-52.83285714
677,6,-24.91075,21.5895,-54.5325
678,20,-20.80371429,18.09671429,-56.925
679,9,-19.95877778,21.06622222,-52.13222222
680,16,-25.1975,19.458,-50.33875
681,16,-24.526125,15.523,-53.6775
682,16,-20.8585,14.594375,-52.365
683,3,-22.64185714,15.57871429,-48.01
684,3,-26.19471429,13.51385714,-48.80285714
685,15,-24.1045,10.0245,-50.7175
686,5,-21.9378,9.7142,-47.204
687,12,-26.11481818,12.00390909,-44.34090909
688,3,-27.00942857,7.754285714,-46.95
689,15,-23.403625,5.36475,-47.56875
690,7,-23.06425,5.973375,-42.50125
691,9,-27.82566667,6.357555556,-42.04111111
692,17,-27.16014286,1.907,-44.46142857
693,9,-22.29422222,1.714888889,-42.39444444
694,3,-24.585,2.278285714,-39.26
695,10,-28.50477778,1.246666667,-39.05222222
696,15,-26.219,-3.31225,-41.49125
697,16,-23.174375,-3.2705,-37.41625
698,3,-27.72142857,-2.219428571,-35.52285714
699,12,-29.16318182,-6.558727273,-39.56272727
700,8,-25.75775,-7.849,-38.45
701,5,-24.2488,-8.4592,-35.116
702,13,-26.4916,-9.26,-32.646
703,6,-30.088,-9.67725,-34.0725
704,15,-33.72975,-8.409375,-35.68125
705,3,-32.75814286,-11.43357143,-38.56571429
706,10,-32.73766667,-12.86233333,-41.77222222
707,9,-36.17266667,-13.01788889,-44.38777778
708,10,-39.46044444,-11.77288889,-39.35333333
709,14,-36.4804,-8.0556,-40.844
710,7,-38.310125,-7.416875,-44.8675
711,9,-41.268,-7.4808,-42.546
712,18,-39.13090909,-5.589181818,-38.76272727
713,12,-38.8892,-3.0716,-42.666
714,5,-42.2616,-2.961,-43.764
715,2,-43.244,-2.184166667,-40.305
716,18,-39.03209091,1.529181818,-41.46363636
717,7,-42.3664,2.0488,-43.772
718,11,-46.0375,1.2729,-41.265
719,18,-48.71654545,3.892090909,-41.88
720,8,-45.5932,7.5412,-43.554
721,12,-50.02509091,10.77472727,-43.21272727
722,12,-45.0572,10.7952,-45.526
723,13,-41.7332,9.4144,-45.074
724,7,-40.926,13.66925,-45.83125
725,6,-42.453,15.17275,-42.655
726,16,-44.1466,16.7538,-39.864
727,14,-42.356625,14.8625,-36.725
728,8,-43.645875,14.028,-33.20375
729,11,-47.7434,13.595,-34.004
730,9,-47.05255556,12.449,-38.62222222
731,8,-44.748,9.34475,-38.25625
732,18,-44.8056,9.1574,-33.752
733,12,-48.1818,8.645,-33.14
734,5,-49.095,6.7138,-35.87
735,1,-46.5868,4.1872,-35.624
736,16,-47.379875,4.388,-31.16375
737,15,-51.373375,4.303125,-32.035
738,2,-50.586,1.489833333,-35.70666667
739,14,-47.8495,-1.6655,-33.76375
740,6,-50.136,-1.23075,-30.6325
741,19,-48.3636,0.2576,-27.554
742,8,-50.389,2.4768,-25.778
743,16,-47.9482,4.1928,-23.498
744,6,-48.01325,4.5815,-20
745,9,-46.5502,5.9422,-17.122
746,5,-44.2162,8.082,-19.13
747,9,-41.7236,10.4462,-20.498
748,18,-41.9954,9.7894,-24.248
749,5,-40.4308,12.4654,-26.028
750,12,-37.22627273,15.16354545,-24.37
751,15,-37.1536,9.0588,-24.394
752,14,-37.4698,9.1238,-27.914
753,3,-34.72857143,12.15071429,-28.31428571
754,16,-32.7792,9.9146,-25.796
755,17,-29.0174,10.1884,-26.168
756,8,-30.0346,12.9618,-28.396
757,4,-28.08785714,15.841,-27.96428571
758,7,-29.0358,18.9872,-30.546
759,6,-31.78425,17.86275,-32.59
760,10,-33.3314,20.7446,-33.112
761,6,-36.1155,18.5685,-32.86
762,3,-38.17171429,16.171,-35.13857143
763,17,-37.60885714,12.32271429,-33.63285714
764,3,-34.76971429,11.00085714,-36.30714286
765,18,-38.194,6.829090909,-38.78818182
766,10,-33.57077778,4.210777778,-38.95666667
767,2,-31.28116667,5.837,-35.34166667
768,18,-34.25236364,7.432363636,-32.68818182
769,15,-37.094625,2.462125,-35.8375
770,8,-32.472,0.2885,-34.495
771,18,-34.57536364,2.096545455,-29.52909091
772,14,-37.3542,-0.069,-31.216
773,3,-36.20914286,-3.606,-32.06142857
774,12,-31.35536364,-4.116272727,-30.19272727
775,9,-36.35855556,-0.804444444,-25.85777778
776,3,-35.88542857,-5.355714286,-26.13
777,5,-31.672,-6.0918,-25.196
778,8,-29.89475,-9.70475,-24.8125
779,3,-25.70742857,-7.285428571,-24.28428571
780,8,-21.923125,-8.605375,-21.72125
781,3,-23.51028571,-6.550142857,-18.55428571
782,5,-20.3808,-5.8488,-15.968
783,9,-22.40122222,-9.148777778,-14.78222222
784,10,-19.83844444,-12.41788889,-17.78555556
785,17,-16.20842857,-9.393,-17.06714286
786,15,-16.703625,-9.35825,-12.78875
787,5,-16.946,-13.6856,-13.434
788,2,-14.39533333,-13.99983333,-16.07166667
789,18,-11.21054545,-10.23909091,-14.27363636
790,12,-15.60963636,-15.13663636,-10.50818182
791,15,-11.615875,-17.352,-13.235
792,16,-8.2305,-14.462125,-14.07
793,5,-8.7036,-14.643,-9.746
794,2,-8.768833333,-17.38483333,-7.206666667
795,8,-13.599,-17.234125,-5.905
796,13,-9.844777778,-13.40022222,-5.554444444
797,4,-12.54171429,-10.03342857,-4.022857143
798,19,-9.269833333,-8.395833333,-3.314166667
799,15,-6.6415,-9.072875,-8.96875
800,16,-2.555875,-9.629875,-7.85875
801,5,-0.4092,-7.6712,-11.112
802,9,1.696222222,-10.14355556,-9.974444444
803,9,-2.708333333,-12.44388889,-11.9
804,16,-2.496625,-9.6375,-15.14875
805,12,4.352181818,-11.25163636,-16.02727273
806,12,0.615454545,-15.13272727,-14.09181818
807,9,-3.570444444,-15.27055556,-16.03
808,16,-3.398125,-11.503,-19.72875
809,4,-1.837857143,-11.04457143,-23.23285714
810,4,1.862571429,-8.868571429,-22.8
811,8,-0.202125,-5.60225,-23.87875
812,10,-3.741777778,-6.642,-22.05111111
813,5,-1.123,-6.172,-17.872
814,10,0.578111111,-1.730444444,-18.45444444
815,19,-4.9935,-0.9665,-20.84916667
816,1,-5.4565,-3.613833333,-16.29666667
817,15,-2.018875,-2.238375,-13.87375
818,13,-2.942333333,3,-15.37888889
819,12,-7.858090909,1.875636364,-17.16090909
820,14,-7.423625,-1.75125,-11.965
821,4,-8.687285714,0.106142857,-8.625714286
822,5,-7.2094,-1.0642,-4.944
823,19,-8.3154,-2.925,-1.844
824,2,-11.833,-4.059,-2.743333333
825,6,-12.44725,-4.9685,0.9475
826,4,-12.86757143,-6.765571429,4.005714286
827,6,-10.044,-9.3805,2.665
828,2,-7.5225,-7.602833333,1.916666667
829,17,-4.259714286,-8.530571429,-0.364285714
830,4,-0.649285714,-7.418857143,0.102857143
831,6,-1.513,-5.36525,-3.57
832,5,-4.6874,-5.82,-4.538
833,16,-5.68475,-4.5205,-8.21
834,8,-11.049,-3.31925,-7.77
835,19,-12.63191667,-7.4625,-9.979166667
836,5,-15.4644,-3.5928,-9.776
837,5,-14.4412,-0.205,-10.248
838,18,-12.06709091,-1.936636364,-14.72454545
839,2,-16.7145,-2.696166667,-14.61666667
840,2,-19.263,0.311666667,-14.025
841,5,-16.9534,2.5194,-16.246
842,16,-16.362625,-0.33425,-19.10875
843,19,-20.17341667,-2.592,-20.23833333
844,6,-23.51925,1.13425,-18.855
845,9,-24.6804,3.2996,-16.188
892,2,-23.4215,6.2355,-14.17666667