1,14,27.40810526,4.087052632,0.657368421
2,2,24.64036364,0.565909091,3.253636364
3,2,20.99245455,2.607545455,3.184545455
4,5,19.5871,-1.3601,2.741
5,12,24.42604167,-3.109875,5.970416667
6,18,17.49635,-5.53935,4.4695
7,8,19.81075,-10.4715,5.0925
8,2,17.82254545,-9.625363636,0.951818182
9,2,17.72027273,-14.28418182,1.812727273
10,8,17.338,-15.2535,6.01
11,12,13.10995833,-17.00629167,4.793333333
12,2,15.33945455,-15.13254545,10.50636364
13,5,15.3935,-11.1515,8.278
14,20,12.33408333,-11.549125,4.584583333
15,19,8.46452381,-14.79928571,5.467619048
16,14,7.409647059,-11.22652941,9.910588235
17,6,4.373428571,-15.00957143,7.582857143
18,4,1.492571429,-16.40192857,9.912857143
19,17,1.1475,-11.0076875,9.853125
20,2,-2.772454545,-10.70836364,8.033636364
21,12,-4.7735,-5.202708333,6.51125
22,10,-5.082294118,-9.326470588,11.92058824
23,9,-1.511866667,-8.8514,13.34
24,5,0.307,-5.9639,9.684
25,10,-2.796529412,-2.680470588,11.72411765
26,3,-0.801142857,-3.375142857,15.28785714
27,12,3.923291667,-5.952916667,13.9
28,16,4.321684211,-1.981684211,10.18157895
29,10,0.516647059,2.429411765,12.87470588
30,6,3.493428571,4.890142857,14.64
31,10,6.765823529,3.624058824,17.26882353
32,12,6.308541667,3.058541667,11.79583333
33,11,10.10658824,6.163,9.18
34,6,11.72785714,1.931714286,6.73
35,14,10.35070588,-0.393411765,10.44882353
36,18,10.7108,-4.52955,5.5625
37,16,6.016631579,-6.993842105,7.685789474
38,17,7.392375,-10.210125,3.346875
39,12,1.624916667,-9.907875,5.468333333
40,8,1.95625,-15.79325,4.503333333
41,2,-1.446090909,-13.05718182,2.103636364
42,2,-5.480545455,-14.16918182,3.65
43,3,-5.845571429,-12.76678571,-0.939285714
44,1,-4.803090909,-16.92945455,-2.251818182
45,4,-2.9885,-19.77542857,-0.285714286
46,6,0.651142857,-17.49714286,-2.771428571
47,8,-0.7015,-13.84341667,-2.140833333
48,19,3.750238095,-14.1332381,-0.215238095
49,17,1.0580625,-8.3156875,1.9225
50,16,6.770263158,-5.953684211,1.157368421
51,2,3.789,-4.350454545,4.711818182
52,17,7.1089375,-0.7931875,3.54375
53,2,6.450545455,1.825545455,7.750909091
54,9,8.0354,5.394733333,5.266666667
55,7,5.313285714,9.282214286,4.932142857
56,2,3.636727273,7.676909091,9.432727273
57,12,2.905666667,5.123875,3.792916667
58,17,1.2519375,0.4595625,6.75625
59,2,2.916272727,0.893636364,1.844545455
60,11,-0.243294118,-2.611235294,2.707647059
61,19,4.310714286,-2.125666667,-1.693333333
62,15,0.073263158,-7.841315789,-2.997368421
63,15,5.208684211,-10.40884211,-3.131578947
64,7,1.684571429,-11.87457143,-6.852857143
65,2,2.912545455,-16.76809091,-7.22
66,16,4.691157895,-14.99105263,-11.82684211
67,4,3.728357143,-19.08878571,-13.94785714
68,7,7.600714286,-22.14085714,-11.38071429
69,12,7.970541667,-18.954,-15.95375
70,12,10.681875,-13.84079167,-13.06333333
71,18,7.7562,-14.412,-6.777
72,13,3.732772727,-9.529590909,-11.60045455
73,15,6.269947368,-6.727421053,-5.901578947
74,6,3.115428571,-5.034142857,-8.717142857
75,8,3.48575,-5.1995,-12.87833333
76,10,7.873647059,-4.038,-11.75823529
77,9,8.752466667,-9.004133333,-13.46666667
78,18,11.3458,-8.1462,-9.2215
79,8,13.81041667,-13.88683333,-10.61166667
80,11,14.56494118,-14.18252941,-6.522941176
81,16,10.43378947,-12.79805263,-1.972631579
82,4,15.53928571,-12.5555,-2.367142857
83,5,15.2167,-9.9657,-6.266
84,16,11.08594737,-7.910105263,-4.469473684
85,16,13.44831579,-7.177736842,-0.748421053
86,9,18.20146667,-5.143933333,-4.818666667
87,18,13.2842,-2.01005,-7.7795
88,19,10.95152381,-1.939190476,-4.232857143
89,13,18.77977273,0.263454545,-1.769090909
90,15,17.79373684,1.769894737,-6.191578947
91,11,11.55052941,2.771411765,-6.397647059
92,19,14.04195238,6.214666667,-2.384285714
93,16,9.081789474,1.303684211,-1.009473684
94,8,8.073416667,6.74975,0.480833333
95,3,10.54535714,9.763428571,2.090714286
96,3,12.6745,6.074785714,3.197142857
97,3,14.55471429,3.109285714,0.423571429
98,16,13.00747368,-1.767105263,1.562105263
99,15,16.24163158,1.391052632,5.699473684
100,9,16.57706667,-2.2496,8.774
101,4,13.85957143,-5.727857143,9.112142857
102,5,9.7531,-4.99,11.435
103,4,9.498071429,-5.7015,15.27642857
104,12,11.1705,-12.47304167,16.09333333
105,19,3.568809524,-11.35480952,16.95285714
106,4,4.416428571,-14.16564286,13.61
107,2,7.010545455,-16.41054545,11.21727273
108,4,10.81607143,-17.01364286,12.69785714
109,4,11.25821429,-12.179,12.11785714
110,14,16.26129412,-8.938470588,12.65411765
111,6,13.57142857,-9.400571429,15.86142857
112,2,13.78209091,-5.853,16.94727273
113,17,12.3548125,-5.2391875,21.869375
114,2,12.41127273,-1.284818182,20.24
115,5,12.8654,1.0202,16.606
116,4,16.31421429,3.318428571,16.65
117,7,14.07964286,5.291071429,13.09857143
118,16,10.28115789,8.599052632,17.14473684
119,4,8.175,8.344214286,13.22785714
120,3,8.105285714,13.20964286,11.76071429
121,5,4.3318,13.9056,10.613
122,9,0.295866667,11.79206667,10.026
123,8,-0.729,12.37083333,5.37
124,7,-4.655142857,11.13807143,4.864285714
125,16,-2.219947368,11.21357895,0.455263158
126,9,-5.8008,6.3168,-0.856666667
127,19,-8.643761905,6.117571429,-3.762857143
128,17,-5.10425,11.5384375,-5.919375
129,12,-9.370541667,11.94116667,-8.445833333
130,3,-4.675571429,13.08485714,-12.68071429
131,16,-7.837263158,17.55236842,-12.36210526
132,19,-2.34,20.24519048,-16.24428571
133,8,-2.548666667,15.61683333,-18.30083333
134,18,3.24735,15.1087,-16.536
135,4,2.5165,13.41442857,-20.86071429
136,6,6.039,11.73257143,-18.65142857
137,7,5.529642857,8.7005,-20.75785714
138,8,9.000916667,6.817833333,-17.03166667
139,5,9.0742,4.6038,-13.706
140,9,11.1438,9.185466667,-12.768
141,8,7.75725,10.6185,-15.02166667
142,16,2.301684211,8.013894737,-13.35421053
143,4,2.323928571,8.298357143,-17.80142857
144,18,-0.9469,12.3242,-15.071
145,13,-6.320363636,10.47331818,-19.07545455
146,13,-6.670818182,15.45181818,-20.14090909
147,6,-8.91,11.95,-15.69
148,9,-6.1564,9.147733333,-15.18066667
149,15,-8.765105263,7.429052632,-10.60473684
150,16,-3.323789474,8.409105263,-10.04736842
151,17,-3.674375,4.72725,-5.506875
152,15,-0.928315789,8.996789474,-3.506842105
153,15,2.033105263,3.537052632,-4.354736842
154,9,5.303933333,5.517733333,-3.305333333
155,13,3.94,12.01322727,0.351818182
156,4,8.664214286,10.79421429,-2.467142857
157,9,9.169733333,14.96246667,-2.338
158,9,5.693266667,17.89073333,0.296
159,10,6.432235294,19.97482353,-5.518823529
160,20,6.623791667,16.054375,-8.674583333
161,20,1.684958333,13.71154167,-3.569166667
162,2,5.052363636,8.410818182,-5.917272727
163,5,0.8813,7.9774,-7.789
164,12,-1.713708333,2.401125,-7.250833333
165,7,-1.729857143,4.705571429,-13.72928571
166,13,-6.994909091,3.294227273,-15.045
167,8,-1.505083333,0.950333333,-15.5625
168,6,-0.485285714,0.611285714,-11.69285714
169,12,3.170458333,2.636333333,-15.18916667
170,17,4.605125,3.4535625,-8.980625
171,6,5.194857143,7.379571429,-10.71142857
172,14,7.375176471,11.22582353,-8.695882353
173,15,2.084368421,12.53826316,-9.575263158
174,4,2.700642857,16.89621429,-10.79428571
175,17,0.63075,17.97675,-5.538125
176,4,0.235357143,21.2605,-8.685
177,19,-0.006333333,18.93033333,-12.91952381
178,17,-3.05175,15.8143125,-8.600625
179,9,-7.821466667,17.2904,-6.845333333
180,13,-6.361636364,14.91986364,-1.511818182
181,16,-12.08763158,11.11347368,-3.484736842
182,17,-9.6043125,12.2408125,1.271875
183,12,-7.895708333,18.06908333,-1.419583333
184,2,-14.67354545,16.96845455,-0.580909091
185,2,-13.53581818,21.10945455,-0.853636364
186,4,-15.51264286,24.6425,-1.772142857
187,11,-11.40882353,23.13494118,-5.023529412
188,6,-14.23557143,25.37957143,-8.691428571
189,13,-19.34072727,26.12336364,-7.843181818
190,11,-17.09858824,19.70176471,-5.935294118
191,6,-21.54442857,21.58357143,-6.888571429
192,7,-20.57785714,20.09307143,-10.58428571
193,12,-23.229875,16.531125,-6.697083333
194,7,-18.474,14.637,-11.77285714
195,2,-17.96127273,12.44872727,-7.217272727
196,7,-20.08135714,8.712571429,-10.15214286
197,2,-17.43890909,10.13027273,-12.70272727
198,19,-17.37938095,5.504904762,-16.62333333
199,6,-17.70985714,3.548428571,-13.06
200,15,-17.888,-1.008157895,-11.95842105
201,4,-20.64728571,0.526428571,-8.09
202,9,-16.14853333,-3.049266667,-6.895333333
203,4,-16.74878571,-1.182357143,-2.547857143
204,5,-12.352,-3.3039,-3.257
205,11,-10.34917647,-3.416294118,0.972941176
206,5,-6.8247,-2.252,-3.766
208,5,-0.4189,-0.4469,-1.791
209,10,-0.375470588,-4.602647059,-5.353529412
210,4,1.657714286,-1.906,-7.722857143
211,10,-4.258470588,-1.912882353,-9.068235294
212,3,-0.861714286,-4.790714286,-13.53
213,3,-5.453142857,-3.522214286,-14.62642857
214,3,-4.160785714,-7.953357143,-17.24857143
215,4,-5.079142857,-4.975571429,-20.5
216,16,-8.032315789,-9.319894737,-21.84894737
217,4,-3.079642857,-11.05092857,-22.46785714
218,5,-3.531,-10.1827,-27.459
219,17,0.7511875,-10.7758125,-28.48125
220,2,0.852909091,-13.99181818,-24.38363636
221,6,4.239571429,-15.61457143,-25.96714286
222,2,6.861,-18.60436364,-24.92545455
223,4,10.59271429,-16.40457143,-24.80142857
224,6,11.54514286,-18.65157143,-28.74857143
225,5,15.2593,-19.3697,-29.56
226,5,15.9477,-15.7078,-28.06
227,15,17.14789474,-16.01810526,-32.78052632
228,3,15.76935714,-11.22385714,-31.75714286
229,4,19.42292857,-9.028928571,-32.21142857
230,16,16.79421053,-5.470684211,-28.61421053
231,4,15.6585,-10.02621429,-26.80785714
232,2,14.92518182,-7.010454545,-24.13545455
233,3,11.86571429,-3.807857143,-23.28928571
234,10,14.13717647,0.795823529,-25.42470588
235,7,15.18528571,-0.778214286,-19.87142857
236,6,18.72285714,1.622571429,-21.36142857
237,4,22.50178571,1.568857143,-21.47285714
238,17,22.6905,-1.6903125,-25.829375
239,18,25.3702,-3.4286,-21.577
240,5,28.1705,-5.0781,-26.647
241,13,31.32095455,-9.413954545,-24.72772727
242,5,34.652,-6.1529,-28.167
243,15,33.75305263,-10.47394737,-30.89315789
244,10,37.39064706,-9.050411765,-33.31705882
245,13,42.57813636,-7.028545455,-30.78954545
246,12,38.42875,-1.430166667,-34.055
247,17,44.393,-1.1145625,-32.81125
248,4,44.75135714,3.220142857,-32.16142857
249,1,43.96209091,2.087363636,-36.95181818
250,5,41.0775,3.3783,-39.179
251,19,44.39961905,5.475142857,-41.72142857
252,8,42.72,8.239666667,-36.35333333
253,13,36.97904545,9.316,-39.45090909
254,3,35.49635714,8.606785714,-35.55714286
255,5,38.5522,4.8852,-34.542
256,16,35.82694737,3.452105263,-29.68052632
257,5,40.0593,1.649,-29.145
258,16,36.37478947,-1.425842105,-28.90526316
259,9,40.7934,-4.747933333,-25.98133333
260,17,40.181,-8.8860625,-26.926875
261,6,36.28014286,-8.563714286,-24.11
262,8,36.14383333,-4.39525,-23.52666667
263,15,31.55015789,-4.683105263,-21.53842105
264,17,31.1693125,-1.5243125,-26.174375
265,13,29.35322727,0.638318182,-21.12136364
266,17,26.0976875,1.1325625,-27.439375
267,3,24.26,5.2315,-25.14642857
268,12,24.484625,8.448916667,-30.19208333
269,14,22.85788235,1.797529412,-31.50764706
270,7,24.03335714,5.241928571,-36.08928571
271,15,19.28189474,3.406473684,-38.86894737
272,7,24.66385714,2.717857143,-41.20071429
273,6,25.47114286,0.26,-38.37428571
274,10,27.60329412,4.173470588,-38.40647059
275,20,26.112,0.110375,-33.29708333
276,9,27.89653333,6.523933333,-31.43066667
277,6,30.06828571,4.426428571,-27.92285714
278,9,30.4864,6.342933333,-24.24933333
279,17,34.8471875,2.64375,-24.3925
280,7,37.28792857,3.950142857,-20.91071429
281,6,36.622,8.262428571,-22.39428571
282,12,38.53125,7.273375,-27.4025
283,13,32.77377273,10.64204545,-27.79
284,6,33.38114286,6.195428571,-31.23285714
285,16,31.32257895,5.983684211,-35.39894737
286,18,30.99335,0.45655,-32.213
287,4,31.93528571,-1.839857143,-36.68357143
288,18,27.01375,-4.4564,-37.311
289,3,30.60607143,-6.836142857,-37.99714286
290,11,34.52729412,-4.991705882,-33.3
291,17,30.477375,-5.572375,-31.141875
292,13,27.56945455,-11.38754545,-29.51181818
293,15,24.05757895,-7.166578947,-29.02578947
294,18,25.9576,-9.401,-24.0965
295,8,21.21891667,-11.1895,-22.36083333
296,4,22.12371429,-7.368214286,-20.625
297,10,19.87664706,-8.796647059,-17.52235294
298,7,23.74985714,-13.01528571,-17.84357143
299,4,20.30892857,-16.09721429,-15.80214286
300,8,24.19766667,-17.90816667,-16.21333333
301,9,28.0796,-17.66153333,-13.03
302,7,26.29114286,-13.282,-11.25285714
303,9,21.591375,-14.0965625,-10.17875