75,14,-10.114625,27.225875,34.51875
76,6,-8.08,23.44775,35.2075
77,4,-5.673571429,21.16757143,35.11
78,2,-1.722333333,22.71666667,33.90333333
79,9,-0.35,22.514,29.62222222
80,7,2.607375,20.63175,31.7175
81,8,-0.363875,18.697875,36.165
82,4,2.110714286,15.89971429,36.96428571
83,7,-1.281875,14.689875,38.72125
84,16,-3.20125,15.687,33.62875
85,18,-3.784909091,10.95381818,34.51909091
86,17,-6.351142857,10.54128571,29.64571429
87,5,-9.3946,8.3246,29.52
88,16,-7.643375,4.671875,27.885
89,19,-10.4225,1.97375,28.0275
90,8,-15.88075,4.512625,28.80125
91,18,-15.78790909,3.431272727,35.16636364
92,17,-20.07714286,3.439428571,34.28714286
93,5,-20.7496,4.5074,37.974
94,2,-21.8555,2.223166667,40.82
95,6,-22.146,5.063,42.6025
96,8,-20.73425,8.06775,45.08
97,7,-17.261875,6.57325,46.45875
98,3,-17.51885714,5.421285714,41.82285714
99,16,-15.792375,9.148625,38.865
100,2,-18.2595,8.404333333,35.74833333
101,15,-14.55975,8.216625,33.28625
102,3,-15.47,9.507857143,28.85571429
103,13,-12.25011111,7.458555556,25.38666667
104,6,-10.86575,11.67725,26.62
105,9,-12.84411111,12.93066667,30.65222222
106,13,-8.724111111,15.26077778,30.33777778
107,16,-8.433625,12.63425,34.88875
108,12,-6.092909091,16.637,39.76272727
109,17,-4.797571429,11.63771429,40.04428571
110,16,-5.953,12.999,44.22375
111,6,-4.69125,8.78075,44.54
112,19,-2.52825,5.946333333,43.22666667
113,7,-5.4985,1.632125,45.97125
114,11,-3.9921,-1.45,48.533
115,7,-3.041375,-2.152,44.85125
116,6,-2.7885,1.041,42.53
117,9,-5.543,-2.058555556,41.26222222
118,20,-9.886857143,1.061428571,41.73
119,1,-7.445,6.164166667,41.29333333
120,9,-9.055444444,9.648222222,44.97
121,5,-10.4246,11.1188,40.762
122,10,-10.68,15.72755556,40.72111111
123,3,-13.54585714,15.48857143,37.00714286
124,13,-14.93544444,19.29144444,34.48333333
125,7,-18.3895,15.869,36.515
126,6,-15.9275,15.2235,40.4175
127,10,-13.809,13.49433333,44.07111111
128,6,-13.51575,9.398,42.6425
129,20,-11.40321429,5.743785714,44.65642857
130,17,-11.26142857,5.385285714,38.77
131,4,-10.16642857,2.084285714,37.22714286
132,2,-5.686833333,2.5375,37.16333333
133,7,-6.878125,-0.34725,34.17
134,19,-10.71716667,1.572916667,32.69
135,15,-6.373625,6.099125,33.6575
136,3,-3.012142857,7.369714286,30.66285714
137,4,-0.204428571,9.188857143,31.91142857
138,17,-0.800714286,13.54571429,29.83142857
139,7,2.154875,15.13,31.74
140,2,5.1035,11.1875,32.61333333
141,16,7.248125,12.4635,36.16875
142,9,8.921666667,7.955222222,33.34666667
143,13,9.082,13.77922222,30.76333333
144,11,11.9214,14.3683,34.086
145,2,16.674,11.353,33.43333333
146,20,14.80907143,13.22707143,37.69428571
147,19,10.41683333,9.45475,37.94
148,11,14.2564,5.8181,36.415
149,6,9.63275,4.48775,37.895
150,4,8.625142857,1.126571429,38.20714286
151,17,12.65671429,0.513428571,40.35285714
152,2,13.54533333,-2.386333333,42.83
153,12,16.58654545,-1.280363636,48.12545455
154,7,17.597125,-4.71475,44.72375
155,5,17.4964,-2.4208,40.526
156,5,18.524,0.7094,41.828
157,9,21.55522222,-1.158777778,44.49
158,19,22.27633333,-3.061166667,37.46
159,16,20.6255,1.36075,37.56125
160,16,23.179,3.5335,41.07375
161,2,26.97916667,0.118333333,39.80833333
162,2,28.0805,3.3255,38.02166667
163,6,29.21775,6.654,39.6425
164,15,29.733875,10.5755,40.375
165,7,29.804,11.061,44.4775
166,6,25.1335,11.81175,43.465
167,2,24.4455,9.622833333,41.29666667
168,18,19.46645455,11.25818182,41.24363636
169,16,17.13025,6.984875,40.87125
170,17,13.14714286,8.986142857,41.53
171,12,12.75218182,3.932272727,43.87090909
172,9,7.232777778,4.483666667,41.06
173,2,6.557166667,1.1555,44.16666667
174,9,7.118777778,-2.442888889,41.62777778
175,2,2.7155,-1.347,44.195
176,2,2.0515,2.371333333,44.995
177,4,2.520857143,4.603714286,42.14285714
178,6,3.21275,6.79775,45.72
179,10,5.825555556,3.679333333,47.99333333
180,12,7.473545455,8.680818182,44.92454545
181,2,12.28716667,6.461833333,46.67
182,15,15.620875,9.224625,46.58
183,2,18.36766667,6.1055,44.965
184,16,22.174625,8.607625,46.5925
185,12,27.09636364,5.514,43.96454545
186,19,28.919,9.246833333,49.37666667
187,9,32.48455556,7.371666667,48.19777778
188,6,30.17525,3.129,46.345
189,12,27.27281818,2.216727273,50.30090909
190,17,23.49314286,2.770428571,47.20428571
191,19,23.62541667,5.563083333,50.875
192,11,18.0938,3.3544,49.223
193,19,17.447,8.549,51.30333333
194,12,10.64154545,5.623,51.39363636
195,15,9.707625,10.632875,48.8725
196,7,7.602125,11.41325,52.92375
197,3,3.238142857,12.60228571,51.15428571
198,5,2.0482,15.3036,53.624
199,2,-1.1945,16.087,55.19666667
200,8,-0.477625,19.071625,52.57625
201,6,1.0815,17.0085,49.715
202,13,3.962666667,19.85466667,50.99666667
203,16,6.71925,16.3375,48.445
204,19,8.3175,15.13475,53.89916667
205,17,13.15557143,13.81814286,52.72142857
206,2,13.52783333,16.54716667,55.49666667
207,2,10.11783333,17.69683333,58.205
208,9,11.31366667,21.70544444,58.96777778
209,2,12.28366667,20.59733333,53.90666667
210,12,7.215,19.72118182,54.32727273
211,18,9.680272727,20.82545455,48.81363636
212,7,3.96275,21.438,45.88625
213,3,7.191142857,19.87771429,43.14428571
214,16,9.481375,15.6945,42.8425
215,5,11.3564,19.3872,41.084
216,9,10.65911111,22.33,44.50222222
217,16,12.625375,17.52125,46.41875
218,17,15.44,17.49685714,43.06
219,11,16.0079,21.5714,41.647
220,11,16.5871,21.8069,48.484
221,11,17.6574,17.8706,48.471
222,2,20.99483333,19.5405,44.3
223,3,21.71657143,23.07985714,46.30142857
224,17,21.39828571,21.48971429,49.95857143
225,5,21.7382,17.919,51.442
226,8,18.65675,19.094625,54.1125
227,6,19.609,14.68975,54.9825
228,16,20.40875,13.522625,51.7
229,15,25.045625,11.16425,52.525
230,3,25.37257143,13.87328571,49.28571429
231,3,24.34485714,16.62257143,47.00142857
232,16,21.0515,15.162375,44.47
233,11,24.9446,15.1614,39.611
234,19,20.0425,18.6625,37.7525
235,4,21.40585714,16.13114286,35.32
236,5,23.73,17.5898,32.314
237,4,22.210375,19.293125,29.32625