26,16,-244.377375,-121.49625,23.03
27,8,-243.9755,-123.133875,19.5025
28,4,-245.303714286,-121.814,15.6914285714
29,5,-241.8844,-124.645,15.18
30,20,-245.674428571,-126.580714286,12.5221428571
31,9,-240.286,-130.199888889,13.98
32,13,-243.140111111,-132.792111111,10.2177777778
33,10,-241.996222222,-126.620777778,7.20888888889
34,10,-238.338111111,-126.590777778,10.2833333333
35,12,-236.010545455,-132.541545455,6.83818181818
36,13,-240.029333333,-128.810111111,2.74777777778
37,3,-237.300857143,-124.657857143,4.80857142857
38,18,-234.119818182,-125.871545455,7.47181818182
39,3,-233.685142857,-129.013714286,2.15571428571
40,5,-234.5268,-125.2304,0.502
41,20,-230.295928571,-122.193,3.61714285714
42,1,-228.893666667,-126.588666667,1.01333333333
43,7,-230.07025,-127.3895,-2.41625
44,2,-230.147333333,-122.223,-2.3
45,11,-225.3117,-121.7034,-0.615
46,16,-225.19075,-126.142,-3.51375
47,12,-228.567454545,-124.288181818,-7.97909090909
48,13,-225.180666667,-119.369555556,-4.75777777778
49,5,-220.574,-122.7252,-5.5
50,6,-222.10075,-125.2685,-7.5
51,3,-223.667714286,-126.260428571,-10.9428571429
52,10,-224.286333333,-130.831222222,-7.94
53,15,-228.233125,-130.597875,-7.67
54,9,-227.027111111,-133.261,-3.67666666667
55,7,-231.39,-134.584,-1.175
56,15,-231.8845,-133.660625,3.01
57,9,-234.102666667,-138.081444444,5.04111111111
58,9,-228.684333333,-140.245222222,5.9
59,8,-228.104125,-137.059625,3.49875
60,18,-227.063454545,-133.332363636,6.99090909091
61,12,-227.265545455,-139.252363636,10.4881818182
62,8,-222.236375,-138.697625,6.52
63,6,-220.6805,-135.036,7.09
64,16,-219.01625,-135.565,3.69875
65,13,-222.696777778,-133.390111111,1.93555555556
66,16,-222.413125,-130.978125,7.09125
67,14,-217.1595,-130.57975,5.91
68,16,-218.796,-129.35675,1.16125
69,16,-222.6985,-126.026,3.6125
70,16,-218.794625,-125.46125,6.6875
71,9,-216.076777778,-125.558555556,1.87
72,17,-219.776285714,-122.383,0.864285714286
73,15,-220.31325,-120.969375,5.00625
74,2,-215.9115,-120.020333333,3.83333333333
75,6,-213.65,-121.343,1.6375
76,9,-211.623444444,-122.010111111,4.06222222222
77,12,-209.407636364,-127.661545455,0.00727272727273
78,16,-213.140625,-128.344375,4.79375
79,5,-210.0774,-131.8544,4.396
80,13,-210.953444444,-135.072555556,8.00444444444
81,4,-208.243714286,-137.454428571,6.53285714286
82,9,-211.395111111,-140.912888889,5.38555555556
83,12,-211.137727273,-141.704545455,2.67909090909
84,6,-215.46975,-144.3825,4.555
85,13,-219.812888889,-147.008666667,5.39888888889
86,14,-217.59925,-147.692125,9.79375
87,12,-219.700818182,-143.445909091,14.6045454545
88,17,-214.652714286,-143.635571429,13.1871428571
89,11,-213.3365,-143.6295,9.31
90,13,-218.683777778,-140.855333333,7.72666666667
91,15,-217.5745,-139.2345,13.4025
92,2,-214.377833333,-137.469666667,11.3233333333
93,7,-216.62775,-135.361,8.54375
94,17,-219.718,-134.192571429,12.2728571429
95,7,-216.375875,-134.2365,15.14
96,13,-212.957666667,-130.820111111,10.8455555556
97,5,-217.5644,-129.4646,11.452
98,16,-218.589625,-129.007875,15.37875
99,8,-214.13675,-126.526875,15.06
100,18,-214.242545455,-125.018090909,10.6081818182
101,15,-219.878875,-124.373625,13.165
102,5,-217.3882,-122.672,16.584
103,2,-214.861833333,-120.642666667,15.015
104,13,-217.428222222,-119.756666667,11.2977777778
105,6,-220.14875,-117.82825,15.74
106,17,-222.064857143,-120.650714286,16.6885714286
107,13,-225.548666667,-122.316222222,20.4755555556
108,16,-222.264125,-125.446375,19.21375
109,17,-222.924,-125.729428571,23.9128571429
110,2,-226.431333333,-128.327666667,23.1883333333
111,15,-225.493875,-129.384375,19.2375
112,6,-222.87025,-132.54425,19.1775
113,5,-221.765,-135.6844,17.68
114,9,-223.798111111,-137.252111111,19.9022222222
115,9,-227.837888889,-135.273888889,19.5077777778
116,15,-225.65075,-134.6045,14.46625
117,17,-224.214,-138.990428571,13.6128571429
118,8,-225.986375,-141.661625,15.74125
119,6,-229.62925,-138.899,15.2
120,7,-231.789375,-135.731125,17.1925
121,17,-234.549857143,-135.085428571,13.7585714286
122,13,-235.508777778,-132.013888889,17.5
123,14,-230.20475,-131.43725,17.68875
124,3,-230.108142857,-132.013714286,12.6
125,16,-233.4035,-129.286875,12.08625
126,6,-230.63075,-126.75175,14.8675
127,14,-226.498625,-127.846625,13.1
128,15,-228.791125,-126.35925,9.78625
129,20,-232.649,-121.313285714,12.1914285714
130,3,-227.167142857,-122.390428571,13.9385714286
131,15,-225.83125,-122.51675,9.56375
132,15,-230.298375,-120.523375,8.46
133,16,-229.479,-116.96425,12.31
134,12,-223.515909091,-118.632272727,10.1927272727
135,18,-225.843272727,-113.250090909,8.10272727273
136,5,-220.5838,-112.2164,8.614
137,15,-222.713125,-109.864,6.0125
138,10,-222.551,-106.609444444,10.2488888889
139,8,-222.215125,-102.981875,8.96375
140,15,-221.02875,-102.519375,13.29375
141,2,-224.280833333,-99.4665,11.8316666667
142,17,-225.708285714,-97.7602857143,13.6557142857
143,9,-228.896888889,-99.5595555556,14.1355555556
144,9,-230.044222222,-96.0228888889,18.4311111111
145,3,-230.875142857,-94.7405714286,14.8971428571
146,2,-230.9175,-92.2465,18.0583333333
147,5,-230.1278,-89.1578,15.332
148,13,-233.532333333,-85.9652222222,15.93
149,9,-235.757111111,-89.5158888889,13.1944444444
150,6,-232.59875,-89.38675,11.285
151,16,-230.751875,-86.13625,11.26125
152,16,-226.036125,-86.812,13.565
153,16,-226.061875,-91.308625,14.45125
154,20,-229.521857143,-91.7530714286,7.91928571429
155,19,-226.90525,-88.0590833333,7.6825
156,10,-221.621333333,-92.2393333333,10.85
157,12,-225.455818182,-97.009,8.64454545455
158,13,-224.703333333,-94.157,5.38
159,3,-219.564285714,-92.4307142857,5.66857142857
160,5,-218.0636,-95.7604,7.762
161,4,-217.862142857,-97.964,5.07142857143
162,19,-216.039416667,-95.2494166667,1.62166666667
163,13,-212.326666667,-96.4464444444,6.59444444444
164,7,-210.763125,-91.44825,4.92375
165,17,-215.167857143,-89.7608571429,6.59285714286
166,7,-215.38975,-88.769125,11.575
167,15,-219.883375,-87.578125,10.2375
168,10,-218.783111111,-85.4218888889,15.8277777778
169,7,-219.999375,-82.3535,13.98375
170,18,-224.391363636,-80.916,12.2181818182
171,11,-219.3082,-78.0968,13.487
172,15,-215.2865,-78.925125,12.60875
173,2,-216.317333333,-82.781,11.2033333333
174,20,-219.465785714,-82.374,7.31642857143
175,13,-212.737666667,-78.1266666667,6.97
176,8,-213.161625,-83.090125,5.21875
177,6,-215.244,-82.51425,2.1475
178,16,-213.4915,-85.72525,1.4625
179,6,-217.90775,-86.39575,2.8875
180,18,-220.281181818,-83.2857272727,2.03545454545
181,1,-218.428333333,-86.619,-2.18333333333
182,5,-218.9456,-89.8756,0.12
183,16,-222.9885,-88.830625,2.0175
184,15,-223.17225,-88.40025,-2.77
185,11,-220.2558,-93.5106,-3.915
186,12,-221.956,-95.4437272727,0.476363636364
187,11,-227.2612,-92.664,-1.038
188,12,-226.612181818,-91.5663636364,-7.17727272727
189,4,-222.502,-95.6178571429,-6.75857142857
190,9,-223.661444444,-94.2673333333,-10.3366666667
191,16,-222.442,-90.4915,-11.15
192,15,-218.120125,-89.528,-9.475
193,8,-214.820125,-92.4795,-8.06875
194,19,-214.203166667,-92.3755,-2.35333333333
195,6,-211.21825,-92.32875,-5.23
196,13,-211.040222222,-90.5234444444,-8.85777777778
197,16,-213.025,-87.502,-5.12125
198,12,-208.772909091,-90.853,-2.02181818182
199,13,-205.558666667,-89.1783333333,-4.41888888889
200,8,-208.535625,-84.051875,-4.28375
201,8,-204.905625,-81.876125,-1.5775
202,4,-208.094428571,-78.7964285714,-3.06857142857
203,16,-209.833125,-78.927,1.4875
204,3,-211.089,-74.4172857143,0.337142857143
205,7,-211.89275,-74.602875,-3.66875
206,16,-213.909875,-79.567625,-2.6475
207,7,-217.797875,-76.441375,-4.6575
208,3,-217.772571429,-80.9311428571,-7.09
209,5,-220.1218,-81.698,-3.96
210,18,-221.524454545,-78.8199090909,-2.23363636364
211,8,-222.775625,-78.69875,-8.46
212,17,-223.298714286,-83.0524285714,-8.09285714286
213,5,-226.4684,-82.3402,-5.542
214,9,-227.891333333,-78.699,-8.36777777778
215,13,-227.028777778,-80.4372222222,-11.4444444444
216,19,-225.827833333,-85.3620833333,-11.0691666667
217,16,-229.3675,-85.479,-5.99
218,8,-233.323,-82.23625,-7.375
219,15,-230.197,-80.47075,-3.58125
220,4,-231.433714286,-76.9262857143,-2.35857142857
221,13,-226.736,-74.7014444444,-3.80777777778
222,14,-229.218875,-73.677875,1.7775
223,16,-224.68175,-73.406,2.18875
224,8,-221.603375,-71.752375,-0.93625
225,5,-217.5404,-73.201,0.492
226,9,-216.940666667,-69.7251111111,1.23888888889
227,8,-219.72425,-72.335375,4.57375
228,15,-219.48675,-76.574875,4.255
229,17,-215.191285714,-76.7438571429,3.26428571429
230,6,-213.633,-73.27175,4.59
231,3,-214.613142857,-71.9608571429,7.93
232,5,-213.1278,-72.3158,11.386
233,12,-215.105727273,-70.8806363636,14.9336363636
234,4,-218.803142857,-73.7677142857,11.0614285714
235,8,-223.98575,-72.763875,11.65625
236,9,-225.568777778,-76.8173333333,14.2466666667
237,13,-228.388222222,-73.7884444444,13.4444444444
238,5,-227.2918,-74.4908,8.28
239,15,-224.419375,-77.27725,8.1225
240,14,-228.933125,-79.3335,10.77625
241,3,-230.772571429,-77.3105714286,6.97857142857
242,19,-226.916583333,-79.1514166667,2.39833333333
243,17,-227.678,-82.5471428571,5.88857142857
244,2,-231.959333333,-82.1556666667,6.125
245,2,-232.404833333,-81.4633333333,2.305
246,18,-227.924181818,-84.464,0.957272727273
247,19,-233.218083333,-88.348,4.9825
248,11,-235.5255,-86.3794,1.104
249,5,-232.4976,-86.8136,-1.814
250,18,-231.474818182,-89.8683636364,-4.33818181818
251,2,-232.9945,-92.119,-0.285
252,6,-231.28775,-94.5475,-2.735
253,5,-231.109,-95.794,-5.73
254,10,-230.171333333,-98.1776666667,-8.03555555556
255,13,-228.456888889,-99.3494444444,-2.01777777778
256,5,-229.7734,-103.9552,-3.716
257,9,-227.570555556,-105.247222222,-6.36111111111
258,3,-224.338571429,-102.772,-3.26
259,5,-225.6328,-106.6084,-2.244
260,5,-223.6634,-109.42,-1.966
261,7,-225.698375,-113.686375,-1.165
262,12,-224.859363636,-115.759181818,3.69636363636
263,15,-219.923,-113.685125,1.7925
264,1,-218.686166667,-116.2375,5.35
265,13,-214.581444444,-115.997,4.77555555556
266,17,-213.66,-117.174571429,9.47285714286
267,16,-214.95325,-115.65075,13.89875
268,5,-210.7142,-116.3896,13.222
269,17,-210.221142857,-113.616,10.3814285714
270,7,-210.774,-111.846625,14.00625
271,10,-207.034777778,-113.527666667,15.9755555556
272,9,-205.735666667,-112.22,11.3544444444
273,7,-208.113125,-108.239875,10.43
274,9,-209.237555556,-106.933333333,14.0388888889
275,10,-203.316555556,-107.837888889,15.49
276,16,-203.886875,-105.462,10.58875
277,14,-207.091875,-102.321375,14.2025
278,9,-202.828777778,-102.355444444,17.6522222222
279,8,-199.519625,-102.904875,13.7575
280,19,-201.740083333,-97.1235,11.8325
281,9,-202.559666667,-97.143,17.0033333333
282,13,-197.427444444,-100.679777778,17.5622222222
283,16,-195.795625,-98.521,14.075
284,5,-197.6914,-94.656,14.936
285,2,-197.122166667,-94.2583333333,18.6533333333
286,8,-192.669375,-95.117875,18.2925
287,16,-193.1295,-92.413375,13.59875
288,16,-196.039875,-89.70275,15.88875
289,9,-192.009,-90.5046666667,20.3877777778
290,20,-187.810357143,-89.7115,15.8971428571
291,15,-191.286,-86.5455,14.80625
292,12,-194.911727273,-84.7429090909,19.8918181818
293,12,-187.843,-87.7204545455,21.0072727273
294,3,-186.187142857,-84.5261428571,17.34
295,15,-188.895875,-80.92975,15.9325
296,4,-187.218857143,-79.4822857143,19.8714285714
297,20,-181.405071429,-81.3979285714,17.5528571429
298,16,-184.705125,-79.386375,14.4975
299,9,-185.953111111,-74.1505555556,14.0677777778
300,7,-181.78075,-74.35975,18.04875
301,12,-181.684363636,-71.7544545455,13.8081818182
302,5,-176.6806,-72.2174,17.95
303,4,-173.711571429,-70.3468571429,17.97
304,9,-169.899333333,-73.2618888889,20.7855555556
305,7,-167.500125,-70.77875,22.21625
306,3,-165.243571429,-73.4684285714,19.0342857143
307,14,-163.907625,-74.12475,14.01125
308,10,-163.792444444,-78.8303333333,17.1955555556
309,5,-168.0828,-77.2656,18.08
310,14,-169.71825,-74.9175,14.9
311,10,-167.380555556,-78.9365555556,12.0222222222
312,10,-170.180555556,-81.6434444444,17.2977777778
313,13,-173.814666667,-79.4915555556,16.0444444444
314,16,-171.825875,-80.718125,10.84875
315,9,-170.546777778,-85.4512222222,12.6611111111
316,8,-174.60225,-84.249625,16.21
317,18,-177.150909091,-82.4063636364,10.77
318,12,-172.218727273,-85.368,9.35
319,8,-174.9015,-89.754125,12.4875
320,19,-180.734,-86.03225,12.17
321,12,-180.063727273,-85.5813636364,7.33454545455
322,12,-174.551727273,-90.7567272727,7.75363636364
323,16,-177.715,-93.460875,9.895
324,11,-179.9236,-91.5164,13.156
325,13,-183.925,-88.4763333333,8.49333333333
326,4,-183.03,-92.128,6.07
327,4,-185.178714286,-95.0785714286,7.60714285714
328,13,-187.994555556,-93.1136666667,9.75555555556
329,17,-187.935714286,-90.7597142857,4.51714285714
330,10,-189.630666667,-95.9188888889,3.64777777778
331,9,-191.465555556,-95.9017777778,8.79777777778
332,13,-194.571444444,-91.2974444444,6.81777777778
333,1,-195.129166667,-94.6936666667,3.22666666667
334,10,-195.182888889,-99.3441111111,5.48888888889
335,16,-197.355125,-95.8,8.7075
336,9,-199.853,-94.4287777778,3.56888888889
337,15,-198.756375,-98.44475,2.0925
338,7,-200.14525,-100.280875,6.3925
339,18,-204.929,-96.2081818182,5.96090909091
340,7,-203.422125,-98.619625,0.8675
341,3,-203.567285714,-103.079571429,2.43428571429
342,16,-206.465625,-102.765375,6.4675
343,10,-208.688,-99.3126666667,4.94333333333
344,3,-209.404285714,-102.829428571,1.00142857143
345,13,-207.188555556,-107.286111111,3.75
346,16,-210.948625,-104.5385,7.21875
347,12,-213.692818182,-102.472636364,1.41454545455
348,16,-211.6795,-107.862375,1.725
349,2,-215.199,-108.813833333,4.91833333333
350,7,-218.6565,-107.506125,4.725
351,12,-215.250363636,-106.750909091,9.33272727273
352,4,-216.277142857,-101.434714286,8.76285714286
353,5,-212.3412,-100.5072,10.142
354,18,-208.960818182,-98.3165454545,12.3427272727
355,14,-210.00725,-93.44225,12.72
356,4,-206.875714286,-93.7911428571,14.3657142857
357,2,-206.211333333,-93.2503333333,18.6066666667
358,9,-208.324,-88.5892222222,17.7111111111
359,6,-204.72675,-87.7415,17.7475
360,13,-202.414,-91.3707777778,16.9466666667
361,14,-205.57825,-87.584375,12.93125
362,17,-203.981857143,-90.4271428571,9.34571428571
363,2,-204.209333333,-86.5703333333,7.49
364,8,-201.670375,-84.466875,11.1975
365,15,-198.83975,-88.353125,10.20875
366,7,-199.138,-84.709625,6.5225
367,7,-199.181125,-81.692125,8.88375
368,5,-195.448,-83.6206,11.01
369,20,-191.925571429,-86.1223571429,7.40642857143
370,6,-193.485,-80.72625,7.37
371,6,-192.35975,-79.52975,10.115
372,16,-189.45525,-82.61775,10.2975
373,9,-188.535222222,-81.4133333333,6.28444444444
374,10,-190.659666667,-76.2815555556,7.66555555556
375,5,-186.887,-77.2248,10.948
376,9,-184.188888889,-79.8254444444,8.44444444444
377,13,-184.642777778,-74.9052222222,4.67444444444
378,6,-181.97525,-73.5665,8.33
379,19,-179.13725,-76.8780833333,11.8083333333
380,9,-177.203888889,-77.2436666667,6.48444444444
381,9,-176.986555556,-72.5166666667,5.16444444444
382,20,-176.422285714,-72.1502142857,12.0164285714
383,16,-174.109625,-75.459125,10.4575
384,16,-172.564125,-74.462875,6.055
385,7,-172.9505,-69.7245,6.9825
386,9,-171.694777778,-69.5985555556,11.9533333333
387,15,-168.410625,-73.843375,9.66375
388,12,-169.099181818,-70.7483636364,5.70090909091
389,12,-166.135454545,-66.0302727273,10.4663636364
390,16,-164.553625,-69.123,12.3975
391,9,-162.366444444,-71.506,7.44333333333
392,12,-159.516818182,-66.7092727273,5.95363636364
393,16,-160.171375,-65.618375,11.21625
394,8,-157.90725,-69.337875,13.5075
395,11,-154.0737,-69.7279,8.753
396,16,-154.88175,-64.855375,8.62125
397,5,-154.0272,-65.2826,13.44
398,9,-151.180333333,-68.397,13.95
399,13,-149.336444444,-65.5956666667,8.57
400,18,-150.332727273,-61.1107272727,14.0472727273
401,12,-150.069363636,-64.8318181818,17.5609090909
402,10,-145.794222222,-67.0581111111,13.9955555556
403,13,-144.462222222,-63.0165555556,10.2833333333
404,5,-145.288,-60.179,15.024
405,2,-143.247333333,-62.1018333333,17.2966666667
406,15,-140.2185,-62.71975,14.01375
407,11,-140.6527,-57.064,13.402
408,9,-140.996666667,-58.0562222222,18.5344444444
409,2,-137.022,-60.6338333333,17.4983333333
410,20,-135.353357143,-56.6084285714,13.2342857143
411,3,-136.759,-54.4115714286,17.2542857143
412,8,-135.957125,-56.54475,20.7325
413,6,-131.62475,-54.221,19.885
414,13,-131.710777778,-53.1152222222,15.9744444444
415,9,-133.316555556,-48.0744444444,19.3444444444
416,5,-129.945,-50.0698,22.266
417,14,-126.546875,-51.350375,19.84125
418,16,-128.693,-47.433125,17.20375
419,10,-127.743888889,-43.9568888889,21.6544444444
420,10,-124.440333333,-47.0474444444,22.2811111111
421,13,-122.405777778,-42.0341111111,21.6077777778
422,8,-119.69525,-45.80625,17.87875
423,19,-120.464,-41.1836666667,16.8575
424,9,-118.283888889,-39.1144444444,19.2044444444
425,3,-114.452857143,-42.1824285714,20.7528571429
426,5,-112.0212,-43.298,17.458
427,3,-109.687857143,-43.8625714286,14.6628571429
428,16,-110.2665,-42.032,9.9725
429,2,-109.8805,-46.427,10.5183333333
430,9,-111.993111111,-48.2678888889,13.4766666667
431,15,-115.14825,-44.0475,11.72625
432,13,-113.945444444,-44.6847777778,7.29222222222
433,5,-115.431,-49.4734,9.492
434,16,-118.19125,-48.483625,12.25125
435,16,-120.024625,-45.909875,7.46625
436,13,-117.696444444,-49.5334444444,5.09777777778
437,13,-119.926666667,-52.5541111111,10.11
438,11,-124.5487,-47.864,8.909
439,9,-124.423333333,-48.9747777778,3.82888888889
440,5,-125.1406,-53.484,6.616
441,18,-128.447,-51.4380909091,10.5827272727
442,9,-129.518888889,-49.3998888889,6.53333333333
443,2,-128.883166667,-54.1881666667,3.93833333333
444,8,-130.989125,-55.771875,7.9625
445,16,-133.717625,-52.1235,7.5225
446,5,-134.7316,-53.14,3.642
447,5,-136.0764,-56.5056,4.148
448,11,-136.6301,-56.8317,7.909
449,10,-140.725777778,-52.5572222222,4.57555555556
450,8,-142.443125,-56.96125,3.04875
451,12,-141.300545455,-58.6061818182,8.44454545455
452,17,-144.487714286,-53.794,8.61428571429
453,9,-146.467555556,-53.049,5.01444444444
454,10,-147.446,-58.7225555556,4.66333333333
455,15,-147.75575,-57.575125,10.11125
456,5,-150.9268,-54.8878,8.472
457,5,-152.9276,-56.3012,5.754
458,15,-152.93625,-60.118375,7.10125
459,5,-154.586,-57.6456,10.582
460,10,-157.323111111,-54.7366666667,7.69888888889
461,9,-158.398,-59.7318888889,6.28222222222
462,16,-158.190625,-60.6355,11.61625
463,7,-160.157,-56.443,12.20625
464,9,-162.779,-56.0488888889,8.16777777778
465,16,-163.599125,-61.374125,8.6
466,8,-166.0055,-60.306375,13.05875
467,19,-160.301,-62.9391666667,15.9316666667
468,19,-161.10475,-63.6865,19.6466666667
469,8,-157.15425,-60.937625,19.73875
470,2,-158.974,-57.402,17.1083333333
471,4,-158.751714286,-55.3517142857,20.06
472,2,-154.972333333,-57.2471666667,20.8583333333
473,17,-153.542857143,-57.8208571429,17.0842857143
474,7,-154.713125,-53.95325,16.32375
475,5,-152.2994,-52.9114,20.116
476,12,-147.831181818,-57.126,19.4272727273
477,1,-149.026333333,-53.7951666667,15.32
478,10,-150.672555556,-49.5235555556,15.9266666667
479,13,-146.799,-50.9695555556,20.3533333333
480,15,-144.5145,-53.02925,15.6925
481,1,-145.258,-49.2843333333,13.4383333333
482,8,-145.61925,-46.521625,16.5625
483,10,-140.545,-49.5836666667,17.38
484,20,-139.5895,-49.6655714286,10.6807142857
485,8,-141.363375,-44.232875,11.805
486,7,-138.566125,-43.807625,16.24375
487,16,-135.7475,-47.657625,14.47125
488,6,-135.424,-44.99225,11.3925
489,5,-135.2508,-41.9362,12.542
490,16,-132.88025,-42.660375,15.85
491,3,-130.574285714,-44.8657142857,11.9128571429
492,10,-131.532111111,-40.074,9.36222222222
493,13,-131.094444444,-38.8635555556,12.8477777778
494,12,-125.702818182,-44.221,14.0672727273
495,12,-126.069636364,-42.3225454545,6.55636363636
496,9,-126.754333333,-36.8803333333,9.42555555556
497,5,-123.118,-38.7636,12.476
498,16,-121.22325,-41.806,10.68375
499,9,-122.076111111,-39.185,6.17666666667
500,12,-120.533818182,-34.732,12.06
501,3,-117.655142857,-37.7324285714,12.3528571429
502,9,-115.638222222,-38.9167777778,7.45888888889
503,13,-116.418666667,-33.773,6.53666666667
504,16,-114.540625,-33.27075,11.3125
505,16,-111.51725,-37.207375,11.57
506,9,-110.674777778,-36.7505555556,5.91
507,3,-110.423285714,-31.8348571429,7.77714285714
508,15,-108.262375,-33.181625,11.3675
509,8,-105.35925,-35.99175,7.945
510,10,-106.007111111,-33.7313333333,4.42666666667
511,16,-105.215,-29.118875,7.53625
512,19,-102.596916667,-32.4619166667,11.8116666667
513,16,-100.89675,-33.322125,5.04625
514,9,-99.6827777778,-28.518,4.09222222222
515,19,-97.1174166667,-28.4461666667,10.8016666667
516,5,-96.13,-31.9228,7.638
517,13,-95.5256666667,-30.5956666667,2.63666666667
518,12,-95.7250909091,-25.9457272727,4.39818181818
519,5,-92.4582,-28.7978,8.732
520,5,-89.779,-30.2842,6.804
521,4,-88.846,-28.4018571429,3.98428571429
522,18,-89.8880909091,-23.6649090909,7.74363636364
523,7,-86.98725,-28.10575,10.2175
524,7,-84.47775,-28.50025,6.6625
525,20,-84.5645,-21.4307857143,6.84357142857
526,14,-84.614625,-23.257875,11.05
527,9,-81.278,-27.2488888889,11.3966666667
528,6,-78.862,-24.3175,8.265
529,5,-79.4156,-21.2046,9.49
530,14,-78.428625,-22.842625,13.22875
531,9,-74.0423333333,-25.1001111111,10.9622222222
532,8,-74.669375,-21.657875,7.07125
533,16,-75.047625,-18.074375,10.33
534,10,-72.1462222222,-20.4885555556,14.0433333333
535,8,-68.8975,-21.39925,9.25375
536,3,-65.621,-20.7282857143,11.8771428571
537,18,-65.1072727273,-16.2066363636,9.07818181818
538,15,-60.073125,-17.5415,7.6325
539,17,-59.6922857143,-13.6815714286,5.76857142857
540,11,-55.3423,-14.9321,5.258
541,3,-56.5517142857,-10.3007142857,2.23857142857
542,15,-59.869,-7.49875,1.8725
543,9,-61.8832222222,-9.09388888889,-2.64555555556
544,9,-60.7497777778,-12.8078888889,0.362222222222
545,15,-64.716375,-11.075125,3.45
546,10,-66.3425555556,-8.40655555556,0.325555555556
547,6,-68.71525,-12.719,-0.0175
548,16,-68.222875,-14.106375,3.535
549,3,-70.3412857143,-9.45485714286,3.65857142857
550,3,-72.6098571429,-10.6882857143,0.0685714285714
551,5,-74.2434,-13.9224,2.026
552,11,-75.4755,-11.9468,6.393
553,9,-76.2322222222,-8.50433333333,2.97333333333
554,10,-78.234,-12.359,-0.321111111111
555,18,-79.8784545455,-15.7579090909,5.33090909091
556,13,-79.9428888889,-9.94244444444,5.94888888889
557,5,-83.5718,-11.6202,2.194
558,3,-84.4157142857,-15.2835714286,3.41142857143
559,16,-85.697625,-13.61125,7.25875
560,4,-88.7861428571,-11.7931428571,4.31428571429
561,8,-89.3565,-16.140375,2.6625
562,5,-89.608,-17.6674,5.994
563,8,-91.56375,-15.23975,9.13125
564,13,-94.8075555556,-15.5596666667,3.96555555556
565,9,-94.2118888889,-20.3325555556,4.65444444444
566,12,-93.3906363636,-18.2953636364,11.4236363636
567,10,-96.8883333333,-15.9845555556,9.63666666667
568,5,-98.8796,-20.2014,7.228
569,15,-96.6665,-23.323125,8.71125
570,16,-97.889,-21.771625,13.01625
571,6,-102.0965,-21.7395,10.85
572,15,-102.234125,-24.8585,8.5925
573,11,-101.502,-26.607,14.477
574,7,-103.69875,-22.559625,14.415
575,9,-108.211444444,-24.4143333333,11.41
576,17,-106.290571429,-28.5812857143,13.1242857143
577,2,-106.791,-26.9041666667,16.8416666667
578,13,-110.779666667,-23.6076666667,14.94
579,15,-111.976875,-27.889,13.195
580,17,-111.671714286,-30.2598571429,17.0228571429
581,10,-113.056,-26.6516666667,20.6533333333
582,3,-116.048285714,-26.116,17.0585714286
583,19,-117.8195,-28.9741666667,15.2208333333
584,11,-117.3711,-30.5513,21.932
585,17,-115.732285714,-34.5902857143,18.2
586,7,-113.350125,-36.99575,20.49875
587,14,-108.791875,-37.22825,17.74625
588,5,-106.1996,-35.6904,19.962
589,6,-103.88475,-32.74725,19.6375
590,3,-101.814,-35.1541428571,18.3814285714
591,7,-99.020625,-34.5575,13.96875
592,4,-99.4965714286,-38.5072857143,13.28
593,19,-99.87225,-37.8211666667,9.615
594,3,-94.586,-34.651,11.3471428571
595,3,-92.098,-35.32,14.38
596,15,-92.347,-31.283,14.64625
597,3,-94.6392857143,-29.0774285714,17.7228571429
598,4,-95.5224285714,-25.5521428571,16.7371428571
599,10,-94.5605555556,-25.2426666667,20.5422222222
600,9,-89.7655555556,-27.1958888889,18.77
601,15,-90.49775,-24.80625,15.0875
602,7,-91.505125,-20.34525,17.17375
603,6,-87.553,-21.14875,18.695
604,13,-85.6114444444,-23.945,15.6155555556
605,20,-87.8808571429,-17.7230714286,12.6628571429
606,9,-87.1945555556,-16.3627777778,17.5488888889
607,11,-82.7012,-20.3218,18.4
608,17,-82.5372857143,-17.982,13.3242857143
609,12,-85.7227272727,-13.2760909091,14.3227272727
610,10,-79.2957777778,-14.3522222222,18.3533333333
611,16,-77.6655,-16.54575,14.825
612,17,-78.965,-12.8154285714,11.6142857143
613,4,-78.6508571429,-10.141,14.6785714286
614,12,-73.9676363636,-13.2393636364,17.4254545455
615,12,-72.4813636364,-14.5222727273,11.0390909091
616,8,-74.7265,-9.18275,10.835
617,10,-71.1073333333,-8.22577777778,14.88
618,5,-69.2414,-11.0798,12.364
619,16,-69.488375,-10.588875,8.5175
620,14,-69.706375,-5.544875,10.3475
621,9,-65.9195555556,-8.01177777778,13.7322222222
622,9,-62.9274444444,-7.65244444444,8.66777777778
623,11,-66.6963,-2.4195,8.17
624,5,-64.838,-3.461,12.812
625,12,-60.0256363636,-6.40918181818,11.3481818182
626,10,-60.74,-3.43011111111,7.17111111111
627,10,-62.8608888889,2.13266666667,8.07333333333
628,10,-61.8891111111,0.437444444444,12.1044444444
629,7,-57.62475,-1.96025,9.44625
630,9,-58.5446666667,2.44211111111,6.83
631,12,-59.0376363636,3.90254545455,12.8781818182
632,16,-54.490375,0.419375,12.84375
633,12,-54.2222727273,0.440545454545,6.80909090909
634,13,-55.5222222222,6.43688888889,9.17444444444
635,10,-52.8434444444,6.96277777778,13.3622222222
636,18,-47.1190909091,3.97836363636,10.7645454545
637,6,-49.01475,6.4145,7.9925
638,5,-50.0534,9.5908,8.51
639,10,-47.2846666667,10.3501111111,12.0733333333
640,5,-44.782,8.3652,8.174
641,7,-46.62225,9.798,5.02375
642,17,-45.0562857143,13.743,7.87428571429
643,15,-41.363,11.149125,9.47125
644,6,-40.04,11.09175,5.3375
645,4,-40.8715714286,13.9512857143,4.04
646,20,-38.2475,16.6539285714,9.18
647,15,-36.009625,11.85775,6.3575
648,10,-36.484,14.9027777778,1.50333333333
649,3,-36.2295714286,17.947,3.58142857143
650,13,-33.2884444444,18.8688888889,6.72333333333
651,14,-30.59975,14.45675,3.47875
652,9,-32.3265555556,19.3704444444,0.126666666667
653,9,-31.6685555556,22.0548888889,4.01444444444
654,15,-27.30725,18.893,5.03875
655,6,-26.96325,20.50075,0.49
656,12,-29.3659090909,23.7189090909,1.03818181818
657,15,-25.495,24.7005,5.255
658,2,-21.7988333333,25.08,2.34666666667
659,15,-23.6615,28.9775,1.3775
660,9,-23.76,30.5736666667,5.12555555556
661,14,-24.22,35.480625,4.58
662,11,-18.5404,36.2663,7.784
663,6,-17.281,33.2575,5.51
664,3,-18.4171428571,30.3192857143,4.25142857143
665,16,-16.478125,28.402,7.67625
666,9,-17.4127777778,31.2788888889,10.72
667,8,-22.115625,31.30975,9.6525
668,10,-21.7642222222,25.7723333333,8.36777777778
669,16,-21.218625,24.75025,12.77375
670,7,-25.07475,28.110125,13.34
671,11,-27.1135,27.134,10.142
672,16,-24.819625,21.879125,11.2925
673,12,-24.3559090909,21.9906363636,16.3490909091
674,10,-30.8614444444,24.3675555556,14.2488888889
675,19,-30.9011666667,22.4278333333,10.8991666667
676,9,-27.836,18.4756666667,16.4777777778
677,13,-32.2483333333,21.6817777778,18.59
678,2,-34.2341666667,19.9738333333,14.5716666667
679,15,-33.18525,15.732125,14.31
680,17,-33.4334285714,15.6825714286,19.1042857143
681,7,-37.403375,18.987875,18.3675
682,19,-39.63275,15.1659166667,14.5258333333
683,13,-35.6632222222,10.6214444444,18.1444444444
684,4,-39.4002857143,11.7012857143,20.3085714286
685,13,-42.9317777778,11.7856666667,16.2077777778
686,15,-39.091375,7.824875,15.36875
687,8,-38.835875,6.766125,19.6325
688,10,-44.0698888889,6.91066666667,20.0122222222
689,16,-43.772,5.45525,14.7475
690,9,-40.1728888889,2.09611111111,16.7322222222
691,6,-45.139,1.0595,18.62
692,8,-47.35425,2.75575,16.03125
693,11,-44.0632,-1.9272,14.054
694,10,-45.9308888889,-3.94155555556,19.28
695,10,-50.1528888889,-1.732,18.95
696,15,-49.817125,-3.01125,13.6925
697,10,-46.9637777778,-6.66,13.9511111111
698,9,-49.2591111111,-8.26977777778,18.46
699,5,-53.5232,-7.6866,15.214
700,16,-52.604875,-10.76575,12.9175
701,15,-52.643625,-5.912875,10.62
702,18,-48.2705454545,-7.95445454545,9.15090909091
703,8,-51.808625,-4.339375,5.28625
704,7,-50.12975,0.44525,5.13
705,13,-53.541,-0.418333333333,1.15
706,11,-53.2762,4.4794,3.828
707,3,-47.6007142857,4.09828571429,3.22
708,7,-45.752125,4.5805,-0.4975
709,19,-42.601,6.29141666667,2.73166666667
710,3,-42.9054285714,1.04271428571,5.43285714286
711,14,-41.3555,1.250625,10.07375
712,9,-37.4116666667,-0.676777777778,8.54
713,11,-37.6115,2.5466,3.722
714,15,-39.026375,5.727125,8.45625
715,12,-36.6539090909,1.58318181818,11.9554545455
716,17,-32.8431428571,2.92071428571,7.51857142857
717,6,-33.2335,6.94675,7.3575
718,20,-34.553,9.61678571429,12.0071428571
719,9,-29.8872222222,5.08377777778,12.1666666667
720,10,-28.4985555556,7.98444444444,6.58777777778
721,16,-30.773,11.5135,9.35625
722,16,-28.341375,10.21925,13.3025
723,3,-24.7178571429,9.36885714286,9.55428571429
724,3,-25.8977142857,13.3601428571,7.99571428571
725,15,-26.122625,15.062,12.25
726,5,-22.1856,13.1698,12.452
727,12,-19.8984545455,10.8375454545,8.41818181818
728,3,-21.713,17.2572857143,8.19857142857
729,15,-20.466625,18.011875,12.68
730,7,-16.334125,14.700375,11.6975
731,9,-15.8486666667,16.217,7.20111111111
732,17,-17.162,20.9714285714,9.50857142857
733,9,-14.7936666667,20.2034444444,13.8911111111
734,7,-11.255625,19.123375,9.25375
735,10,-13.4855555556,22.184,6.11
736,15,-13.512,25.8775,10.46375
737,16,-10.373,23.172125,11.9325
738,3,-7.85042857143,23.1455714286,7.54285714286
739,12,-10.7555454545,27.366,4.08454545455
740,8,-4.433375,27.721625,5.0975
741,5,-5.9846,29.67,1.862
742,13,-4.64744444444,32.0495555556,-1.82555555556
743,6,-7.496,34.608,-1.095
744,15,-9.751625,37.895,-1.2425
745,2,-6.24983333333,40.5861666667,-0.571666666667
746,10,-3.69155555556,37.268,-3.26
747,9,0.563888888889,38.0672222222,-2.70444444444
748,10,-0.889333333333,41.8457777778,1.52333333333
749,14,-5.212875,37.846,3.27
750,7,-1.724125,34.490125,1.99875
751,9,2.12655555556,36.4655555556,4.11888888889
752,18,-0.916363636364,39.6258181818,7.82272727273
753,12,-2.165,32.443,6.20363636364
754,5,1.0952,32.7194,7.836
755,2,1.4665,34.9803333333,10.7083333333
756,18,-3.49981818182,33.3638181818,12.9736363636
757,7,-0.64725,28.4215,11.32125
758,11,3.2182,29.618,13.98
759,18,0.449545454545,31.8183636364,17.3563636364
760,8,-3.958375,28.363375,14.7225
761,12,-0.331,25.813,17.1354545455
762,13,-6.46233333333,26.2621111111,19.34
763,13,-6.55666666667,22.8368888889,13.4333333333
764,3,-9.48028571429,26.8057142857,14.9071428571
765,6,-9.20225,30.2235,13.6075
766,14,-9.62575,30.614875,17.15
767,14,-4.915875,33.43175,18.20875
768,8,-5.318375,32.544,22.70875
769,1,-5.50716666667,37.2656666667,23.61
770,9,-0.595444444444,35.861,25.2933333333
771,8,-0.76225,34.347,21.10125
772,18,-2.42445454545,40.5691818182,18.5681818182
773,12,2.37109090909,40.0021818182,23.4645454545
774,5,3.0204,36.652,19.068
775,1,1.38216666667,37.675,15.5216666667
776,16,2.84975,41.614125,16.1275
777,15,7.376375,38.750375,16.9125
778,2,5.32116666667,36.1095,13.3916666667
779,14,5.205,39.81,10.955
780,6,8.71775,41.053,13.94
781,19,8.0765,46.4659166667,15.3266666667
782,7,7.552625,43.20725,19.69375
783,14,8.186375,47.933,21.32125
784,6,4.79525,45.9725,24.015
785,9,2.46111111111,44.5944444444,27.6466666667
786,5,0.3658,48.6236,25.188
787,9,-0.751888888889,48.4321111111,21.1122222222
788,18,-1.76354545455,43.1137272727,24.6727272727
789,5,-3.7002,46.296,26.168
790,12,-4.66327272727,50.9867272727,22.54
791,15,-6.40425,46.69175,20.6225
792,14,-8.077,43.56575,24.83
793,2,-10.9311666667,46.4641666667,24.4233333333
794,15,-11.93225,46.72575,20.64875
795,17,-10.5968571429,42.4614285714,20.02
796,8,-13.29175,40.3715,23.905
797,4,-16.6307142857,42.7924285714,23.0614285714
798,7,-17.461875,39.023625,22.51375
799,12,-17.5349090909,37.3002727273,28.03
800,14,-14.622125,34.369625,24.6625
801,6,-10.36575,35.40275,25.125
802,17,-10.465,33.7387142857,22.0728571429
803,17,-8.58485714286,36.143,18.5685714286
804,3,-11.2962857143,35.1618571429,15.3485714286
805,18,-8.13536363636,34.8604545455,10.2772727273
806,10,-12.0343333333,36.9362222222,11.3855555556
807,5,-9.7672,40.323,14.51
808,18,-4.62463636364,39.6521818182,13.1554545455
809,15,-8.646,41.287,9.21125
810,8,-9.9835,45.048875,12.01375
811,18,-4.52772727273,45.1099090909,12.8763636364
812,14,-4.59175,44.922625,8.5325
813,2,-7.84283333333,48.1938333333,7.655
814,12,-7.10618181818,50.3130909091,12.3527272727
815,9,-2.01288888889,50.0121111111,11.38
816,3,-2.96128571429,50.6941428571,6.11142857143
817,5,-5.4064,54.0162,7.262
818,8,-3.79175,57.631,5.19
819,3,-0.121428571429,54.244,5.74285714286
820,8,-0.779,53.1275,1.29125
821,3,1.28642857143,51.1432857143,-1.77142857143
822,5,-1.762,53.5624,-3.74
823,8,-3.440375,56.99,-2.8625
824,10,2.12788888889,56.4442222222,-0.714444444444
825,17,2.21885714286,55.92,-5.61714285714
826,14,-1.154,59.332625,-6.81
827,5,2.229,61.6706,-4.544
828,2,5.32866666667,60.2583333333,-5.80333333333
829,18,4.34063636364,58.8504545455,-10.5390909091
830,13,1.03288888889,64.1186666667,-7.99111111111
831,15,6.4855,65.5595,-8.27625
832,16,7.07425,63.6,-12.5575
833,5,3.5924,66.8854,-13.654
834,6,4.115,69.62075,-11.79
835,8,2.557375,69.198125,-8.7125
836,13,0.153666666667,69.0776666667,-13.4966666667
837,7,-3.70075,65.695875,-13.24875
838,19,-0.1955,66.04375,-17.7341666667
839,15,2.9695,61.7085,-17.135
840,3,4.94471428571,63.2817142857,-20.7471428571
841,17,6.47571428571,59.5542857143,-22.7114285714
842,8,9.826,61.71625,-23.8925
843,9,8.74155555556,64.2004444444,-19.1111111111
844,16,7.618875,58.535375,-18.08375
845,12,12.2471818182,56.8931818182,-21.6081818182
846,12,13.9305454545,60.761,-20.3590909091
847,9,13.1831111111,59.88,-13.8177777778
848,16,11.25775,55.37825,-15.015
849,4,14.1381428571,52.3815714286,-14.9371428571
850,4,14.4612857143,50.011,-18.4771428571
851,8,12.31475,47.634375,-16.455
852,10,9.60444444444,50.0297777778,-14.4111111111
853,5,9.5328,52.8574,-18.578
854,9,10.1235555556,51.179,-22.2111111111
855,19,5.19941666667,47.2706666667,-18.1066666667
856,1,4.51783333333,52.3471666667,-18.3616666667
857,15,4.1955,53.26075,-22.7975
858,5,1.488,49.5834,-21.902
859,12,0.618818181818,48.1299090909,-16.4454545455
860,14,0.274,53.908875,-17.695
861,5,-3.6964,55.2648,-19.3
862,4,-5.01271428571,57.5565714286,-21.4957142857
863,19,-5.03425,62.8605,-22.5975
864,7,-9.047,60.967875,-21.33375
865,6,-9.66925,65.213,-22.355
866,12,-10.742,69.934,-22.15
867,8,-6.834125,69.833125,-21.99875
868,5,-3.8438,68.1014,-25.596
869,17,-0.162714285714,67.3784285714,-24.5471428571
870,4,2.27942857143,66.0947142857,-27.4871428571
871,6,2.02175,62.592,-24.9025
872,5,-0.1944,62.0682,-22.362
873,16,0.040625,58.648,-20.3025
874,8,-2.75525,58.630375,-15.9275
875,19,-0.323583333333,60.1106666667,-12.1983333333
876,14,-4.675625,57.434875,-10.98125
877,2,-4.032,54.3915,-14.1516666667
878,18,1.04263636364,51.624,-12.9972727273
879,2,-1.57766666667,52.7808333333,-8.96333333333
880,3,-5.45342857143,51.9154285714,-10.0657142857
881,5,-3.8132,48.7714,-12.272
882,16,-0.342875,47.921625,-9.47625
883,19,-1.009,48.25425,-5.66666666667
884,6,-6.026,45.9595,-8.2625
885,9,-6.83788888889,42.2337777778,-6.83666666667
886,2,-10.9995,41.6496666667,-10.535
887,8,-11.315875,39.751375,-6.475
888,16,-11.085625,43.461625,-3.1425
26,16,13.60675,40.692,-24.0925
27,8,17.501625,40.2555,-24.2125
28,4,20.3861428571,43.2988571429,-23.3342857143
29,5,21.7232,39.5118,-21.724
30,20,25.8987142857,39.5030714286,-25.3257142857
31,9,24.8623333333,34.0242222222,-21.1788888889
32,13,30.5082222222,35.8192222222,-23.3055555556
33,10,30.1027777778,40.6094444444,-19.7955555556
34,10,26.528,38.0066666667,-17.7877777778
35,12,32.2821818182,33.4132727273,-16.7109090909
36,13,34.0788888889,39.7483333333,-17.7977777778
37,3,31.2388571429,40.739,-13.7814285714
38,18,29.0384545455,37.3350909091,-12.3918181818
39,3,35.0575714286,36.2985714286,-11.83
40,5,35.4136,40.042,-10.436
41,20,30.8034285714,40.2379285714,-6.45928571429
42,1,34.776,36.2761666667,-6.64333333333
43,7,38.281625,37.751375,-7.17125
44,2,36.1691666667,41.583,-4.93833333333
45,11,34.299,39.7335,-0.667
46,16,38.932125,36.87775,-1.7525
47,12,42.0235454545,41.4283636364,-3.33272727273
48,13,37.8616666667,42.5822222222,1.59111111111
49,5,39.8064,38.036,3.834
50,6,42.3825,37.4775,1.43
51,3,45.5717142857,38.8727142857,-0.53
52,10,44.3888888889,34.0823333333,-3.13888888889
53,15,43.953875,35.470875,-6.69
54,9,40.9544444444,31.3044444444,-6.83777777778
55,7,40.169125,32.172375,-11.5675
56,15,35.080625,30.99275,-12.2475
57,9,35.7238888889,27.5713333333,-15.9633333333
58,9,35.4561111111,23.0327777778,-11.3877777778
59,8,35.85925,26.203125,-9.31125
60,18,31.196,28.1870909091,-8.63545454545
61,12,30.9730909091,22.2944545455,-11.6609090909
62,8,34.009875,22.345125,-5.83125
63,6,31.56575,24.54275,-3.3725
64,16,34.392625,24.033625,-1.09375
65,13,35.7136666667,27.9547777778,-3.57222222222
66,16,30.093875,28.6,-3.36375
67,14,30.7765,27.016,1.7725
68,16,34.90025,29.903875,1.79375
69,16,31.78175,33.553625,-1.19625
70,16,28.259375,31.781125,2.62875
71,9,32.4847777778,31.5617777778,5.70555555556
72,17,33.3974285714,36.0537142857,3.48857142857
73,15,28.943125,37.034875,2.79375
74,2,28.5436666667,36.8021666667,7.48833333333
75,6,31.1405,35.1325,9.5725
76,9,28.7217777778,32.2271111111,10.0766666667
77,12,34.057,29.192,9.86818181818
78,16,29.988875,27.105375,6.9425
79,5,31.4404,22.8942,8.718
80,13,29.6253333333,19.8487777778,5.24777777778
81,4,31.2665714286,17.1458571429,6.85
82,9,34.0598888889,15.6144444444,3.41666666667
83,12,36.9560909091,15.8638181818,3.77909090909
84,6,36.599,15.3715,-2.08
85,13,36.8697777778,15.6361111111,-7.05222222222
86,14,33.462125,11.34175,-5.21625
87,12,27.6627272727,14.2289090909,-7.70090909091
88,17,28.4374285714,12.7931428571,-2.83142857143
89,11,31.8046,13.9806,-0.709
90,13,32.3115555556,18.4231111111,-4.41555555556
91,15,26.49725,17.53125,-3.9125
92,2,27.5865,18.2853333333,0.0916666666667
93,7,29.779,21.684375,0.0525
94,17,26.1765714286,23.2041428571,-3.35571428571
95,7,23.43775,20.91325,-0.86375
96,13,26.1411111111,23.4383333333,4.20777777778
97,5,25.1256,26.5922,0.426
98,16,21.35625,25.9415,-1.16875
99,8,20.59575,25.38675,3.51625
100,18,23.6226363636,28.4791818182,6.05636363636
101,15,22.2375,31.098875,0.47375
102,5,18.1176,30.6146,2.284
103,2,18.814,31.4603333333,5.91
104,13,21.7325555556,35.1278888889,4.41333333333
105,6,17.24375,35.609,1.455
106,17,18.87,34.2694285714,-1.49571428571
107,13,14.313,34.7137777778,-5.02333333333
108,16,17.633875,29.90875,-4.19
109,17,13.2105714286,29.997,-6.87285714286
110,2,14.6655,28.0185,-10.2066666667
111,15,18.455625,27.3395,-8.14875
112,6,20.08775,23.479,-7.655
113,5,22.4872,20.7186,-7.164
114,9,21.83,19.248,-10.2566666667
115,9,21.6954444444,22.9922222222,-12.5588888889
116,15,25.726125,24.448125,-9.2875
117,17,27.9588571429,20.2057142857,-9.28142857143
118,8,26.78025,18.253625,-12.5625
119,6,26.54875,22.342,-14.675
120,7,23.423125,25.00825,-16.04875
121,17,26.8322857143,27.7141428571,-17.4628571429
122,13,22.3934444444,29.388,-18.4033333333
123,14,21.429,28.294125,-13.23625
124,3,26.2068571429,29.0188571429,-12.1814285714
125,16,25.972125,32.84375,-14.03375
126,6,22.03,32.89975,-11.33
127,14,23.84275,31.133625,-7.50125
128,15,26.610875,34.05675,-8.41
129,20,22.8027857143,39.2603571429,-10.75
130,3,21.0351428571,35.8002857143,-6.51285714286
131,15,25.19225,35.62425,-4.07375
132,15,25.832125,39.733125,-6.83125
133,16,20.864625,41.2535,-5.5625
134,12,22.7131818182,38.7980909091,-0.362727272727
135,18,23.732,43.8356363636,-0.935454545455
136,5,24.6302,43.5012,4.432
137,15,23.360125,47.15625,3.9275
138,10,18.8872222222,45.9705555556,6.49333333333
139,8,19.393875,50.806875,4.9
140,15,20.53275,48.793,0.34
141,2,17.0716666667,45.8878333333,1.33166666667
142,17,14.3247142857,49.063,2.42
143,9,15.0021111111,50.9378888889,-2.45555555556
144,9,14.6865555556,44.4505555556,-2.54555555556
145,3,11.0815714286,44.7832857143,-5.07428571429
146,2,12.8771666667,47.9761666667,-7.37166666667
147,5,16.0974,49.893,-6.084
148,13,16.226,49.2244444444,-11.25
149,9,13.004,53.097,-9.91222222222
150,6,16.65225,55.09125,-7.015
151,16,19.849,53.05575,-8.68625
152,16,17.96675,55.288,-12.91375
153,16,15.9995,58.533875,-9.70625
154,20,23.0815714286,58.2600714286,-7.86928571429
155,19,22.3131666667,56.6085833333,-12.1541666667
156,10,18.0577777778,61.7062222222,-15.1055555556
157,12,15.3455454545,63.5890909091,-10.22
158,13,20.6317777778,63.3923333333,-9.56
159,3,23.0195714286,63.9162857143,-14.6371428571
160,5,20.2018,67.021,-15.598
161,4,22.3905714286,69.6834285714,-15.0342857143
162,19,26.2636666667,67.7308333333,-16.2575
163,13,21.6173333333,70.2714444444,-20.9133333333
164,7,25.667875,66.779875,-23.57125
165,17,23.9971428571,62.9538571429,-21.1985714286
166,7,19.915125,60.120125,-21.745
167,15,21.182125,58.1385,-17.81125
168,10,16.2517777778,54.7761111111,-19.6066666667
169,7,19.28325,52.225875,-20.2075
170,18,21.2374545455,49.8967272727,-15.9718181818
171,11,20.8772,48.9165,-21.687
172,15,21.452,51.764375,-24.89125
173,2,21.7015,54.9065,-22.0783333333
174,20,25.2562142857,54.4052857143,-18.8714285714
175,13,27.2838888889,53.4634444444,-26.6
176,8,28.085,58.52525,-24.4225
177,6,30.8745,57.649,-21.98
178,16,30.096625,61.37875,-21.9725
179,6,28.00575,59.21825,-18.3125
180,18,30.0819090909,56.1395454545,-17.3427272727
181,1,32.3708333333,61.1901666667,-16.5883333333
182,5,29.0046,63.02,-15.42
183,16,27.80725,59.958625,-12.43375
184,15,32.18,60.600625,-11.1175
185,11,31.7938,66.4654,-12.153
186,12,26.9307272727,65.752,-10.3281818182
187,11,28.0175,62.5262,-6.918
188,12,34.0232727273,62.7721818182,-5.15363636364
189,4,33.1948571429,67.6497142857,-7.58714285714
190,9,36.8368888889,66.3885555556,-6.43777777778
191,16,37.510875,63.637375,-9.1975
192,15,37.287625,65.68625,-13.7375
193,8,36.811875,69.2785,-16.6875
194,19,30.9435833333,67.8109166667,-18.8708333333
195,6,35.1245,70.9495,-20.5525
196,13,38.6184444444,68.5148888889,-19.9722222222
197,16,35.39075,65.05075,-20.3675
198,12,32.0156363636,68.9006363636,-25.0145454545
199,13,36.1264444444,67.3093333333,-27.3411111111
200,8,37.227375,63.76075,-24.67125
201,8,36.295125,62.21625,-29.22875
202,4,37.7618571429,58.515,-27.7771428571
203,16,33.41725,56.424,-26.84
204,3,36.2164285714,52.74,-25.6585714286
205,7,39.71025,54.82825,-25.2275
206,16,36.571875,57.450625,-21.8575
207,7,39.23025,53.476625,-19.64375
208,3,39.208,57.8521428571,-17.64
209,5,36.0802,56.615,-15.29
210,18,35.963,52.9664545455,-16.0554545455
211,8,41.386625,54.92225,-13.7625
212,17,38.7858571429,58.0757142857,-11.4557142857
213,5,37.0644,54.7604,-9.638
214,9,40.8426666667,52.329,-8.70444444444
215,13,43.2854444444,55.3006666667,-8.1
216,19,41.0345,59.4901666667,-6.92666666667
217,16,36.07425,56.353,-5.33875
218,8,38.33575,51.63,-3.71
219,15,34.796625,51.71175,-7.23625
220,4,35.7367142857,47.8102857143,-8.22571428571
221,13,38.6502222222,48.1665555556,-12.7888888889
222,14,33.643375,44.66525,-12.01375
223,16,33.192125,46.339,-16.4425
224,8,36.329375,45.4055,-19.4475
225,5,36.4834,48.8674,-22.704
226,9,35.1575555556,45.8934444444,-24.7511111111
227,8,31.6665,46.32625,-21.8925
228,15,30.983625,50.2525,-20.1375
229,17,30.9942857143,52.271,-24.1057142857
230,6,31.2675,49.3025,-26.9225
231,3,28.7328571429,46.6904285714,-26.96
232,5,25.863,47.1282,-29.708
233,12,22.0874545455,44.2392727273,-28.6427272727
234,4,24.8941428571,46.9974285714,-24.0157142857
235,8,24.750125,43.55475,-20.15
236,9,20.5675555556,44.9998888889,-17.2544444444
237,13,22.823,41.4487777778,-15.3711111111
238,5,27.0724,44.47,-16.072
239,15,26.192375,48.365375,-16.68
240,14,22.714375,47.208125,-12.61625
241,3,26.168,45.3161428571,-10.2957142857
242,19,30.8411666667,49.5296666667,-12.255
243,17,26.7414285714,51.9225714286,-11.8957142857
244,2,25.6296666667,50.3925,-8.00833333333
245,2,29.1081666667,50.7216666667,-6.525
246,18,30.2188181818,54.5868181818,-9.02727272727
247,19,23.7511666667,54.79325,-4.08083333333
248,11,27.404,53.7618,-1.926
249,5,31.6862,56.4976,-3.446
250,18,35.4614545455,57.3383636364,0.375454545455
251,2,30.8126666667,56.8096666667,2.01166666667
252,6,30.9075,53.35,4.15
253,5,27.6202,52.1902,4.81
254,10,28.807,49.4656666667,7.34333333333
255,13,24.1717777778,49.6917777778,9.46888888889
256,5,24.541,45.257,12.336
257,9,21.4537777778,42.697,12.0444444444
258,3,22.8072857143,40.8132857143,17.0271428571
259,5,20.8046,37.2082,16.074
260,5,18.992,35.3666,19.206
261,7,19.765125,31.892,17.255
262,12,15.5692727273,31.65,20.5854545455
263,15,13.322125,27.010625,19.39375
264,1,14.1243333333,24.5803333333,21.6783333333
265,13,8.64577777778,24.6894444444,22.7411111111
266,17,8.10928571429,20.509,21.04
267,16,3.905625,21.4035,23.085
268,5,2.9324,18.0378,19.54
269,17,0.444571428571,16.8985714286,22.0885714286
270,7,1.282375,13.311125,22.7175
271,10,-0.942,12.6608888889,27.7977777778
272,9,-4.49855555556,14.1658888889,24.3333333333
273,7,-3.570625,11.112625,21.2425
274,9,-1.73888888889,8.36122222222,23.92
275,10,-8.01655555556,8.54577777778,25.8555555556
276,16,-8.839625,9.998125,22.09
277,14,-5.065125,5.47675,20.755
278,9,-8.31977777778,4.05511111111,24.9166666667
279,8,-11.9115,5.481875,23.06625
280,19,-10.1815,1.74991666667,17.4175
281,9,-8.43177777778,-1.09566666667,20.7366666667
282,13,-12.2508888889,1.37033333333,25.0322222222
283,16,-15.799625,1.162875,21.615
284,5,-13.9618,-2.3144,19.44
285,2,-13.64,-4.921,22.2533333333
286,8,-18.49225,-4.078625,22.77625
287,16,-18.76475,-3.581875,18.045
288,16,-15.559875,-6.58775,17.17375
289,9,-18.3117777778,-9.65588888889,21.6444444444
290,20,-23.6972142857,-7.53735714286,19.9057142857
291,15,-21.03825,-8.340625,15.85625
292,12,-16.6497272727,-12.4487272727,16.0127272727
293,12,-22.2464545455,-12.6593636364,21.6563636364
294,3,-25.2614285714,-12.1524285714,17.4142857143
295,15,-24.24125,-14.34325,13.4375
296,4,-25.9204285714,-17.6765714286,15.7071428571
297,20,-31.1073571429,-14.876,18.43
298,16,-29.662,-13.753625,13.5775
299,9,-28.3173333333,-17.5225555556,10.4388888889
300,7,-31.444875,-21.082,14.225
301,12,-33.1268181818,-19.1806363636,10.1227272727
302,5,-36.6246,-23.1218,14.244
303,4,-39.378,-25.4831428571,14.1857142857
304,9,-41.0043333333,-24.3303333333,19.4
305,7,-44.11025,-26.616375,19.6775
306,3,-47.1811428571,-23.3511428571,19.2714285714
307,14,-48.672,-19.517875,16.395
308,10,-47.7735555556,-19.3982222222,21.3422222222
309,5,-44.1124,-19.7288,20.434
310,14,-43.0165,-18.98225,16.68625
311,10,-45.8448888889,-14.1751111111,18.1277777778
312,10,-41.6472222222,-15.7945555556,22.6811111111
313,13,-38.8391111111,-16.1722222222,18.9633333333
314,16,-41.98825,-12.034375,17.025
315,9,-41.993,-9.74522222222,21.7222222222
316,8,-37.465,-12.247875,21.4425
317,18,-36.5791818182,-9.63963636364,15.6545454545
318,12,-41.317,-7.17463636364,18.7627272727
319,8,-36.127,-6.733625,22.93
320,19,-32.1708333333,-7.76066666667,18.1083333333
321,12,-34.4713636364,-5.17754545455,14.5227272727
322,12,-37.7793636364,-1.04645454545,20.6027272727
323,16,-34.040625,-2.057125,22.61875
324,11,-31.3837,-5.2235,21.961
325,13,-29.7512222222,-3.90977777778,15.3544444444
326,4,-30.694,0.063,16.9014285714
327,4,-27.7,1.24157142857,19.3028571429
328,13,-24.4372222222,-1.49044444444,18.8966666667
329,17,-25.9561428571,0.681428571429,13.7228571429
330,10,-24.2875555556,4.96022222222,15.8922222222
331,9,-21.325,1.95666666667,18.3555555556
332,13,-19.7376666667,0.711555555556,12.2833333333
333,1,-20.2196666667,5.6055,12.5966666667
334,10,-18.2362222222,7.07011111111,16.9477777778
335,16,-15.629125,2.776125,15.36125
336,9,-16.0132222222,5.65866666667,10.2533333333
337,15,-16.66125,9.757,13.12125
338,7,-13.45575,8.1965,16.3775
339,18,-9.47318181818,6.21227272727,12.23
340,7,-11.962875,10.708125,10.24625
341,3,-10.7177142857,13.0577142857,14.5942857143
342,16,-7.0035,10.436875,16.09
343,10,-5.61922222222,9.42155555556,12.0166666667
344,3,-6.46942857143,15.0302857143,11.5771428571
345,13,-5.60633333333,15.2463333333,17.2822222222
346,16,-1.667875,12.87575,15.155
347,12,-3.19818181818,14.7285454545,9.03909090909
348,16,-1.802625,19.514125,12.48625
349,2,0.777666666667,18.4611666667,15.46
350,7,3.683,15.983,13.085
351,12,2.041,10.9958181818,17.2954545455
352,4,3.47171428571,9.09071428571,14.3514285714
353,5,0.3082,6.1576,14.726
354,18,-3.36936363636,3.76890909091,15.6345454545
355,14,-4.22825,0.3375,11.68625
356,4,-4.88,-1.97428571429,15.3157142857
357,2,-4.62983333333,-5.64883333333,16.7466666667
358,9,-5.50755555556,-9.32944444444,13.2955555556
359,6,-9.00425,-8.0645,13.2525
360,13,-9.38877777778,-4.89244444444,16.5611111111
361,14,-8.207625,-3.9165,10.78375
362,17,-11.6247142857,0.0175714285714,10.6185714286
363,2,-12.1798333333,-2.45283333333,7.11333333333
364,8,-12.4295,-6.136625,8.30375
365,15,-15.5495,-3.4485,11.49625
366,7,-17.154625,-3.91425,6.4225
367,7,-16.4015,-7.707125,6.23
368,5,-18.8934,-8.3326,10.326
369,20,-22.8550714286,-4.21164285714,10.4264285714
370,6,-22.69025,-8.0445,6.545
371,6,-23.01025,-10.811,8.0075
372,16,-24.946125,-9.04475,11.2575
373,9,-27.4645555556,-7.09866666667,7.99333333333
374,10,-26.1532222222,-11.855,4.99333333333
375,5,-28.194,-13.1892,9.516
376,9,-31.0098888889,-10.0292222222,10.1611111111
377,13,-32.578,-11.4456666667,4.63777777778
378,6,-34.52975,-14.967,7.1325
379,19,-35.37625,-14.5719166667,12.6091666667
380,9,-38.8104444444,-11.2387777778,9.64444444444
381,9,-40.3751111111,-13.2457777778,5.92444444444
382,20,-38.7617142857,-18.9083571429,10.49
383,16,-41.01425,-15.748625,12.23125
384,16,-43.986375,-13.824875,9.4325
385,7,-43.957375,-17.546625,6.12125
386,9,-43.7814444444,-20.9356666667,10.19
387,15,-47.05975,-17.149375,12.25
388,12,-48.7939090909,-15.5252727273,8.31454545455
389,12,-47.4377272727,-23.4182727273,9.00363636364
390,16,-48.815875,-22.621875,12.55125
391,9,-53.4872222222,-19.0102222222,11.6022222222
392,12,-55.2165454545,-21.8687272727,6.74
393,16,-52.941625,-25.55425,10.795
394,8,-54.644625,-23.933,14.84625
395,11,-59.7345,-21.4469,12.262
396,16,-58.938125,-25.704,9.7625
397,5,-58.467,-27.779,14.2
398,9,-60.899,-25.4462222222,16.7455555556
399,13,-64.1077777778,-25.4866666667,11.0744444444
400,18,-62.4369090909,-31.8682727273,13.4918181818
401,12,-61.8161818182,-30.5173636364,18.0272727273
402,10,-66.5411111111,-26.8266666667,16.93
403,13,-68.8008888889,-28.5658888889,11.8433333333
404,5,-67.2676,-33.275,14.41
405,2,-68.7918333333,-32.9173333333,17.7416666667
406,15,-72.267875,-30.85625,15.7125
407,11,-72.3973,-35.5741,12.506
408,9,-71.0177777778,-37.0746666667,17.3677777778
409,2,-75.033,-34.455,18.1533333333
410,20,-77.4357142857,-36.2942142857,12.77
411,3,-75.5194285714,-39.8982857143,15.39
412,8,-75.789625,-39.6925,19.5025
413,6,-80.17475,-41.74275,18.4325
414,13,-80.8572222222,-40.6271111111,14.4655555556
415,9,-78.9453333333,-46.7046666667,14.5022222222
416,5,-81.6946,-46.4396,18.658
417,14,-85.38625,-44.266875,17.9075
418,16,-84.028125,-46.08275,13.24125
419,10,-84.1667777778,-51.3736666667,15.5811111111
420,10,-87.2523333333,-49.754,17.9444444444
421,13,-89.4545555556,-54.0156666667,15.3688888889
422,8,-92.6615,-49.10425,14.495
423,19,-92.1479166667,-52.2405833333,11.1541666667
424,9,-93.9254444444,-55.3841111111,12.5244444444
425,3,-96.937,-53.3247142857,16.2957142857
426,5,-100.1982,-51.4902,13.922
427,3,-102.961714286,-49.614,12.3028571429
428,16,-103.489875,-48.90225,7.36875
429,2,-103.523,-45.302,10.0966666667
430,9,-100.674,-45.2166666667,13.1111111111
431,15,-97.71575,-47.72625,8.8775
432,13,-100.105777778,-45.1111111111,5.84222222222
433,5,-98.0576,-41.9008,9.792
434,16,-94.958,-43.97325,11.29125
435,16,-94.01825,-43.68875,5.61
436,13,-96.6321111111,-39.3861111111,5.63
437,13,-93.2931111111,-39.3043333333,11.1844444444
438,11,-88.9894,-42.604,7.387
439,9,-90.0528888889,-39.2454444444,3.46888888889
440,5,-88.5778,-36.7032,7.854
441,18,-84.5381818182,-40.0343636364,9.22818181818
442,9,-84.6048888889,-40.2312222222,4.57444444444
443,2,-85.34,-34.669,4.2
444,8,-82.895375,-34.404375,8.4475
445,16,-80.371875,-37.776625,6.11875
446,5,-79.916,-34.9524,3.098
447,5,-78.5,-32.0816,4.866
448,11,-77.3939,-33.5041,8.211
449,10,-73.8788888889,-35.5253333333,2.77555555556
450,8,-72.489875,-30.85675,3.29625
451,12,-72.6487272727,-31.9515454545,9.00636363636
452,17,-69.7282857143,-36.1277142857,6.21285714286
453,9,-68.2748888889,-34.6947777778,2.42888888889
454,10,-67.3588888889,-29.8972222222,4.16777777778
455,15,-65.992125,-33.199375,8.5625
456,5,-63.3148,-34.6138,5.318
457,5,-61.7614,-31.9796,3.296
458,15,-61.404125,-29.289125,6.34
459,5,-59.1908,-33.046,7.608
460,10,-57.1787777778,-33.77,3.18555555556
461,9,-56.2337777778,-28.4362222222,4.11555555556
462,16,-55.3575,-30.387875,8.935
463,7,-53.612125,-34.653625,7.425
464,9,-51.4488888889,-32.8772222222,3.52333333333
465,16,-49.46425,-29.1355,6.6425
466,8,-47.051,-33.007875,8.99
467,19,-52.5648333333,-31.26625,13.0075
468,19,-51.1799166667,-30.8360833333,16.6325
469,8,-54.684375,-34.380625,16.83125
470,2,-53.8355,-36.2478333333,12.5783333333
471,4,-53.4862857143,-39.4317142857,14.3571428571
472,2,-56.7008333333,-38.3615,16.77
473,17,-58.9015714286,-36.2038571429,14.1914285714
474,7,-58.286875,-39.0685,11.05
475,5,-59.7966,-41.9752,14.406
476,12,-64.0021818182,-38.0542727273,16.5118181818
477,1,-63.6823333333,-38.8478333333,11.2733333333
478,10,-62.3048888889,-42.7217777778,9.36333333333
479,13,-65.2155555556,-43.9853333333,14.5133333333
480,15,-68.349125,-40.001875,11.895
481,1,-68.031,-42.2855,8.08166666667
482,8,-67.26275,-46.186625,9.5175
483,10,-71.9676666667,-44.011,12.4166666667
484,20,-74.0034285714,-40.8942142857,6.79714285714
485,8,-72.363875,-46.170875,4.9825
486,7,-74.729125,-48.47275,9.2575
487,16,-77.49025,-44.13575,9.6525
488,6,-78.34925,-45.53925,5.8325
489,5,-78.341,-48.8502,5.638
490,16,-80.694375,-49.524625,9.41375
491,3,-83.0414285714,-46.2657142857,7.14
492,10,-82.5491111111,-49.3578888889,2.49666666667
493,13,-82.6652222222,-51.9592222222,5.09555555556
494,12,-87.6896363636,-48.0585454545,9.23363636364
495,12,-88.3766363636,-46.339,2.30363636364
496,9,-87.4686666667,-52.2443333333,1.82
497,5,-90.4982,-52.2634,6.014
498,16,-92.3625,-48.709375,5.98125
499,9,-92.5898888889,-49.0875555556,0.961111111111
500,12,-93.1305454545,-55.5371818182,4.74
501,3,-95.9092857143,-53.2891428571,6.48571428571
502,9,-98.7231111111,-50.1191111111,3.21777777778
503,13,-98.2654444444,-54.2898888889,-0.153333333333
504,16,-99.32475,-56.9915,4.01375
505,16,-102.322375,-53.8905,6.51
506,9,-103.870555556,-51.5918888889,1.52888888889
507,3,-104.036571429,-56.899,0.938571428571
508,15,-105.560375,-57.543,4.95375
509,8,-108.862125,-53.511875,3.905
510,10,-109.268444444,-53.9166666667,0.138888888889
511,16,-109.425125,-59.50275,0.40375
512,19,-111.184666667,-58.38675,6.09
513,16,-114.01825,-54.646,1.0
514,9,-115.345555556,-58.4711111111,-2.17777777778
515,19,-116.849833333,-61.8154166667,3.955
516,5,-118.2682,-57.601,3.272
517,13,-119.624333333,-55.8837777778,-1.45333333333
518,12,-119.527181818,-61.081,-2.24636363636
519,5,-121.9486,-60.0914,3.452
520,5,-124.7804,-58.1614,2.41
521,4,-126.311857143,-58.969,-0.641428571429
522,18,-124.812363636,-64.8404545455,0.625454545455
523,7,-127.017875,-61.780375,5.11625
524,7,-130.14275,-60.166625,2.5375
525,20,-130.231357143,-66.6405,-0.326428571429
526,14,-129.43225,-66.832625,4.11625
527,9,-132.549444444,-63.3595555556,6.45777777778
528,6,-135.46225,-65.167,2.8775
529,5,-134.7856,-68.4404,2.78
530,14,-134.6095,-68.0295,7.0275
531,9,-139.201888889,-65.3544444444,6.36333333333
532,8,-139.961125,-66.99175,1.7075
533,16,-138.801375,-71.631625,2.775
534,10,-140.487,-71.0513333333,8.20666666667
535,8,-144.779125,-68.838375,4.94625
536,3,-147.863428571,-70.2171428571,7.46857142857
537,18,-148.737636364,-72.74,2.69090909091
538,15,-154.237875,-72.670625,3.47625
539,17,-154.62,-74.143,-0.275714285714
540,11,-159.2163,-73.3081,0.241
541,3,-157.750714286,-74.5591428571,-4.98857142857
542,15,-155.345125,-77.7195,-8.035
543,9,-154.154888889,-74.36,-10.3855555556
544,9,-153.785,-70.9778888889,-6.09777777778
545,15,-150.801375,-75.8165,-4.53375
546,10,-149.239666667,-77.1924444444,-8.37555555556
547,6,-147.58975,-72.664,-7.555
548,16,-147.085125,-72.245625,-3.605
549,3,-145.099857143,-76.5202857143,-5.84285714286
550,3,-143.544857143,-74.0282857143,-9.15142857143
551,5,-141.9978,-71.6498,-6.078
552,11,-139.7646,-75.4883,-3.315
553,9,-139.513555556,-76.7164444444,-7.93777777778
554,10,-137.961777778,-71.8268888889,-9.73555555556
555,18,-135.678545455,-70.2893636364,-3.42727272727
556,13,-135.544222222,-76.2182222222,-5.05888888889
557,5,-132.717,-73.2412,-8.47
558,3,-131.389428571,-70.0744285714,-6.42571428571
559,16,-129.827375,-73.583625,-3.63875
560,4,-127.095428571,-73.8428571429,-7.29
561,8,-126.500625,-69.2895,-7.23
562,5,-125.8154,-69.5006,-3.532
563,8,-123.31275,-72.844125,-2.26375
564,13,-120.800777778,-70.3194444444,-7.30777777778
565,9,-121.474,-66.1267777778,-3.77888888889
566,12,-121.003363636,-71.0673636364,1.01818181818
567,10,-118.087777778,-72.3262222222,-1.92
568,5,-116.2606,-67.5112,-2.8
569,15,-118.024625,-65.43225,0.22
570,16,-116.109125,-68.705875,3.12
571,6,-112.378,-67.5635,0.4075
572,15,-112.661875,-63.795125,-0.0825
573,11,-112.2247,-64.5663,6.011
574,7,-110.27825,-68.3135,3.715
575,9,-106.144666667,-65.0527777778,1.18666666667
576,17,-107.636714286,-62.4288571429,4.93714285714
577,2,-106.572166667,-65.6241666667,7.35166666667
578,13,-103.290888889,-67.5511111111,3.44555555556
579,15,-101.90075,-62.918,3.67
580,17,-101.603,-62.6087142857,8.17142857143
581,10,-99.8993333333,-67.4504444444,9.62
582,3,-96.8905714286,-65.9391428571,6.18142857143
583,19,-95.70875,-61.9743333333,5.705
584,11,-95.1085,-64.2557,11.953
585,17,-97.9665714286,-59.3277142857,11.4442857143
586,7,-99.645875,-57.58275,14.3725
587,14,-104.6105,-56.324,12.71375
588,5,-106.6862,-59.3278,14.252
589,6,-108.89425,-61.91825,12.8175
590,3,-110.968428571,-59.3054285714,13.3257142857
591,7,-114.39975,-57.8725,9.50875
592,4,-113.376,-54.2605714286,9.79857142857
593,19,-114.079666667,-52.88075,6.52916666667
594,3,-119.221428571,-56.464,7.92
595,3,-121.254,-57.193,11.11
596,15,-121.68775,-60.886125,9.5375
597,3,-118.607,-64.2467142857,11.03
598,4,-117.713142857,-66.7771428571,8.52571428571
599,10,-117.921,-69.5622222222,11.4722222222
600,9,-122.850111111,-66.6791111111,11.7844444444
601,15,-122.966875,-66.942375,7.37875
602,7,-121.74625,-71.998625,7.3325
603,6,-125.36025,-71.638,9.6075
604,13,-127.774111111,-67.9173333333,8.29111111111
605,20,-126.254785714,-72.6008571429,2.91642857143
606,9,-126.996111111,-75.9588888889,6.97111111111
607,11,-130.6866,-72.2495,9.836
608,17,-131.443,-72.5922857143,4.32142857143
609,12,-128.534727273,-77.3227272727,2.96
610,10,-133.850888889,-78.1321111111,7.84222222222
611,16,-136.074375,-74.877875,5.82625
612,17,-135.315428571,-77.086,1.39428571429
613,4,-135.829285714,-80.7852857143,3.06857142857
614,12,-139.709363636,-79.3644545455,7.44727272727
615,12,-141.768090909,-75.546,2.67181818182
616,8,-140.610125,-80.78675,-0.1625
617,10,-143.414666667,-82.7692222222,3.93444444444
618,5,-145.539,-79.435,3.09
619,16,-146.058375,-78.70475,-0.82625
620,14,-146.957,-83.986,-0.575
621,9,-149.005666667,-82.7443333333,4.00555555556
622,9,-151.713555556,-78.9201111111,1.16222222222
623,11,-150.3666,-82.8541,-3.767
624,5,-153.2826,-84.6182,0.274
625,12,-156.049818182,-80.9696363636,2.15272727273
626,10,-155.879,-79.3414444444,-3.06666666667
627,10,-154.055555556,-83.989,-6.73444444444
628,10,-156.454111111,-85.9533333333,-3.53333333333
629,7,-159.84975,-81.989375,-3.355
630,9,-160.301333333,-81.3764444444,-8.91
631,12,-158.601090909,-87.5253636364,-7.21727272727
632,16,-163.157,-86.034875,-4.77
633,12,-164.251909091,-81.0077272727,-7.30909090909
634,13,-163.916111111,-86.3596666667,-11.9533333333
635,10,-165.044,-90.2934444444,-8.29222222222
636,18,-170.425090909,-86.7764545455,-6.33090909091
637,6,-169.74975,-87.73075,-11.0375
638,5,-168.7256,-90.88,-11.808
639,10,-170.357,-92.7532222222,-8.65444444444
640,5,-174.1264,-89.4042,-9.698
641,7,-173.612125,-88.31,-13.44875
642,17,-174.562285714,-93.1831428571,-13.5728571429
643,15,-176.323375,-93.329875,-9.45375
644,6,-179.43125,-90.72925,-11.2325
645,4,-179.869,-91.7367142857,-14.3714285714
646,20,-180.769214286,-97.6396428571,-12.2207142857
647,15,-183.522375,-92.345375,-10.14
648,10,-184.960333333,-90.961,-15.4722222222
649,3,-184.685285714,-94.7142857143,-16.1
650,13,-186.811555556,-97.457,-13.3722222222
651,14,-189.621,-92.456875,-12.15875
652,9,-189.657333333,-93.7538888889,-18.2411111111
653,9,-189.766222222,-98.3651111111,-16.8788888889
654,15,-192.706375,-96.74925,-12.5
655,6,-195.55825,-96.338,-16.62
656,12,-192.866636364,-98.2605454545,-19.3709090909
657,15,-194.615,-102.467375,-16.19875
658,2,-199.0535,-101.6705,-16.675
659,15,-198.328625,-102.661875,-20.8575
660,9,-196.642888889,-106.408222222,-21.1088888889
661,14,-197.439625,-109.87375,-23.81375
662,11,-202.2091,-112.8574,-21.376
663,6,-203.5565,-109.63925,-20.1825
664,3,-203.397428571,-107.126142857,-17.3428571429
665,16,-202.5905,-108.487,-13.85625
666,9,-200.460666667,-111.833888889,-15.71
667,8,-197.000125,-111.066625,-17.95875
668,10,-197.664444444,-106.329111111,-14.3611111111
669,16,-196.833625,-108.16825,-10.6025
670,7,-193.280375,-110.776625,-13.85875
671,11,-191.9143,-107.5665,-15.688
672,16,-193.224125,-104.8555,-10.62375
673,12,-192.093909091,-109.287181818,-7.26909090909
674,10,-187.059111111,-107.587333333,-12.4177777778
675,19,-187.843666667,-103.729333333,-13.1508333333
676,9,-187.357444444,-104.713333333,-5.78333333333
677,13,-184.407111111,-109.002777778,-8.19444444444
678,2,-183.123,-104.154333333,-10.015
679,15,-183.79675,-101.325375,-6.78125
680,17,-182.213714286,-104.938,-4.03571428571
681,7,-178.365375,-105.149375,-7.3375
682,19,-177.3445,-99.5783333333,-8.53833333333
683,13,-178.015111111,-100.026111111,-1.70888888889
684,4,-174.111857143,-100.422428571,-2.64
685,13,-173.197777778,-97.4566666667,-6.37
686,15,-176.626375,-94.727375,-2.79875
687,8,-174.2675,-96.495,0.62375
688,10,-169.879777778,-96.073,-1.44444444444
689,16,-172.388125,-91.194,-2.99625
690,9,-173.409666667,-91.0683333333,1.82222222222
691,6,-168.1135,-91.02875,1.235
692,8,-167.65925,-89.910625,-2.335
693,11,-170.4166,-85.5638,0.842
694,10,-166.913444444,-87.7136666667,4.94222222222
695,10,-163.101111111,-88.1213333333,2.48444444444
696,15,-165.55275,-83.60875,-0.1025
697,10,-167.861222222,-82.1418888889,3.68111111111
698,9,-164.015555556,-83.6085555556,6.77444444444
699,5,-161.7382,-80.659,2.832
700,16,-163.702125,-77.536,4.04625
701,15,-164.432,-78.84575,-1.03
702,18,-168.709363636,-77.1628181818,0.397272727273
703,8,-166.702375,-76.302375,-5.0975
704,7,-169.239625,-80.103375,-7.91875
705,13,-166.842888889,-76.2502222222,-10.0977777778
706,11,-167.4063,-80.9633,-12.419
707,3,-172.752142857,-82.0588571429,-10.9385714286
708,7,-176.04625,-81.1505,-13.16875
709,19,-177.874833333,-85.1519166667,-10.72
710,3,-176.441285714,-82.767,-5.62142857143
711,14,-176.65775,-86.060375,-2.08
712,9,-180.663222222,-83.7622222222,-0.57
713,11,-182.1257,-83.8704,-6.236
714,15,-179.413375,-88.797125,-4.86125
715,12,-179.985636364,-88.605,0.87
716,17,-185.613,-87.5388571429,-2.54571428571
717,6,-185.06075,-90.1605,-5.5525
718,20,-182.412214286,-95.0425714286,-4.78071428571
719,9,-185.223444444,-93.1322222222,-0.188888888889
720,10,-190.025777778,-91.2657777778,-4.57222222222
721,16,-187.633,-95.097875,-6.79125
722,16,-188.391875,-97.248,-2.62875
723,3,-192.963857143,-94.7821428571,-2.94571428571
724,3,-192.648,-95.205,-7.2
725,15,-191.817875,-99.546875,-6.51625
726,5,-194.921,-98.989,-3.32
727,12,-197.970636364,-95.4158181818,-3.64090909091
728,3,-197.213428571,-99.386,-8.97714285714
729,15,-196.26125,-102.795375,-6.4575
730,7,-199.780375,-101.688375,-2.82625
731,9,-202.953777778,-99.0233333333,-5.95222222222
732,17,-201.852,-104.108857143,-8.51142857143
733,9,-200.763777778,-105.707888889,-4.55
734,7,-206.594375,-104.44875,-4.93125
735,10,-206.442333333,-103.281111111,-9.34111111111
736,15,-206.124125,-109.186625,-9.64375
737,16,-208.135875,-108.8995,-5.76625
738,3,-211.605571429,-105.89,-8.20714285714
739,12,-216.270363636,-107.278818182,-6.7
740,8,-213.390625,-104.927125,-2.54125
741,5,-215.9612,-108.4968,-0.862
742,13,-213.513777778,-112.254777778,-2.80555555556
743,6,-211.63675,-111.37475,-0.3775
744,15,-208.22475,-112.79025,-0.03375
745,2,-208.531,-116.566666667,0.985
746,10,-208.847,-116.344777778,4.64555555556
747,9,-207.563111111,-121.169222222,2.47222222222
748,10,-202.693,-118.910444444,2.99
749,14,-204.57375,-116.189625,6.40375
750,7,-207.0,-119.367,8.89
751,9,-203.558111111,-123.514555556,9.69444444444
752,18,-199.019272727,-118.713181818,9.24454545455
753,12,-205.572727273,-118.466272727,13.1936363636
754,5,-203.348,-121.2164,14.05
755,2,-199.7495,-120.916666667,13.9466666667
756,18,-199.843909091,-115.399272727,15.87
757,7,-203.767125,-118.789125,18.23375
758,11,-200.235,-122.0352,19.17
759,18,-195.945272727,-118.760727273,19.4481818182
760,8,-201.4575,-115.099875,20.95375
761,12,-199.171272727,-118.619818182,24.4636363636
762,13,-198.921444444,-112.290888889,25.2055555556
763,13,-205.107,-113.360111111,22.8822222222
764,3,-203.499142857,-109.223714286,23.5842857143
765,6,-202.173,-109.4585,20.495
766,14,-198.7415,-109.043625,21.065
767,14,-195.657875,-112.85375,18.68375
768,8,-192.296375,-111.481625,21.36375
769,1,-189.3665,-110.940166667,17.4466666667
770,9,-187.934222222,-115.919777778,19.1766666667
771,8,-192.10475,-115.545,19.195
772,18,-190.854272727,-113.795909091,12.9409090909
773,12,-186.411,-118.227,15.4318181818
774,5,-190.764,-119.9052,15.978
775,1,-194.187,-119.244166667,13.8783333333
776,16,-191.534875,-119.185,10.44875
777,15,-190.4785,-123.882,12.57
778,2,-195.424333333,-123.808,13.0466666667
779,14,-195.844625,-123.982,8.69375
780,6,-191.07875,-124.6685,8.715
781,19,-187.82025,-122.8725,5.10166666667
782,7,-185.777125,-121.004125,8.87625
783,14,-182.00675,-121.987,5.69875
784,6,-180.73675,-119.1515,8.865
785,9,-179.197777778,-116.391333333,12.2722222222
786,5,-180.3596,-114.2198,7.458
787,9,-184.623222222,-114.710333333,6.12333333333
788,18,-184.274545455,-114.031909091,11.8927272727
789,5,-182.2378,-110.4758,10.372
790,12,-184.148090909,-108.228363636,5.10181818182
791,15,-187.968125,-109.202625,8.37875
792,14,-185.598875,-107.316125,13.0075
793,2,-184.795166667,-104.063666667,10.7466666667
794,15,-188.57425,-103.88825,8.5675
795,17,-190.694571429,-105.265571429,12.4585714286
796,8,-187.7255,-103.164625,15.89875
797,4,-188.810714286,-99.5835714286,13.34
798,7,-190.3485,-99.476,17.00125
799,12,-188.561181818,-98.8690909091,20.9309090909
800,14,-191.06475,-102.354125,21.5175
801,6,-190.448,-106.58175,19.775
802,17,-193.912285714,-106.629285714,19.9257142857
803,17,-195.106142857,-109.254857143,16.0828571429
804,3,-198.517142857,-106.94,15.6714285714
805,18,-201.169,-110.754454545,12.2390909091
806,10,-200.109888889,-104.780111111,9.26111111111
807,5,-195.9478,-107.3198,10.88
808,18,-197.079818182,-112.531090909,11.2054545455
809,15,-199.426125,-110.048125,6.84875
810,8,-195.4985,-107.9065,6.21
811,18,-193.730636364,-112.393545455,6.53909090909
812,14,-197.731125,-114.40075,5.36
813,2,-197.744333333,-111.526666667,1.805
814,12,-193.705818182,-108.605363636,0.76
815,9,-192.949,-115.101555556,0.205555555556
816,3,-197.330285714,-115.312857143,-2.31
817,5,-196.5582,-111.8508,-4.494
818,8,-196.2555,-112.948875,-8.825
819,3,-195.771,-117.245428571,-7.17857142857
820,8,-200.455125,-116.573375,-6.64625
821,3,-202.893285714,-120.137571429,-6.79571428571
822,5,-203.727,-117.0694,-9.53
823,8,-201.08575,-114.9895,-11.50625
824,10,-198.153111111,-119.999,-11.9311111111
825,17,-203.233714286,-120.841714286,-12.7514285714
826,14,-203.77875,-117.06225,-15.79125
827,5,-199.8808,-119.3112,-17.012
828,2,-201.192166667,-122.816666667,-16.9483333333
829,18,-205.786545455,-121.549363636,-18.0154545455
830,13,-200.910888889,-118.482444444,-21.1933333333
831,15,-199.94275,-123.509625,-22.675
832,16,-204.327875,-125.450125,-22.41625
833,5,-204.8752,-122.3226,-26.024
834,6,-202.116,-120.93125,-27.3475
835,8,-199.905375,-117.959625,-26.3
836,13,-205.188444444,-118.372111111,-27.8822222222
837,7,-206.93375,-114.65375,-24.25125
838,19,-209.483,-117.832416667,-28.2541666667
839,15,-209.9615,-122.072375,-24.2075
840,3,-211.879142857,-124.492857143,-27.3828571429
841,17,-215.027285714,-126.945428571,-25.3671428571
842,8,-213.539375,-129.825125,-28.21375
843,9,-209.134444444,-127.319222222,-27.3811111111
844,16,-211.04375,-127.71125,-22.16375
845,12,-213.139272727,-132.632545455,-22.5172727273
846,12,-210.436636364,-133.504272727,-26.3209090909
847,9,-206.115111111,-132.017333333,-22.6066666667
848,16,-208.978,-131.34675,-18.40125
849,4,-209.829285714,-134.539714286,-16.1985714286
850,4,-214.163,-134.948428571,-16.0585714286
851,8,-213.75875,-133.274625,-12.34375
852,10,-210.766555556,-130.871111111,-13.36
853,5,-213.6608,-129.8384,-17.45
854,9,-217.115888889,-130.921888889,-18.0488888889
855,19,-216.70775,-127.352833333,-11.7216666667
856,1,-214.756833333,-125.209833333,-15.535
857,15,-217.711875,-125.53725,-19.17125
858,5,-219.7604,-123.5766,-15.268
859,12,-216.556363636,-121.761636364,-11.6627272727
860,14,-214.960125,-120.613875,-17.92875
861,5,-216.7786,-117.5064,-20.066
862,4,-218.165428571,-116.804,-23.0157142857
863,19,-216.235,-115.013916667,-27.56
864,7,-214.726625,-111.2065,-23.73
865,6,-215.44375,-109.87525,-27.3525
866,12,-213.432454545,-107.989454545,-30.6372727273
867,8,-213.552875,-112.51575,-33.22875
868,5,-215.7248,-116.4942,-33.696
869,17,-213.862285714,-119.721571429,-33.0957142857
870,4,-215.98,-123.177571429,-33.2057142857
871,6,-216.4125,-122.591,-28.845
872,5,-215.0898,-119.9676,-27.354
873,16,-214.657375,-120.71575,-23.48375
874,8,-212.598125,-116.395625,-21.1025
875,19,-207.754416667,-118.113916667,-19.9591666667
876,14,-209.371125,-113.657125,-18.02
877,2,-213.2005,-114.323333333,-15.7983333333
878,18,-212.035454545,-119.534363636,-13.3554545455
879,2,-208.317833333,-116.466833333,-11.915
880,3,-210.397857143,-112.615571429,-11.8028571429
881,5,-212.5712,-115.168,-8.856
882,16,-211.52825,-118.988875,-6.85875
883,19,-208.143666667,-119.209,-7.70416666667
884,6,-206.2855,-114.95375,-3.965
885,9,-204.328555556,-116.291,-2.11555555556
886,2,-202.079833333,-112.593,1.33333333333
887,8,-199.8785,-109.981375,-0.85125
888,16,-202.35975,-111.02725,-5.36125
