26,5,-1.3374,3.2724,26.01
27,6,-4.06475,5.182,24.6975
28,11,-7.9086,6.888,24.167
29,14,-2.9515,10.645875,23.20625
30,9,-0.540444444444,5.84388888889,21.5144444444
31,13,-5.77577777778,4.55577777778,19.0
32,10,-6.54477777778,9.60111111111,18.2044444444
33,10,-0.966444444444,10.5116666667,17.9411111111
34,12,-0.578727272727,4.04518181818,16.2454545455
35,13,-5.73888888889,6.73933333333,12.44
36,3,-3.52357142857,10.7264285714,12.0957142857
37,18,0.760909090909,11.1603636364,13.3263636364
38,3,-0.0667142857143,6.404,9.62142857143
39,5,-2.2106,8.762,7.178
40,20,1.38435714286,13.6112857143,7.09142857143
41,1,3.0025,9.47383333333,6.37
42,7,0.947375,6.66725,3.815
43,2,-0.199833333333,11.1716666667,2.055
44,11,3.2164,13.0286,1.893
45,16,5.2905,7.679125,1.34875
46,12,-0.0127272727273,9.14972727273,-2.07181818182
47,13,3.99866666667,11.5806666667,-3.44888888889
48,5,7.3694,7.345,-3.556
49,6,5.9445,4.278,-4.1325
50,3,5.92428571429,3.69557142857,-0.617142857143
51,10,2.50511111111,3.13333333333,1.58888888889
52,15,3.738125,2.80025,6.24
53,9,2.53811111111,-2.36933333333,7.24555555556
54,7,3.62,-0.703,11.68125
55,15,4.22125,4.1135,12.61
56,9,5.553,0.365444444444,16.2466666667
57,9,8.063,-1.89822222222,13.2444444444
58,8,7.81025,0.425625,8.69125
59,18,9.63663636364,5.05009090909,9.87636363636
60,12,12.8419090909,-0.510636363636,13.8790909091
61,8,15.435125,0.94775,8.3325
62,6,15.28325,4.7565,7.7625
63,16,15.314875,3.2155,4.30625
64,13,10.1126666667,3.76444444444,4.35777777778
65,16,12.413875,8.549375,7.7725
66,14,15.749,8.9065,4.315
67,16,11.3245,8.319375,0.83625
68,16,8.716125,11.110875,4.40375
69,16,12.24275,13.588625,4.86625
70,9,13.654,12.5228888889,-0.231111111111
71,17,8.45842857143,13.7134285714,-0.565714285714
72,15,8.15225,16.522625,2.84625
73,2,11.7335,18.454,0.926666666667
74,6,12.464,18.063,-2.4475
75,9,15.7353333333,18.4894444444,-0.624444444444
76,12,17.3666363636,13.4359090909,-3.92727272727
77,16,18.462875,12.891375,1.83875
78,5,22.085,10.9114,1.818
79,13,22.7027777778,7.25566666667,-1.15555555556
80,4,21.1032857143,5.185,1.75428571429
81,9,24.7733333333,3.27066666667,5.07888888889
82,12,22.0578181818,-0.375454545455,1.69909090909
83,6,22.66275,-3.1625,6.04
84,13,19.8278888889,-5.36155555556,7.17888888889
85,14,24.3725,-4.3795,11.05625
86,12,21.3073636364,-1.18918181818,16.3627272727
87,17,25.425,0.05,13.2014285714
88,11,24.5236,-0.3199,9.104
89,13,19.2391111111,0.0261111111111,11.3622222222
90,15,21.839625,3.98175,14.41875
91,2,23.4056666667,5.78016666667,10.3216666667
92,7,20.297625,5.372125,7.97
93,17,17.9937142857,7.475,11.8471428571
94,7,21.52325,9.851625,12.92125
95,13,21.8471111111,9.91688888889,7.40888888889
96,5,17.2822,12.0206,9.27
97,16,17.613375,12.98875,13.075
98,8,21.31475,15.25525,10.94
99,18,17.1343636364,16.8882727273,6.23272727273
100,15,14.98625,17.104875,10.67
101,5,17.8086,20.0228,11.866
102,2,18.7155,21.3388333333,8.48166666667
103,13,15.544,21.724,6.80111111111
104,6,13.94575,23.39975,11.555
105,17,12.593,20.3367142857,12.8142857143
106,13,10.9522222222,21.7763333333,18.1
107,16,15.346375,20.01925,18.5525
108,17,12.1385714286,16.9328571429,20.9814285714
109,2,15.1696666667,14.733,22.7933333333
110,15,14.30775,12.39075,19.12625
111,6,16.6,9.04425,19.42
112,5,18.2804,6.9444,17.158
113,9,19.3541111111,4.91677777778,19.6777777778
114,9,15.1462222222,5.63855555556,21.0577777778
115,15,13.606125,5.605,16.1625
116,17,16.2048571429,1.66357142857,15.5557142857
117,8,14.765,0.006375,19.21875
118,6,10.34725,0.98175,18.0475
119,7,9.76975,3.886875,21.05125
120,17,5.54842857143,4.27871428571,19.7785714286
121,13,6.25333333333,8.20777777778,23.3211111111
122,14,10.531125,8.64825,20.67625
123,3,8.202,7.345,16.38
124,16,4.27525,9.093,17.33375
125,6,7.167,12.643,18.0575
126,14,9.98575,11.859,14.8175
127,15,6.3235,12.03925,12.76375
128,20,3.2555,17.0766428571,15.9321428571
129,3,8.33957142857,17.466,14.8071428571
130,15,8.20525,16.12575,10.64
131,15,3.495625,17.163125,10.85125
132,16,4.57825,21.460625,13.395
133,12,8.97181818182,23.3547272727,9.41818181818
134,18,8.07009090909,20.0903636364,6.56454545455
135,5,2.3298,21.5734,7.406
136,15,1.620875,23.799625,10.56375
137,10,6.55322222222,26.6977777778,10.9388888889
138,8,5.564,27.896,6.65
139,15,0.552125,28.545875,7.90875
140,2,0.8395,32.894,6.80166666667
141,17,-2.999,34.358,8.44142857143
142,9,-4.37566666667,38.399,9.26444444444
143,9,0.610222222222,40.0633333333,10.5711111111
144,3,-0.768714285714,35.0908571429,12.3257142857
145,2,2.17733333333,32.084,12.32
146,5,1.5798,28.632,12.59
147,13,-1.15133333333,26.226,16.4755555556
148,9,-0.964222222222,30.3655555556,16.26
149,6,-2.82325,30.68475,11.7525
150,16,-4.318625,26.768875,11.03125
151,16,-6.97925,28.879375,14.81375
152,16,-7.00825,33.237625,12.21
153,20,-8.03807142857,28.8122857143,7.13357142857
154,1,-10.3446666667,28.203,10.7433333333
155,10,-11.1781111111,31.5745555556,13.7077777778
156,12,-11.0494545455,35.3650909091,10.0772727273
157,13,-12.5673333333,30.8581111111,5.86888888889
158,3,-16.0105714286,29.4161428571,10.1085714286
159,5,-17.5084,33.3114,10.508
160,4,-20.0398571429,32.968,8.28428571429
161,19,-20.6673333333,28.96975,8.33333333333
162,13,-25.5633333333,31.3647777778,12.54
163,7,-23.608375,26.17525,13.50625
164,17,-19.3422857143,27.3014285714,13.9257142857
165,7,-17.022375,28.997375,18.02375
166,15,-13.362,27.436625,15.72625
167,10,-11.9953333333,29.239,19.9822222222
168,7,-10.08725,24.617,19.86625
169,18,-6.75509090909,22.9303636364,16.5263636364
170,11,-9.7655,20.6927,21.322
171,15,-13.87125,20.550125,22.22625
172,2,-14.2293333333,23.1588333333,18.4183333333
173,20,-12.7485714286,21.3906428571,14.5892857143
174,13,-16.4034444444,16.7935555556,19.5622222222
175,8,-20.002125,19.266125,15.9875
176,6,-18.4435,18.562,12.455
177,16,-20.674875,21.61175,11.92125
178,6,-16.33425,22.6795,10.8475
179,18,-14.1053636364,19.2517272727,10.0654545455
180,1,-18.688,20.8086666667,7.04666666667
181,5,-17.7516,24.7494,6.964
182,16,-13.693875,24.523,6.32
183,15,-15.93225,21.76125,2.77875
184,11,-20.503,25.5012,2.261
185,12,-16.7218181818,29.8417272727,2.30272727273
186,11,-13.4425,26.9367,0.407
187,12,-15.8105454545,22.9259090909,-3.64454545455
188,4,-20.5615714286,25.2141428571,-1.90857142857
189,9,-20.4677777778,22.4434444444,-4.85777777778
190,16,-19.250875,19.382375,-2.4425
191,15,-21.72125,20.047875,1.72125
192,8,-27.022875,20.392,1.9275
193,19,-23.8979166667,23.5611666667,6.76916666667
194,6,-28.753,22.7185,6.0625
195,13,-30.0394444444,18.8142222222,4.67
196,16,-25.947,19.5085,8.5175
197,12,-30.0761818182,18.2019090909,13.33
198,13,-25.1171111111,21.1385555556,16.7033333333
199,8,-28.230875,16.89925,17.14125
200,8,-26.214,14.179375,13.75875
201,4,-22.3831428571,14.41,15.4957142857
202,16,-21.63125,10.227375,13.38375
203,3,-23.889,12.5605714286,10.1242857143
204,7,-22.02125,16.179,10.69
205,16,-17.744875,13.95125,11.5475
206,7,-18.979125,10.39675,8.49
207,3,-20.4007142857,14.1595714286,5.46857142857
208,5,-16.6414,15.583,5.806
209,18,-14.2584545455,12.8004545455,7.75727272727
210,8,-16.79775,10.706,3.025
211,17,-16.4772857143,15.17,0.778571428571
212,5,-12.4654,15.0482,1.444
213,9,-11.8194444444,10.2451111111,0.601111111111
214,13,-15.3464444444,11.5485555556,-3.65333333333
215,19,-15.606,15.2903333333,-4.26666666667
216,16,-10.692375,17.636,-1.43
217,8,-6.68525,13.901375,-2.43875
218,15,-8.10225,14.912125,2.0825
219,4,-6.64057142857,11.2645714286,3.42285714286
220,13,-10.8332222222,8.76244444444,5.57777777778
221,14,-6.292875,11.5835,8.69625
222,16,-9.880875,11.788875,11.90875
223,8,-12.616375,7.4805,13.99125
224,5,-15.8526,9.6108,13.924
225,9,-17.376,6.09322222222,16.17
226,8,-12.973875,7.690375,18.2825
227,15,-13.941375,12.5925,17.44
228,17,-18.1734285714,11.6522857143,19.2842857143
229,6,-16.28375,9.8475,22.52
230,3,-13.0904285714,11.5092857143,23.0085714286
231,5,-13.8436,14.3338,25.712
232,12,-9.01481818182,17.5414545455,24.9563636364
233,4,-10.2038571429,15.3555714286,20.93
234,8,-5.21825,14.474625,19.83125
235,9,-4.24333333333,19.2738888889,19.9844444444
236,13,-0.812555555556,16.5952222222,18.3477777778
237,5,-4.67,14.8718,15.02
238,15,-7.63875,17.6255,14.9675
239,14,-3.328375,20.51475,14.14625
240,3,-2.62271428571,16.8861428571,11.0242857143
241,19,-8.20925,16.00425,8.56416666667
242,17,-7.04314285714,21.0801428571,9.66285714286
243,2,-3.28366666667,20.9473333333,7.615
244,2,-4.7055,18.8713333333,4.88333333333
245,18,-9.22927272727,20.3010909091,5.13272727273
246,19,-4.09116666667,26.2524166667,4.5525
247,11,-1.9628,22.8624,2.616
248,5,-6.5334,22.094,-0.39
249,18,-9.40381818182,24.5325454545,0.501818181818
250,2,-4.04333333333,27.1796666667,-0.82
251,6,-3.69075,27.11675,-4.31
252,5,-0.7858,25.5926,-4.272
253,10,-2.97388888889,21.7922222222,-6.60777777778
254,9,-3.46533333333,25.7702222222,-9.21666666667
255,18,1.91454545455,27.2661818182,-7.26272727273
256,16,3.317875,23.507125,-6.41875
257,9,3.76922222222,19.5203333333,-9.80888888889
258,4,2.68157142857,17.0754285714,-6.66285714286
259,6,5.4804,14.0962,-7.542
