1,14,2.71694736842,0.0295789473684,-2.21842105263
2,17,2.4874375,-4.104375,-0.04875
3,13,-0.894545454545,-6.53290909091,-0.305454545455
4,8,0.109416666667,-3.66025,-6.345
5,9,3.99073333333,-5.31173333333,-8.41533333333
6,13,6.00890909091,-8.174,-4.745
7,2,0.856181818182,-10.7671818182,-3.69636363636
8,13,0.272954545455,-9.40840909091,-9.42181818182
9,3,0.679071428571,-15.2774285714,-7.10428571429
10,16,-4.99373684211,-14.2367894737,-5.16315789474
11,18,-6.97885,-20.27025,-4.6925
12,9,-9.98673333333,-16.8195333333,-6.176
13,17,-11.9540625,-19.913625,-1.59625
14,9,-16.4429333333,-19.7366,-4.24333333333
15,6,-17.7835714286,-19.3547142857,0.418571428571
16,5,-20.0248,-18.6616,3.488
17,17,-19.6069375,-15.2336875,6.89125
18,3,-19.1439285714,-18.8645714286,10.3035714286
19,5,-18.9418,-15.7945,12.591
20,16,-19.1237368421,-10.8351052632,13.0957894737
21,16,-14.3066315789,-12.3037368421,15.5994736842
22,4,-15.0787857143,-8.13585714286,18.3064285714
23,5,-11.3948,-7.7789,15.379
24,5,-13.2266,-6.1571,12.034
25,9,-12.1015333333,-11.2202,12.1813333333
26,18,-15.8009,-10.3944,8.5785
27,12,-12.7662083333,-16.6025,12.2441666667
28,17,-15.306625,-17.586375,5.844375
29,13,-19.2515,-21.3705,6.68818181818
30,16,-14.4973157895,-24.4631578947,2.36842105263
31,8,-18.7679166667,-26.19775,1.51666666667
32,7,-14.2245,-29.2702857143,2.78214285714
33,9,-16.0062,-29.1998,7.66733333333
34,11,-11.2387777778,-26.1767777778,6.65833333333
35,9,-13.4938666667,-23.088,9.99666666667
36,15,-10.7665263158,-19.8786842105,5.94631578947
37,15,-8.84768421053,-15.9548947368,9.90421052632
38,1,-11.3379090909,-13.4929090909,6.33636363636
39,11,-9.53316666667,-9.25838888889,8.43555555556
40,17,-11.616125,-5.579375,5.254375
41,2,-7.44445454545,-6.18281818182,2.67454545455
42,6,-9.01985714286,-4.23642857143,-0.624285714286
43,13,-12.5649545455,-2.869,-5.315
44,17,-13.762875,-4.000375,0.339375
45,12,-11.1468333333,2.55341666667,2.17916666667
46,12,-10.2859166667,3.60075,-2.55583333333
47,2,-16.1709090909,0.144545454545,-3.42818181818
48,13,-17.1577727273,3.02181818182,1.27409090909
49,15,-18.4495789474,-3.85115789474,-0.532631578947
50,12,-24.3852916667,-4.18916666667,4.33916666667
51,15,-19.0236315789,-7.86342105263,4.67473684211
52,15,-24.2864210526,-9.24142105263,4.78947368421
53,15,-23.4444210526,-13.2587894737,9.22105263158
54,6,-25.644,-15.5174285714,5.40571428571
55,8,-24.34875,-13.6241666667,1.97416666667
56,12,-22.117125,-18.75325,-0.259166666667
57,17,-18.089875,-14.884875,1.29625
58,16,-14.835,-14.1247368421,-3.81105263158
59,17,-12.055625,-16.0826875,0.4775
60,9,-9.73266666667,-12.6546,-2.942
61,14,-6.43094117647,-16.986,-0.145294117647
62,2,-1.91345454545,-15.9198181818,-1.26727272727
63,15,-1.99363157895,-20.8491052632,-1.04421052632
64,19,2.83380952381,-18.3120952381,-1.86
65,8,2.96833333333,-16.47625,4.27666666667
66,12,2.90366666667,-12.6667083333,1.59125
67,7,-2.79492857143,-13.1591428571,1.76857142857
68,5,-1.7804,-17.695,4.304
69,13,-1.39018181818,-16.5653181818,8.08590909091
70,13,-4.75945454545,-12.6967272727,6.53545454545
71,6,-8.224,-13.547,3.54
72,12,-8.271625,-9.77291666667,-0.93
73,15,-14.2831578947,-10.9788947368,3.41263157895
74,15,-15.5677894737,-8.22442105263,-1.67052631579
75,12,-21.7830416667,-9.82845833333,-1.58666666667
76,12,-21.2186666667,-15.0054166667,-4.49541666667
77,16,-18.6755263158,-13.0682631579,-7.40631578947
78,13,-22.3534090909,-9.93036363636,-9.83
79,6,-23.038,-15.8031428571,-10.1814285714
80,3,-21.7927857143,-16.2415,-13.9
81,2,-26.7904545455,-15.0833636364,-13.5718181818
82,8,-25.3003333333,-13.81775,-17.7258333333
83,12,-24.7985,-19.2754583333,-16.9695833333
84,3,-30.3437142857,-18.4782142857,-19.6185714286
85,15,-31.8027368421,-16.6081052632,-15.6563157895
86,2,-35.5866363636,-16.5745454545,-19.12
87,13,-31.1467826087,-13.2501304348,-22.4995652174
1,14,11.1411578947,-4.57163157895,0.760526315789
2,17,6.8051875,-4.0123125,-0.3125
3,13,6.26745454545,-7.59754545455,-4.00909090909
4,8,0.668583333333,-8.30708333333,-0.7275
5,9,-1.24186666667,-5.4288,-2.79333333333
6,13,0.638136363636,-4.80572727273,-6.17
7,2,0.385363636364,-10.977,-5.06181818182
8,13,-1.06231818182,-10.0064545455,-10.6490909091
9,3,0.657142857143,-16.4142857143,-8.04357142857
10,16,-4.12110526316,-14.7814736842,-6.14894736842
11,18,-8.07535,-19.8509,-6.1715
12,9,-9.94953333333,-15.594,-6.56466666667
13,17,-12.715375,-19.394375,-3.125625
14,9,-17.1163333333,-18.8459333333,-4.25933333333
15,6,-17.6482857143,-18.3761428571,0.341428571429
16,5,-20.2266,-18.7666,3.328
17,17,-20.3790625,-14.8438125,6.39
18,3,-20.3594285714,-19.0212142857,9.62714285714
19,5,-19.3864,-16.2491,11.989
20,16,-19.0717894737,-11.4615789474,12.7878947368
21,16,-14.1990526316,-12.9316842105,15.3089473684
22,4,-15.7585714286,-9.06707142857,18.3378571429
23,5,-12.0656,-7.9046,15.845
24,5,-13.0104,-6.4409,12.12
25,9,-11.8506,-11.5408,12.1633333333
26,18,-15.6614,-10.56655,8.7225
27,12,-12.8033333333,-17.01425,11.6883333333
28,17,-15.8323125,-17.2999375,5.27125
29,13,-18.9841363636,-22.0913636364,6.475
30,16,-14.9267368421,-24.3870526316,1.53210526316
31,8,-18.8978333333,-26.5478333333,1.28333333333
32,7,-14.5005,-29.2183571429,1.40785714286
33,9,-16.0137333333,-29.4764666667,6.20733333333
34,11,-11.2776666667,-26.8031111111,4.94777777778
35,9,-11.9082666667,-22.7136666667,9.07866666667
36,15,-10.816,-19.2440526316,5.10052631579
37,15,-8.95521052632,-15.9915789474,9.21578947368
38,1,-11.8673636364,-13.2413636364,6.29727272727
39,11,-9.52672222222,-8.36783333333,8.345
40,17,-11.4894375,-5.263875,5.701875
41,2,-7.30254545455,-6.00872727273,3.14909090909
42,6,-8.85885714286,-3.74771428571,0.0471428571429
43,13,-12.0861363636,-1.83486363636,-4.73136363636
44,17,-13.6060625,-3.75425,0.848125
45,12,-10.8315416667,1.58391666667,4.18125
46,12,-9.551,2.24075,-0.0883333333333
47,2,-16.0969090909,0.947272727273,-1.70090909091
48,13,-17.5268636364,4.12154545455,1.96818181818
49,15,-18.4547368421,-2.83147368421,0.0626315789474
50,12,-24.2410833333,-2.95070833333,4.95875
51,15,-18.9420526316,-7.39410526316,4.88105263158
52,15,-24.3600526316,-8.67542105263,4.56421052632
53,15,-24.0682105263,-12.1236315789,9.41105263158
54,6,-25.4232857143,-15.061,5.71285714286
55,8,-24.1183333333,-13.2426666667,2.21166666667
56,12,-22.3706666667,-18.1725,-0.360833333333
57,17,-18.3854375,-13.952625,0.72375
58,16,-15.3991578947,-13.7172631579,-4.61684210526
59,17,-12.280625,-15.02225,-0.195
60,9,-8.78073333333,-11.7973333333,-3.164
61,14,-7.04417647059,-16.5221176471,-0.738823529412
62,2,-2.52963636364,-14.7931818182,-1.32181818182
63,15,-1.77410526316,-19.6493684211,-2.75736842105
64,19,2.50628571429,-16.2131428571,-2.06285714286
65,8,2.23283333333,-16.6318333333,4.28
66,12,1.40404166667,-12.5641666667,2.82708333333
67,7,-2.86814285714,-12.8229285714,2.23571428571
68,5,-2.4082,-18.0127,3.272
69,13,-2.63277272727,-17.5849090909,7.95318181818
70,13,-5.36581818182,-12.1225454545,6.26409090909
71,6,-8.42785714286,-13.1415714286,3.31
72,12,-6.96758333333,-9.390625,-0.333333333333
73,15,-14.3422105263,-10.46,3.31210526316
74,15,-15.865,-7.22921052632,-1.15263157895
75,12,-21.6643333333,-8.88266666667,-0.909583333333
76,12,-20.3200833333,-13.6351666667,-5.53
77,16,-19.9622105263,-9.71094736842,-8.51105263158
78,13,-24.3203636364,-7.70768181818,-8.62727272727
79,6,-25.4571428571,-13.1967142857,-9.36857142857
80,3,-25.6667142857,-15.3579285714,-13.2678571429
81,2,-30.245,-16.0900909091,-13.2209090909
82,8,-27.774,-18.3945833333,-16.5416666667
83,12,-28.639125,-21.0277083333,-11.54625
84,3,-26.9690714286,-25.1842857143,-15.9957142857
85,15,-29.6792631579,-23.1169473684,-19.3173684211
86,2,-27.0916363636,-20.2085454545,-22.4363636364
87,13,-32.7387391304,-18.9824782609,-23.6443478261
1,14,0.237052631579,-7.15205263158,2.46263157895
2,17,-1.774625,-2.8104375,-0.730625
3,13,0.260090909091,-5.8335,-4.085
4,8,-5.57008333333,-4.83633333333,-6.52083333333
5,9,-3.27133333333,-3.25693333333,-10.7166666667
6,13,0.711727272727,-6.00227272727,-11.1304545455
7,2,-3.86336363636,-9.953,-8.10727272727
8,13,1.53818181818,-11.8847272727,-7.96363636364
9,3,-1.18142857143,-17.1093571429,-8.17071428571
10,16,-5.62463157895,-14.4846315789,-6.43263157895
11,18,-7.1621,-20.24545,-6.054
12,9,-11.1502,-15.6474,-6.90066666667
13,17,-12.7038125,-18.862625,-2.54375
14,9,-17.6199333333,-17.3993333333,-3.48666666667
15,6,-18.6888571429,-18.2257142857,1.06857142857
16,5,-21.4909,-18.3324,3.916
17,17,-20.0305,-14.63,6.94625
18,3,-20.3151428571,-18.4917857143,10.3235714286
19,5,-18.7381,-15.9817,12.64
20,16,-17.9294736842,-11.2965263158,13.5605263158
21,16,-12.5687894737,-12.457,16.3363157895
22,4,-13.959,-9.04442857143,18.4764285714
23,5,-10.3124,-8.351,15.599
24,5,-11.6574,-6.8459,12.024
25,9,-11.3692666667,-12.0817333333,12.2266666667
26,18,-15.0107,-10.62775,8.8555
27,12,-13.5647083333,-17.3225833333,12.05375
28,17,-16.19375,-17.3565625,5.235625
29,13,-19.6720909091,-21.8156818182,6.39863636364
30,16,-15.6358947368,-23.4807894737,0.961578947368
31,8,-19.42275,-25.9916666667,0.553333333333
32,7,-14.2746428571,-28.2107142857,1.16071428571
33,9,-16.6568666667,-29.1447333333,5.762
34,11,-11.9803888889,-26.8312222222,5.10277777778
35,9,-13.6456666667,-22.4891333333,8.84666666667
36,15,-11.6012105263,-19.3276315789,4.23842105263
37,15,-8.50457894737,-16.7265789474,8.75210526316
38,1,-11.9677272727,-13.5875454545,6.44363636364
39,11,-8.83688888889,-8.78938888889,8.09666666667
40,17,-10.9128125,-5.542625,6.6475
41,2,-7.72345454545,-5.813,2.72545454545
42,6,-6.76714285714,-2.74014285714,1.13428571429
43,13,-9.70054545455,-2.46868181818,-4.01590909091
44,17,-12.2509375,-3.94825,0.63
45,12,-9.65083333333,1.48458333333,4.87083333333
46,12,-7.90754166667,1.92179166667,1.23291666667
47,2,-13.8247272727,1.03218181818,-1.33727272727
48,13,-15.7454545455,4.19772727273,2.39454545455
49,15,-16.9427368421,-2.56684210526,0.111052631579
50,12,-21.348,-2.83641666667,6.28833333333
51,15,-17.6996315789,-7.83778947368,4.81947368421
52,15,-23.2114210526,-8.12742105263,5.05105263158
53,15,-22.9027894737,-11.7106842105,9.86473684211
54,6,-25.4654285714,-13.9652857143,6.21428571429
55,8,-24.3544166667,-12.6978333333,2.4175
56,12,-25.0454583333,-15.6482083333,-0.547083333333
57,17,-19.3191875,-13.0584375,1.02875
58,16,-15.5058947368,-13.0952105263,-3.64
59,17,-12.5314375,-14.6321875,0.493125
60,9,-10.2148,-12.1753333333,-3.33333333333
61,14,-6.95417647059,-16.9480588235,-0.607058823529
62,2,-2.86763636364,-15.9392727273,-2.35181818182
63,15,-2.84310526316,-20.7553684211,-3.29473684211
64,19,1.74142857143,-17.2374285714,-3.55952380952
65,8,2.34108333333,-17.8005,2.765
66,12,2.8105,-14.1774583333,2.14541666667
67,7,-1.97092857143,-13.2854285714,0.775
68,5,-2.6745,-18.1935,2.385
69,13,-2.21254545455,-18.5550454545,6.44045454545
70,13,-4.36036363636,-12.8578181818,6.10727272727
71,6,-7.73771428571,-12.7062857143,2.58428571429
72,12,-8.41733333333,-9.0885,-2.2375
73,15,-13.9513157895,-10.6808421053,2.89052631579
74,15,-15.4871052632,-7.37136842105,-1.79578947368
75,12,-21.3756666667,-7.18445833333,0.00708333333333
76,12,-22.4467916667,-13.3120416667,-4.23416666667
77,16,-21.0666315789,-11.0366842105,-7.64052631579
78,13,-25.7606363636,-8.64154545455,-4.91818181818
79,6,-27.3495714286,-9.97142857143,-9.42142857143
80,3,-24.6627142857,-13.0278571429,-9.97142857143
81,2,-24.1182727273,-12.3650909091,-14.71
82,8,-24.2269166667,-17.0636666667,-13.5866666667
83,12,-25.5607083333,-15.1974166667,-19.1866666667
84,3,-25.0809285714,-21.7278571429,-18.4221428571
85,15,-20.7578947368,-19.5285789474,-18.6652631579
86,2,-21.7591818182,-24.2882727273,-20.2745454545
87,13,-21.5526086957,-27.7698695652,-25.1886956522
1,14,-1.95810526316,-4.22026315789,3.41894736842
2,17,1.474875,-2.8851875,5.721875
3,13,3.86977272727,-6.65863636364,3.14409090909
4,8,0.203166666667,-2.86658333333,-0.944166666667
5,9,4.0532,-2.40206666667,-3.91066666667
6,13,6.71504545455,-7.36354545455,-2.78045454545
7,2,0.543363636364,-7.91936363636,-2.95
8,13,1.96463636364,-6.74127272727,-7.545
9,3,1.76214285714,-13.4051428571,-7.60714285714
10,16,-2.90847368421,-12.5587368421,-5.28368421053
11,18,-6.15945,-18.2895,-6.5605
12,9,-8.09333333333,-13.672,-7.38
13,17,-11.47675,-17.5776875,-5.60125
14,9,-16.4168666667,-16.2714666667,-6.386
15,6,-17.6991428571,-16.5867142857,-2.28142857143
16,5,-20.7688,-16.8988,0.16
17,17,-20.7164375,-13.4950625,3.773125
18,3,-22.2198571429,-17.5175714286,6.56642857143
19,5,-21.262,-14.9385,9.624
20,16,-20.2103157895,-10.3394736842,10.8378947368
21,16,-16.4526842105,-12.2439473684,15.2631578947
22,4,-17.5057857143,-8.14092857143,16.4021428571
23,5,-12.9188,-9.1107,15.457
24,5,-12.6143,-7.2183,11.752
25,9,-13.1748666667,-12.2495333333,12.0293333333
26,18,-15.87255,-10.7635,7.763
27,12,-15.6711666667,-17.2244166667,10.2929166667
28,17,-16.5798125,-16.592375,3.425
29,13,-20.0733636364,-20.4350454545,2.72136363636
30,16,-14.8285789474,-22.2774736842,-1.79052631579
31,8,-19.2276666667,-23.50475,-3.35333333333
32,7,-15.1371428571,-27.1398571429,-3.26571428571
33,9,-17.098,-28.6678666667,1.06266666667
34,11,-12.6089444444,-25.8337222222,1.58222222222
35,9,-15.6034,-22.751,5.95733333333
36,15,-11.5682631579,-19.0207368421,3.88736842105
37,15,-9.99263157895,-17.4878421053,9.46736842105
38,1,-12.4738181818,-14.0010909091,6.45818181818
39,11,-8.95538888889,-9.57888888889,8.63388888889
40,17,-11.3580625,-6.4589375,6.2375
41,2,-6.54063636364,-6.53236363636,5.10090909091
42,6,-7.03142857143,-4.47628571429,1.51714285714
43,13,-9.22481818182,-3.64527272727,-3.96
44,17,-11.9670625,-3.6105,1.571875
45,12,-7.80575,2.13029166667,3.50541666667
46,12,-6.86183333333,0.3885,-2.37416666667
47,2,-13.1102727273,1.33390909091,-2.50363636364
48,13,-14.1515909091,4.39918181818,2.07136363636
49,15,-16.5386315789,-1.91210526316,-1.42842105263
50,12,-20.6680416667,-2.37070833333,4.58041666667
51,15,-18.2122105263,-6.31157894737,3.70315789474
52,15,-23.5495789474,-6.74231578947,2.62368421053
53,15,-24.3516842105,-11.4501052632,6.39263157895
54,6,-25.775,-12.8837142857,1.93857142857
55,8,-23.8056666667,-10.648,-0.855833333333
56,12,-21.1644583333,-15.071375,-4.19041666667
57,17,-17.5061875,-12.6020625,-0.76625
58,16,-13.5586315789,-11.0687894737,-5.17
59,17,-11.362375,-14.563875,-1.6225
60,9,-7.5116,-11.1566666667,-2.82466666667
61,14,-5.46888235294,-16.7560588235,-1.12411764706
62,2,-1.39418181818,-15.2889090909,-0.921818181818
63,15,-0.770315789474,-19.682,-3.75052631579
64,19,3.9070952381,-16.6974285714,-2.15238095238
65,8,2.95225,-18.54325,3.73916666667
66,12,3.11766666667,-14.5279583333,4.15833333333
67,7,-2.32835714286,-14.0982857143,2.72
68,5,-2.3093,-19.3939,2.72
69,13,-4.30122727273,-19.3218636364,7.91636363636
70,13,-4.73677272727,-14.7760454545,6.23318181818
71,6,-7.57442857143,-13.7482857143,2.59857142857
72,12,-5.92733333333,-8.87354166667,0.312916666667
73,15,-12.8298421053,-11.7154210526,2.01052631579
74,15,-13.7798421053,-6.53115789474,-1.35736842105
75,12,-19.8902916667,-7.05091666667,-3.19625
76,12,-18.888125,-11.3735416667,-7.5625
77,16,-22.9687368421,-9.16936842105,-8.77157894737
78,13,-25.7317727273,-11.1458181818,-5.26227272727
79,6,-24.9031428571,-14.8471428571,-9.30428571429
80,3,-26.343,-14.9795714286,-13.5078571429
81,2,-29.5969090909,-16.9132727273,-14.0809090909
82,8,-32.35275,-19.8869166667,-12.0441666667
83,12,-26.6213333333,-21.08475,-10.72625
84,3,-29.8430714286,-26.3942857143,-12.7685714286
85,15,-33.0457368421,-23.7176842105,-9.31421052632
86,2,-35.871,-26.0762727273,-13.4890909091
87,13,-38.0855652174,-29.1082608696,-8.86130434783
1,14,-1.95221052632,1.08131578947,-3.94526315789
2,17,2.393625,-0.4033125,-2.57625
3,13,0.702090909091,-4.84709090909,-4.31545454545
4,8,0.454083333333,-1.26175,-8.8475
5,9,2.73333333333,-2.85066666667,-12.0246666667
6,13,5.24231818182,-4.763,-8.80954545455
7,2,-0.571,-6.72163636364,-7.91272727273
8,13,2.25259090909,-11.2170909091,-8.36772727273
9,3,-2.87957142857,-13.8472142857,-9.54428571429
10,16,-5.31373684211,-12.2482631579,-5.42631578947
11,18,-8.7877,-18.64955,-6.527
12,9,-11.4893333333,-14.4052666667,-7.02333333333
13,17,-13.66575,-18.8206875,-3.629375
14,9,-18.2614,-18.0352,-4.244
15,6,-18.6855714286,-18.3545714286,0.411428571429
16,5,-20.7451,-18.7268,3.743
17,17,-20.39325,-14.862625,6.82375
18,3,-19.597,-18.5842142857,10.3757142857
19,5,-18.7079,-15.3718,12.591
20,16,-17.9732105263,-10.6277368421,13.0615789474
21,16,-13.1524736842,-12.2821578947,15.67
22,4,-14.1715,-7.92457142857,18.16
23,5,-10.4087,-7.6103,15.747
24,5,-11.9167,-6.7715,11.953
25,9,-10.5147333333,-11.5962,12.184
26,18,-14.587,-10.9678,9.1315
27,12,-13.336125,-18.0235,12.19875
28,17,-15.9129375,-17.2181875,5.665
29,13,-19.1734090909,-21.75,6.39863636364
30,16,-15.3352105263,-23.4121578947,0.333157894737
31,8,-20.05175,-24.3798333333,-0.464166666667
32,7,-16.7369285714,-27.6672857143,-0.541428571429
33,9,-18.5739333333,-28.9418666667,4.298
34,11,-12.481,-26.311,4.76555555556
35,9,-14.8261333333,-23.111,8.16133333333
36,15,-11.5232631579,-20.0971578947,4.59
37,15,-9.42463157895,-17.8464736842,9.25789473684
38,1,-11.1002727273,-14.245,6.36363636364
39,11,-8.35688888889,-10.0893333333,7.14888888889
40,17,-11.4104375,-6.14025,6.500625
41,2,-7.95027272727,-5.84354545455,2.96
42,6,-7.28328571429,-2.50814285714,1.76
43,13,-10.767,-2.45368181818,-3.02636363636
44,17,-12.6364375,-4.232,1.58125
45,12,-10.3835833333,0.874541666667,6.0325
46,12,-9.203625,3.07679166667,0.410833333333
47,2,-14.7673636364,0.935090909091,-0.128181818182
48,13,-16.8256363636,3.46881818182,4.18
49,15,-17.9936315789,-3.12042105263,1.37473684211
50,12,-23.7198333333,-3.31420833333,6.7875
51,15,-18.7255263158,-7.94089473684,5.81263157895
52,15,-24.2126315789,-8.76447368421,6.22631578947
53,15,-23.4690526316,-12.7602105263,10.6321052632
54,6,-25.9825714286,-14.8564285714,6.98857142857
55,8,-24.9708333333,-13.2465,3.40166666667
56,12,-23.4309583333,-17.6812916667,-0.117083333333
57,17,-19.0800625,-14.0425625,1.76125
58,16,-16.3428947368,-12.897,-3.60473684211
59,17,-12.8285,-15.1261875,-0.15625
60,9,-9.65093333333,-11.7846666667,-3.266
61,14,-7.81652941176,-16.6664117647,-1.40823529412
62,2,-3.19209090909,-15.3535454545,-2.89272727273
63,15,-3.272,-20.1243157895,-4.41263157895
64,19,1.39238095238,-17.5308571429,-4.15095238095
65,8,1.79625,-17.8511666667,2.1775
66,12,2.1495,-13.5798333333,1.76791666667
67,7,-3.27328571429,-14.0888571429,0.703571428571
68,5,-2.9886,-19.0424,2.347
69,13,-2.41063636364,-19.5537272727,6.12227272727
70,13,-5.86959090909,-14.9895909091,8.13590909091
71,6,-8.30728571429,-13.7575714286,3.23714285714
72,12,-8.21091666667,-9.27358333333,-0.3025
73,15,-14.5405789474,-11.0444210526,3.81631578947
74,15,-16.0842105263,-7.53121052632,-0.583684210526
75,12,-22.402625,-8.39266666667,0.525833333333
76,12,-24.791875,-11.944125,-1.79583333333
77,16,-21.4926842105,-8.89678947368,-6.54526315789
78,13,-25.7315,-9.63490909091,-8.39727272727
79,6,-22.5627142857,-14.3685714286,-9.67428571429
80,3,-22.1733571429,-12.9419285714,-13.8121428571
81,2,-19.2456363636,-16.4815454545,-13.3527272727
82,8,-16.8181666667,-18.8913333333,-16.4
83,12,-20.372125,-20.1329166667,-11.8408333333
84,3,-22.9250714286,-22.7057142857,-15.7435714286
85,15,-21.6632631579,-17.9228947368,-18.2347368421
86,2,-21.7187272727,-21.7916363636,-21.4609090909
87,13,-25.3919130435,-25.7123913043,-19.4726086957
1,14,-2.00894736842,-5.78478947368,2.23736842105
2,17,2.6444375,-5.0644375,4.10875
3,13,4.07004545455,-9.05354545455,2.82909090909
4,8,0.393083333333,-6.44675,-2.05416666667
5,9,3.83233333333,-5.96086666667,-4.88666666667
6,13,6.40686363636,-11.1655454545,-3.55181818182
7,2,-0.270454545455,-10.7574545455,-3.42818181818
8,13,1.01645454545,-8.14968181818,-8.32090909091
9,3,0.0762857142857,-14.8169285714,-8.54
10,16,-4.55073684211,-13.0621052632,-6.25789473684
11,18,-8.50995,-18.0683,-7.622
12,9,-9.7452,-13.1406,-7.86066666667
13,17,-13.1866875,-17.3874375,-5.425
14,9,-17.6318,-16.1575333333,-6.31533333333
15,6,-17.9255714286,-16.5548571429,-1.59142857143
16,5,-20.9942,-17.6074,0.766
17,17,-21.107,-13.90025,4.131875
18,3,-21.6817142857,-17.9032142857,7.11071428571
19,5,-20.1137,-15.7968,9.946
20,16,-19.0781578947,-11.4477894737,11.6215789474
21,16,-14.7112631579,-14.4745789474,13.9115789474
22,4,-15.0027142857,-11.2304285714,17.6971428571
23,5,-11.1728,-10.6103,15.394
24,5,-12.653,-7.8687,12.602
25,9,-11.0921333333,-11.8616666667,10.8953333333
26,18,-15.87225,-10.5757,7.8295
27,12,-14.6402916667,-18.29425,9.4575
28,17,-16.5436875,-16.365,3.319375
29,13,-20.2160454545,-21.1499545455,2.61136363636
30,16,-16.8216842105,-22.7921052632,-2.17
31,8,-21.5839166667,-23.55475,-1.52833333333
32,7,-18.0339285714,-27.5153571429,-3.06357142857
33,9,-18.7788,-28.4854666667,1.98133333333
34,11,-14.0578333333,-26.4032777778,0.603333333333
35,9,-14.9996,-23.3596666667,5.80066666667
36,15,-12.3167894737,-19.2981052632,2.56947368421
37,15,-10.4921052632,-17.442,7.59052631579
38,1,-11.9067272727,-13.4424545455,5.1
39,11,-8.94127777778,-8.94155555556,7.79611111111
40,17,-11.7266875,-5.982,6.2025
41,2,-7.04209090909,-5.43127272727,4.05272727273
42,6,-8.67271428571,-3.50157142857,0.8
43,13,-12.0676363636,-2.04245454545,-4.06
44,17,-13.4485625,-3.6611875,1.734375
45,12,-9.465125,1.23875,4.26833333333
46,12,-8.97633333333,3.76108333333,-0.63125
47,2,-14.8859090909,2.00490909091,-1.28181818182
48,13,-15.5445454545,4.48909090909,3.49272727273
49,15,-17.9850526316,-1.61463157895,0.305263157895
50,12,-22.0997083333,-3.29045833333,6.15416666667
51,15,-19.1810526316,-6.90589473684,4.45
52,15,-24.5942631579,-7.53926315789,3.71578947368
53,15,-24.5178947368,-12.0859473684,7.65
54,6,-26.3838571429,-13.7115714286,3.45571428571
55,8,-24.7318333333,-11.97825,0.3125
56,12,-21.9133333333,-15.954375,-3.5275
57,17,-18.4303125,-12.2365625,-0.65375
58,16,-14.891,-11.2176315789,-5.46894736842
59,17,-12.304375,-14.0796875,-1.57125
60,9,-9.15713333333,-10.5736,-3.53466666667
61,14,-7.58570588235,-16.1894705882,-1.99705882353
62,2,-2.54390909091,-15.3520909091,-2.42818181818
63,15,-2.70526315789,-20.3398947368,-3.24894736842
64,19,2.0320952381,-17.3481904762,-2.92047619048
65,8,1.79341666667,-17.6815,3.35583333333
66,12,0.948125,-13.6257916667,2.23583333333
67,7,-3.37707142857,-14.0116428571,1.48428571429
68,5,-3.1211,-19.0924,2.578
69,13,-5.74486363636,-17.2544545455,7.60909090909
70,13,-5.73654545455,-13.4428181818,5.78818181818
71,6,-8.57614285714,-13.1381428571,2.19428571429
72,12,-7.41591666667,-8.581625,-1.23083333333
73,15,-14.4291052632,-9.90031578947,2.58578947368
74,15,-15.3789473684,-6.02984210526,-1.26210526316
75,12,-21.7364166667,-7.02333333333,-1.69208333333
76,12,-23.2277083333,-9.56575,-5.15583333333
77,16,-20.1462631579,-6.79831578947,-9.45421052632
78,13,-26.3623181818,-6.67995454545,-10.3663636364
79,6,-23.2438571429,-10.6595714286,-12.0828571429
80,3,-22.4497857143,-13.1247142857,-9.38857142857
81,2,-23.3281818182,-16.6851818182,-9.02181818182
82,8,-19.6495,-20.0750833333,-10.1158333333
83,12,-22.975375,-21.2373333333,-11.83375
84,3,-24.4531428571,-24.8504285714,-6.21928571429
85,15,-20.2378947368,-25.6806842105,-8.24684210526
86,2,-22.1873636364,-28.4147272727,-4.19454545455
87,13,-26.5524347826,-30.459826087,-4.6047826087
1,14,4.96610526316,0.323947368421,-6.07894736842
2,17,8.62225,-2.5493125,-2.794375
3,13,7.59109090909,-6.70722727273,-4.24909090909
4,8,5.67441666667,-3.67075,-9.75416666667
5,9,8.5094,-6.48013333333,-10.9433333333
6,13,5.54822727273,-11.1872272727,-9.72863636364
7,2,2.40036363636,-6.97245454545,-8.28272727273
8,13,-0.141636363636,-7.62827272727,-4.95863636364
9,3,1.63964285714,-14.1201428571,-6.03214285714
10,16,-3.47805263158,-12.8341052632,-5.19105263158
11,18,-6.19895,-18.7859,-5.341
12,9,-8.80346666667,-14.6936,-6.72066666667
13,17,-11.2128125,-18.908,-3.2725
14,9,-15.8262,-17.8367333333,-4.36
15,6,-16.9207142857,-18.7408571429,-0.0457142857143
16,5,-19.5177,-19.3527,2.881
17,17,-19.949875,-15.2493125,5.665625
18,3,-20.0256428571,-19.0493571429,9.12
19,5,-19.189,-16.3249,11.595
20,16,-19.3666842105,-11.5664210526,12.8494736842
21,16,-14.0618421053,-13.2466842105,14.5742105263
22,4,-15.5021428571,-9.94621428571,18.3621428571
23,5,-11.7927,-8.7676,15.913
24,5,-13.2522,-6.2785,12.974
25,9,-11.7824,-10.476,11.9346666667
26,18,-16.24585,-10.7901,8.6525
27,12,-13.6089583333,-18.7340833333,10.5966666667
28,17,-15.1486875,-17.3665,5.19125
29,13,-18.1245454545,-22.4393636364,6.04727272727
30,16,-15.5114210526,-23.859,0.184210526316
31,8,-19.3601666667,-26.18575,0.8175
32,7,-14.5492857143,-28.7492857143,0.404285714286
33,9,-16.2348666667,-29.1867333333,5.37933333333
34,11,-11.3383888889,-27.4363888889,4.18111111111
35,9,-12.5317333333,-23.7060666667,8.17133333333
36,15,-10.1195789474,-19.5621578947,5.40157894737
37,15,-9.69989473684,-16.4118421053,10.1978947368
38,1,-11.4033636364,-13.546,6.53454545455
39,11,-8.79488888889,-9.2415,6.98944444444
40,17,-12.225375,-5.5280625,6.230625
41,2,-8.84272727273,-4.97563636364,3.10909090909
42,6,-8.49528571429,-1.61557142857,1.24714285714
43,13,-11.4072727273,-2.53418181818,-3.93
44,17,-13.2235,-4.5256875,0.9325
45,12,-13.223625,1.038875,5.545
46,12,-11.2415,2.60204166667,1.14083333333
47,2,-16.5523636364,-0.544363636364,-1.31727272727
48,13,-19.7262272727,3.02981818182,1.70227272727
49,15,-19.4094736842,-3.99884210526,0.0347368421053
50,12,-26.1609583333,-5.5795,3.20166666667
51,15,-19.8293157895,-8.15184210526,4.44315789474
52,15,-25.1140526316,-10.2038947368,4.09052631579
53,15,-23.8072105263,-13.8055789474,8.75789473684
54,6,-24.8792857143,-16.8364285714,4.99714285714
55,8,-24.4328333333,-14.6058333333,1.49833333333
56,12,-22.1625,-18.8395416667,-0.60375
57,17,-18.43275,-14.31825,0.754375
58,16,-14.5341052632,-13.2198947368,-3.81052631579
59,17,-11.561375,-15.1275,0.135
60,9,-8.72973333333,-11.298,-2.68133333333
61,14,-6.28247058824,-15.6073529412,-0.114117647059
62,2,-1.66645454545,-13.9049090909,-0.762727272727
63,15,-1.26521052632,-19.0122631579,-1.24842105263
64,19,3.16776190476,-15.0358095238,-0.288571428571
65,8,2.21208333333,-16.5919166667,5.8025
66,12,1.262125,-11.9391666667,5.455
67,7,-2.85221428571,-12.9537857143,3.325
68,5,-2.4394,-18.0251,4.144
69,13,-2.21945454545,-17.4925454545,8.89045454545
70,13,-6.42518181818,-13.8884090909,9.35727272727
71,6,-7.953,-12.7108571429,3.95857142857
72,12,-8.04516666667,-8.32058333333,0.129166666667
73,15,-14.5446842105,-11.061,3.17315789474
74,15,-16.0699473684,-8.01010526316,-1.14263157895
75,12,-22.141125,-10.156375,-1.26125
76,12,-20.8415833333,-14.2643333333,-6.21375
77,16,-19.9469473684,-9.871,-8.06263157895
78,13,-24.2138181818,-7.01477272727,-7.55318181818
79,6,-26.2677142857,-12.1561428571,-8.76285714286
80,3,-24.5821428571,-14.7581428571,-11.2285714286
81,2,-26.3281818182,-16.7719090909,-6.85272727273
82,8,-27.30825,-20.50725,-9.39
83,12,-24.5295416667,-21.4055416667,-14.59125
84,3,-26.2942142857,-18.1782142857,-15.2035714286
85,15,-29.5743684211,-16.8108421053,-12.4231578947
86,2,-27.6115454545,-13.2181818182,-16.0309090909
87,13,-32.0412173913,-15.290826087,-19.6882608696
1,14,-2.01605263158,-3.85915789474,7.26421052632
2,17,-1.2001875,-3.0670625,1.023125
3,13,1.42959090909,-7.25836363636,2.55727272727
4,8,-1.751,-8.15225,-2.40833333333
5,9,1.27413333333,-5.1514,-4.90266666667
6,13,5.99518181818,-7.16222727273,-4.14363636364
7,2,1.07345454545,-11.7172727273,-3.95272727273
8,13,-0.591909090909,-8.64181818182,-8.25318181818
9,3,0.796642857143,-15.2222142857,-8.38428571429
10,16,-4.04836842105,-14.5392105263,-6.02263157895
11,18,-7.75335,-19.72945,-7.0205
12,9,-10.1558666667,-15.5126,-7.36533333333
13,17,-12.033875,-19.4808125,-3.50375
14,9,-16.6698666667,-19.1744,-5.336
15,6,-17.531,-18.4084285714,-0.487142857143
16,5,-20.4961,-18.1156,2.074
17,17,-20.0139375,-15.018375,5.773125
18,3,-19.0928571429,-18.8642857143,8.69071428571
19,5,-18.5336,-16.2062,11.25
20,16,-18.8597368421,-11.4722631579,12.0278947368
21,16,-14.0067894737,-11.2008421053,15.7473684211
22,4,-16.6308571429,-7.67378571429,16.4485714286
23,5,-11.9284,-7.3169,15.367
24,5,-12.1913,-5.9508,11.478
25,9,-12.0742666667,-11.1308666667,11.8693333333
26,18,-15.27315,-9.8676,8.0955
27,12,-13.5185833333,-16.3957083333,11.4329166667
28,17,-15.3189375,-16.705625,4.39375
29,13,-18.7752727273,-21.0618181818,4.96363636364
30,16,-14.2777894737,-23.7839473684,0.429473684211
31,8,-18.605,-26.1014166667,0.2575
32,7,-14.0075,-28.6969285714,0.875
33,9,-14.9264,-28.9238,5.85266666667
34,11,-10.6212777778,-24.7100555556,4.54111111111
35,9,-13.6465333333,-22.3226666667,8.108
36,15,-10.1414736842,-18.9105789474,4.64684210526
37,15,-8.99763157895,-15.8022631579,9.73947368421
38,1,-11.1554545455,-13.1760909091,5.79545454545
39,11,-8.52788888889,-8.98144444444,6.14666666667
40,17,-11.9023125,-5.082375,5.2825
41,2,-7.73772727273,-5.52127272727,2.35727272727
42,6,-9.35371428571,-3.679,-0.802857142857
43,13,-13.2813181818,-2.81868181818,-5.24090909091
44,17,-14.0258125,-3.367625,0.72375
45,12,-9.99154166667,1.69604166667,2.55458333333
46,12,-9.72733333333,1.63666666667,-2.73208333333
47,2,-15.7831818182,1.46318181818,-2.40363636364
48,13,-16.5234090909,4.22027272727,2.02272727273
49,15,-18.7970526316,-2.27494736842,-0.08
50,12,-23.822375,-3.04804166667,5.66583333333
51,15,-18.9411578947,-7.08268421053,4.86368421053
52,15,-24.2222631579,-8.44952631579,4.16263157895
53,15,-23.3506842105,-12.3401578947,8.39578947368
54,6,-25.3967142857,-14.6737142857,4.74
55,8,-23.77375,-12.9334166667,1.375
56,12,-23.9583333333,-18.334,-1.4425
57,17,-18.6149375,-13.522375,-0.246875
58,16,-14.9282105263,-13.82,-4.84578947368
59,17,-12.061125,-15.72025,-0.636875
60,9,-8.693,-12.4148666667,-3.61
61,14,-6.84052941176,-17.0166470588,-0.982352941176
62,2,-2.25945454545,-16.8804545455,-2.54727272727
63,15,-2.55231578947,-21.7518947368,-2.92684210526
64,19,2.19895238095,-18.8288095238,-2.99095238095
65,8,2.66891666667,-18.2005,2.77166666667
66,12,2.92320833333,-14.1947083333,1.96041666667
67,7,-1.67257142857,-14.1464285714,0.190714285714
68,5,-2.5622,-18.3961,2.35
69,13,-2.514,-17.1893636364,7.37681818182
70,13,-4.31290909091,-12.6959090909,3.94136363636
71,6,-8.18571428571,-12.9138571429,2.92142857143
72,12,-8.21829166667,-8.77058333333,-1.10583333333
73,15,-14.5317368421,-10.2250526316,2.76052631579
74,15,-15.8916842105,-6.72189473684,-1.21684210526
75,12,-22.0494166667,-8.49325,-1.45041666667
76,12,-23.183125,-12.1238333333,-5.18375
77,16,-19.576,-10.4199473684,-8.14578947368
78,13,-23.3325909091,-6.1815,-7.19090909091
79,6,-23.6564285714,-10.0044285714,-11.5814285714
80,3,-24.0197142857,-14.1155,-12.13
81,2,-21.97,-14.0640909091,-16.22
82,8,-19.9465833333,-18.4990833333,-15.045
83,12,-19.5827083333,-21.4870416667,-17.6766666667
84,3,-25.5081428571,-20.8425714286,-18.8807142857
85,15,-25.4067894737,-20.4497894737,-13.6521052632
86,2,-30.726,-20.1794545455,-13.7972727273
87,13,-30.4849130435,-24.1443913043,-9.55652173913
1,14,5.60605263158,-14.5887368421,-14.0752631579
2,17,3.967375,-10.9475625,-15.27125
3,13,2.66759090909,-6.95363636364,-12.8409090909
4,8,4.71941666667,-10.43175,-8.29833333333
5,9,4.7576,-5.8992,-7.14666666667
6,13,1.6285,-4.07509090909,-8.67772727273
7,2,-1.47663636364,-9.11881818182,-6.19454545455
8,13,-3.62563636364,-8.73331818182,-12.0954545455
9,3,-1.90592857143,-14.1639285714,-9.05571428571
10,16,-6.28031578947,-12.3684210526,-5.90315789474
11,18,-9.16895,-18.30085,-4.7605
12,9,-11.0934,-13.6470666667,-6.64
13,17,-14.068875,-17.6920625,-4.52125
14,9,-18.9263333333,-16.4328666667,-4.24466666667
15,6,-18.9315714286,-17.5761428571,0.107142857143
16,5,-20.9153,-18.6537,3.374
17,17,-20.998,-14.8913125,6.584375
18,3,-20.0623571429,-18.9167857143,9.68071428571
19,5,-19.5997,-16.1665,12.261
20,16,-19.628,-11.4014736842,13.5642105263
21,16,-14.9992105263,-13.3292631579,16.0747368421
22,4,-16.0136428571,-9.52778571429,19.23
23,5,-12.1385,-8.2302,16.769
24,5,-12.9779,-6.1928,13.359
25,9,-12.1330666667,-11.1772666667,13.136
26,18,-16.0335,-10.3222,9.748
27,12,-13.4750833333,-17.2800833333,11.7504166667
28,17,-16.182375,-16.2386875,5.425625
29,13,-18.9643181818,-21.4344545455,5.84318181818
30,16,-15.327,-22.3796315789,-0.231578947368
31,8,-20.0226666667,-24.0661666667,-0.403333333333
32,7,-15.834,-27.4078571429,-0.596428571429
33,9,-17.6225333333,-27.8866,4.012
34,11,-12.6027777778,-25.8017222222,3.30722222222
35,9,-14.5279333333,-22.3599333333,8.10466666667
36,15,-11.1663684211,-18.5718947368,5.16105263158
37,15,-9.12978947368,-15.7297894737,9.72
38,1,-12.4714545455,-12.1620909091,7.33909090909
39,11,-9.66122222222,-9.16855555556,9.47388888889
40,17,-11.685375,-4.6426875,7.31625
41,2,-8.68418181818,-4.89018181818,3.25545454545
42,6,-7.98585714286,-1.59942857143,1.82428571429
43,13,-11.8747272727,-1.60681818182,-2.71818181818
44,17,-13.4023125,-3.4363125,2.17
45,12,-11.558125,1.01695833333,7.12083333333
46,12,-10.3837916667,3.036625,1.08541666667
47,2,-15.8618181818,1.50563636364,0.68
48,13,-17.6514090909,3.68904545455,5.025
49,15,-18.8157368421,-2.82594736842,2.14315789474
50,12,-25.385875,-3.980875,5.97041666667
51,15,-19.5606315789,-7.852,6.08947368421
52,15,-25.4774210526,-9.09284210526,6.34631578947
53,15,-24.0616842105,-13.2528947368,10.3926315789
54,6,-26.0067142857,-15.4571428571,6.44571428571
55,8,-25.5483333333,-13.0725833333,3.16166666667
56,12,-24.42525,-17.1964166667,-0.225833333333
57,17,-19.9815,-13.1989375,1.455
58,16,-16.7185789474,-11.9576315789,-3.63315789474
59,17,-13.4030625,-14.6413125,-0.310625
60,9,-11.1092,-10.7561333333,-2.45933333333
61,14,-7.32982352941,-15.4764705882,-0.367647058824
62,2,-3.54618181818,-13.528,-1.08090909091
63,15,-2.72752631579,-17.9960526316,-3.55631578947
64,19,1.26457142857,-14.134952381,-2.46285714286
65,8,2.16016666667,-16.1765,3.39833333333
66,12,1.7735,-12.537625,4.91166666667
67,7,-3.32885714286,-12.6021428571,2.57357142857
68,5,-2.8161,-17.8221,2.573
69,13,-3.95940909091,-17.6264090909,7.28863636364
70,13,-6.17304545455,-12.3840454545,5.98409090909
71,6,-9.25042857143,-12.7074285714,3.69571428571
72,12,-10.1114166667,-8.227125,-0.0458333333333
73,15,-15.7471578947,-11.0218421053,2.88526315789
74,15,-17.3524736842,-6.79373684211,-0.880526315789
75,12,-23.4406666667,-8.39758333333,0.290833333333
76,12,-22.9202916667,-13.0543333333,-5.2425
77,16,-21.1047894737,-9.89084210526,-7.81263157895
78,13,-25.0913636364,-6.11936363636,-6.25363636364
79,6,-25.4232857143,-9.81042857143,-10.7685714286
80,3,-24.7636428571,-13.9442857143,-11.8028571429
81,2,-21.9167272727,-11.1728181818,-14.5372727273
82,8,-18.7298333333,-15.1856666667,-14.2333333333
83,12,-16.282625,-17.3830833333,-16.5966666667
84,3,-18.7054285714,-20.3247142857,-17.7592857143
85,15,-19.9351578947,-19.4261578947,-12.6863157895
86,2,-23.3814545455,-22.6877272727,-15.0045454545
87,13,-22.0323043478,-27.9633913043,-14.6334782609
1,14,-0.408789473684,-1.60173684211,1.61315789474
2,17,4.0818125,-4.8556875,1.635
3,13,0.991772727273,-7.17140909091,3.76227272727
4,8,-1.29733333333,-5.28833333333,-1.82666666667
5,9,2.6256,-4.79246666667,-4.50066666667
6,13,5.26568181818,-7.73118181818,-3.12772727273
7,2,-0.239818181818,-10.486,-2.84363636364
8,13,0.306863636364,-7.65027272727,-7.74636363636
9,3,0.258428571429,-14.1805714286,-8.31714285714
10,16,-3.78331578947,-14.1877368421,-5.06684210526
11,18,-6.6998,-19.98795,-5.6435
12,9,-8.61746666667,-15.4115333333,-7.12133333333
13,17,-11.719,-18.9775,-4.115
14,9,-16.1484666667,-17.2030666667,-6.20533333333
15,6,-17.6445714286,-18.0064285714,-1.66142857143
16,5,-20.4346,-18.2081,1.097
17,17,-20.54775,-15.0751875,4.80125
18,3,-20.5533571429,-19.3255714286,7.62571428571
19,5,-20.248,-16.4414,10.509
20,16,-20.0641052632,-11.7372631579,11.7494736842
21,16,-15.289,-13.6061578947,14.2194736842
22,4,-16.994,-10.1047857143,17.74
23,5,-12.9063,-8.8356,15.736
24,5,-14.1063,-6.5948,12.493
25,9,-12.5606666667,-11.3318666667,11.8866666667
26,18,-16.2106,-10.851,8.184
27,12,-13.755,-18.2515,9.58458333333
28,17,-15.86625,-16.7958125,4.168125
29,13,-19.0635,-21.2671818182,3.41545454545
30,16,-14.9163684211,-22.7298421053,-1.69473684211
31,8,-19.51175,-23.6140833333,-2.59333333333
32,7,-16.1800714286,-27.919,-1.81071428571
33,9,-18.3346666667,-26.8421333333,2.71133333333
34,11,-12.6877222222,-26.4187222222,2.36444444444
35,9,-14.7154666667,-22.4934,6.67666666667
36,15,-10.7648947368,-19.0741578947,4.28894736842
37,15,-9.55031578947,-16.1401578947,9.07578947368
38,1,-12.5043636364,-12.5636363636,6.32636363636
39,11,-9.68561111111,-9.13883333333,8.91444444444
40,17,-10.468125,-5.141,6.329375
41,2,-6.81072727273,-6.072,3.35090909091
42,6,-5.24814285714,-3.02428571429,1.58142857143
43,13,-8.19881818182,-3.66159090909,-3.49045454545
44,17,-10.70175,-4.2715,1.089375
45,12,-9.27154166667,1.104875,5.35833333333
46,12,-8.17691666667,2.16229166667,-1.04375
47,2,-12.8683636364,0.632909090909,-0.93
48,13,-15.1197727273,3.76009090909,2.66818181818
49,15,-15.8847368421,-3.176,0.645263157895
50,12,-22.7792916667,-3.49729166667,3.92958333333
51,15,-17.8938421053,-8.47021052632,3.76526315789
52,15,-23.4335789474,-8.48436842105,2.57842105263
53,15,-24.5502105263,-12.392,7.04684210526
54,6,-25.514,-14.7382857143,2.73571428571
55,8,-24.0740833333,-12.5451666667,-0.545833333333
56,12,-22.4386666667,-17.43325,-2.52875
57,17,-18.208875,-13.2298125,-0.82875
58,16,-14.1238947368,-12.5198947368,-5.28
59,17,-12.0645,-15.1709375,-0.934375
60,9,-8.2958,-12.4441333333,-3.49733333333
61,14,-6.79182352941,-17.2928823529,-0.574117647059
62,2,-1.97945454545,-16.0769090909,-0.719090909091
63,15,-2.73647368421,-21.4779473684,-1.03684210526
64,19,1.94023809524,-18.745952381,-1.56047619048
65,8,2.60075,-17.9980833333,4.70916666667
66,12,3.013875,-13.868875,4.0675
67,7,-2.6215,-13.7348571429,2.035
68,5,-3.0042,-18.237,4.054
69,13,-2.90081818182,-17.5784545455,8.16909090909
70,13,-5.86231818182,-12.7054545455,5.80681818182
71,6,-8.63757142857,-13.3602857143,2.96285714286
72,12,-6.785875,-9.27825,-1.14083333333
73,15,-13.6795789474,-11.2012105263,1.10842105263
74,15,-14.4759473684,-6.61557894737,-3.00368421053
75,12,-20.5557916667,-8.622625,-3.89791666667
76,12,-19.8623333333,-12.9802083333,-7.82916666667
77,16,-18.0392105263,-10.2169473684,-10.3947368421
78,13,-22.3624545455,-6.1385,-9.92954545455
79,6,-24.5318571429,-11.15,-11.4028571429
80,3,-23.6000714286,-13.2395,-15.3407142857
81,2,-26.4678181818,-15.7336363636,-14.8781818182
82,8,-29.4435833333,-16.0369166667,-11.2666666667
83,12,-26.31625,-20.8073333333,-13.0375
84,3,-31.8857142857,-21.9628571429,-10.3364285714
85,15,-29.7477368421,-19.2032631579,-7.11842105263
86,2,-33.4732727273,-22.8256363636,-5.85454545455
87,13,-29.6260434783,-26.9693913043,-5.27304347826
