3,17,-4.84571428571,-2.68028571429,6.75142857143
4,3,-7.937,-0.462,9.02571428571
5,2,-6.02883333333,2.669,7.34833333333
6,15,-4.96875,5.2945,4.3325
7,4,-1.11857142857,4.98314285714,4.27428571429
8,3,0.795857142857,7.66814285714,7.54857142857
9,6,0.419,10.6455,4.39
10,1,-2.043,9.09855555556,2.34555555556
11,7,-4.96475,13.028875,1.31375
12,5,-8.2506,11.3112,2.954
13,16,-9.239,13.651,0.02
14,2,-12.1573333333,14.9791666667,3.935
15,6,-14.66475,16.7135,1.4525
16,13,-11.6135555556,17.2544444444,-0.918888888889
17,15,-14.5625,12.432125,-2.155
18,14,-18.025,11.606875,-5.465
19,2,-21.5616666667,12.1181666667,-3.62333333333
20,6,-22.363,8.421,-4.5425
21,18,-18.3049090909,5.51327272727,-5.94
22,8,-21.803625,3.136125,-8.09875
23,5,-18.6666,0.5498,-7.792
24,7,-21.70325,-1.731375,-10.18625
25,12,-22.2092727273,3.39890909091,-12.7954545455
26,18,-15.0,2.98954545455,-11.6572727273
27,18,-14.5193636364,-0.817090909091,-10.14
28,3,-17.0035714286,-1.55142857143,-15.7457142857
29,6,-14.20475,-1.99,-18.1625
30,8,-11.5685,-0.69175,-20.54625
31,20,-11.8328571429,3.82357142857,-16.8657142857
32,19,-7.74066666667,3.80783333333,-22.1658333333
33,16,-3.7675,6.807625,-17.3475
34,3,-4.98242857143,10.1982857143,-20.2271428571
35,11,-4.1939,13.346,-18.702
36,2,-0.905833333333,12.974,-14.5
37,12,0.225181818182,15.6289090909,-9.42545454545
38,8,3.0225,13.71175,-10.8475
39,2,5.01183333333,12.4343333333,-15.0483333333
40,9,6.86277777778,8.23055555556,-15.3544444444
41,17,10.2068571429,9.884,-18.56
42,4,8.90928571429,7.32514285714,-21.0442857143
43,17,4.95885714286,9.06471428571,-21.6528571429
44,12,3.67690909091,4.43463636364,-19.8318181818
45,1,-0.872333333333,3.95883333333,-22.735
46,9,-1.10777777778,2.60422222222,-18.1577777778
47,13,-5.81444444444,-0.878555555556,-21.3322222222
48,19,-5.48375,0.684916666667,-15.6375
49,10,-8.19633333333,-4.64411111111,-18.6133333333
50,3,-12.2574285714,-4.04728571429,-15.2514285714
51,6,-13.463,-7.05775,-13.175
52,2,-15.456,-9.28816666667,-11.2966666667
53,7,-14.88575,-9.567625,-7.52125
54,16,-12.525875,-5.192875,-6.955
55,10,-9.99655555556,-8.35933333333,-9.71666666667
56,16,-7.0715,-4.587375,-11.95625
57,7,-5.508875,-6.673375,-15.5525
58,18,-1.72236363636,-2.37063636364,-15.0863636364
59,7,-0.179625,-1.799625,-19.7425
60,6,3.199,-1.796,-17.3475
61,13,6.67055555556,0.614555555556,-15.5333333333
62,7,8.741,-4.000375,-17.475
63,6,4.4395,-5.51125,-17.6025
64,8,1.16725,-7.5735,-17.82625
65,17,0.00314285714286,-5.56285714286,-13.5228571429
66,13,-2.28644444444,-9.41533333333,-12.7855555556
67,1,-4.68,-6.1325,-9.22666666667
68,2,-6.92283333333,-7.5475,-5.74
69,6,-9.47675,-5.5515,-4.2275
70,2,-10.1983333333,-4.02683333333,-0.915
71,3,-12.9577142857,-1.92785714286,0.972857142857
72,17,-10.411,0.937285714286,3.29857142857
73,2,-12.5515,0.2605,6.91166666667
74,6,-11.6905,3.89875,7.56
75,7,-10.57175,5.557875,4.8875
76,10,-16.0445555556,7.22444444444,2.83
77,6,-13.58225,5.401,-0.8975
78,18,-9.65281818182,5.55727272727,-0.0445454545455
79,19,-11.5800833333,0.881333333333,-3.05
80,2,-6.53316666667,-1.87883333333,-1.225
81,18,-6.22863636364,-2.38354545455,-5.51454545455
82,10,-1.94766666667,-6.70833333333,-3.39222222222
83,1,-0.360666666667,-5.80283333333,-7.1
84,3,1.22471428571,-9.14271428571,-9.11857142857
85,3,4.61714285714,-7.96685714286,-11.51
86,3,5.30914285714,-10.2201428571,-15.1571428571
87,2,8.8035,-9.396,-12.865
88,6,7.74,-10.88275,-9.4875
89,6,6.37275,-8.58675,-8.085
90,2,4.80283333333,-7.37116666667,-4.84166666667
91,18,2.42881818182,-3.29490909091,-6.02818181818
92,3,0.192285714286,-2.255,-1.83428571429
93,2,-2.044,0.7135,-4.03166666667
94,19,-3.609,2.09075,-0.4325
95,14,-8.010625,4.027875,-5.12125
96,5,-9.9332,7.303,-4.638
97,17,-13.092,7.94185714286,-7.10714285714
98,17,-12.4692857143,12.4004285714,-6.63142857143
99,9,-15.5691111111,13.7135555556,-9.42333333333
100,3,-17.0162857143,9.80157142857,-12.0628571429
101,8,-19.129,10.419,-16.00125
102,19,-19.6911666667,6.50125,-13.2183333333
103,5,-18.9746,7.0868,-19.404
104,7,-16.884875,9.727375,-20.4225
105,19,-15.29525,12.2078333333,-16.3016666667
106,5,-12.017,9.5714,-13.9
107,16,-10.250625,12.587125,-10.8175
108,16,-8.5965,8.582125,-9.49875
109,19,-5.11583333333,10.2620833333,-4.01916666667
110,12,-2.29127272727,6.05645454545,-7.69818181818
111,1,-1.37955555556,6.65688888889,-2.1
112,6,1.95775,4.847,-1.425
113,16,4.491375,3.55425,1.4225
114,19,4.63191666667,2.21608333333,-3.41416666667
115,6,8.90225,0.57975,0.96
116,2,9.04366666667,3.8995,1.96
117,3,8.75614285714,5.87228571429,5.26142857143
118,3,7.84314285714,8.615,2.10285714286
119,4,4.29142857143,8.92442857143,0.965714285714
120,13,5.24988888889,7.73666666667,-4.23
121,8,0.858125,11.173,-4.0675
122,7,-0.64325,11.1075,-8.48875
123,18,-4.46209090909,13.8063636364,-7.84363636364
124,16,-4.728125,9.6515,-11.72875
125,16,-7.66575,11.858375,-15.99
126,18,-8.17818181818,7.04863636364,-15.3154545455
127,7,-10.566,8.919375,-20.315
128,12,-14.3443636364,4.38854545455,-20.1027272727
129,10,-12.3728888889,7.52588888889,-25.5677777778
130,2,-7.32283333333,6.856,-26.065
131,2,-8.8215,10.2583333333,-27.2733333333
132,6,-8.993,11.65825,-24.0475
133,9,-8.18366666667,15.3943333333,-23.9011111111
134,15,-9.201125,17.87675,-19.75
135,4,-13.179,17.0331428571,-18.6442857143
136,5,-15.5842,20.5334,-18.7
137,6,-16.67325,19.1865,-15.5925
138,16,-13.3905,18.043875,-13.86625
139,2,-13.2162222222,23.1735555556,-14.5266666667
140,3,-14.396,23.9057142857,-10.6528571429
141,13,-12.8896666667,19.4748888889,-8.09
142,16,-9.181375,20.404,-11.66375
143,7,-9.506,25.6216923077,-10.0669230769
144,10,-11.6392222222,23.2671111111,-5.93777777778
145,16,-7.809875,19.8365,-6.20375
146,9,-4.01377777778,23.649,-6.39444444444
147,16,-5.0215,19.69575,-10.38625
148,3,-4.15914285714,23.971,-13.3842857143
149,2,-0.985166666667,21.4616666667,-14.9016666667
150,16,-3.13725,17.65825,-15.565
151,7,1.176125,16.083875,-17.015
152,13,-1.09366666667,14.3446666667,-22.6944444444
153,16,0.370625,10.65425,-20.2775
154,6,0.57,8.3095,-24.3425
155,1,-2.648,8.22416666667,-24.7683333333
156,2,-3.93766666667,8.89383333333,-28.7433333333
