3,6,-29.6791111111,-3.53544444444,-3.73555555556
4,8,-26.4610833333,-3.04016666667,-0.9725
5,8,-24.5698333333,-7.28025,-1.12166666667
6,19,-21.0301904762,-6.10757142857,0.305238095238
7,3,-22.9427857143,-5.79078571429,6.44571428571
8,5,-21.5331,-1.5931,7.667
9,6,-18.4245714286,-3.13371428571,9.86285714286
10,13,-20.5044545455,-8.57568181818,9.18863636364
11,9,-18.0236,-7.15266666667,4.886
12,19,-17.9714285714,-1.85142857143,4.1380952381
13,17,-14.9553125,-0.4095625,8.944375
14,9,-17.7176666667,4.29553333333,7.286
15,16,-12.8983157895,5.84542105263,8.06
16,2,-16.0756363636,8.75572727273,11.6227272727
17,2,-13.2372727273,11.2236363636,10.51
18,4,-14.0265,11.5405,6.17071428571
19,17,-8.758875,11.5463125,4.731875
20,4,-9.68307142857,14.915,1.97714285714
21,17,-8.4481875,12.4736875,-2.54375
22,2,-4.74636363636,15.2428181818,-3.52272727273
23,10,-5.38405882353,14.5121764706,-7.60647058824
24,4,-10.5875,15.737,-7.73
25,6,-12.1131428571,12.3327142857,-10.27
26,13,-9.50013636364,9.48713636364,-11.7081818182
27,15,-12.0351578947,6.20126315789,-7.16736842105
28,9,-7.71333333333,6.82606666667,-3.14866666667
29,17,-7.336125,1.9061875,-4.484375
30,17,-4.0075,3.3825,-0.47625
31,9,-2.5676,-1.93986666667,0.153333333333
32,16,-1.49647368421,0.852894736842,4.33842105263
33,18,2.98405,-2.6334,1.4055
34,20,5.494,-4.155375,8.22625
35,19,9.34223809524,-4.65876190476,4.30761904762
36,6,6.00728571429,-8.36457142857,8.14714285714
37,1,2.7156,-8.8387,6.432
38,4,2.43628571429,-13.1325,6.31571428571
39,11,-2.71505555556,-12.4492222222,5.14388888889
40,1,0.6804,-8.9593,2.188
41,19,4.16328571429,-13.406047619,-0.75
42,5,-0.689,-14.326,-0.34
43,18,-3.92705,-9.5326,-1.6945
44,9,1.43986666667,-9.56866666667,-4.562
45,4,-0.321357142857,-13.5942142857,-6.26285714286
46,3,-4.91557142857,-12.338,-5.90428571429
47,15,-3.71921052632,-6.88247368421,-5.62789473684
48,17,-0.75825,-8.0563125,-9.801875
49,4,-4.26364285714,-10.0313571429,-11.5614285714
50,20,-8.38058333333,-5.31079166667,-8.91291666667
51,2,-4.39854545455,-3.79827272727,-9.96363636364
52,9,-1.83253333333,-4.56613333333,-13.8413333333
53,13,-6.76718181818,-6.18145454545,-16.3890909091
54,16,-8.01073684211,-1.19205263158,-12.0184210526
55,4,-10.6192857143,1.331,-15.1335714286
56,5,-8.4778,5.4563,-16.711
57,8,-11.6040833333,6.02033333333,-13.3066666667
58,17,-9.385375,3.125,-10.334375
59,11,-3.86111111111,5.81716666667,-9.26722222222
60,18,-2.6342,0.43455,-6.175
61,17,-1.141625,4.6730625,-4.120625
62,12,3.2025,0.713083333333,-5.68791666667
63,16,1.33415789474,4.38747368421,0.54
64,4,4.86321428571,1.89242857143,3.11571428571
65,5,2.9318,0.3866,7.418
66,16,5.561,4.62557894737,6.92052631579
67,18,1.80935,3.25645,11.689
68,6,7.12557142857,4.53285714286,13.2842857143
69,6,9.49057142857,2.63814285714,15.1257142857
70,15,11.3447894737,-1.56336842105,13.1015789474
71,20,5.20929166667,-1.04,12.16375
72,7,9.40607142857,3.90635714286,9.94642857143
73,17,12.976,1.322625,9.578125
74,11,10.854,-2.89733333333,8.375
75,6,9.36814285714,0.908857142857,4.22142857143
76,10,12.6858235294,4.91117647059,3.98705882353
77,14,13.7701764706,-0.494235294118,0.419411764706
78,18,8.5463,-0.31415,-1.7575
79,16,8.419,5.57873684211,-0.208421052632
80,3,14.1275714286,5.02578571429,-1.82714285714
81,16,13.2863684211,1.24236842105,-5.06526315789
82,9,8.63186666667,4.22413333333,-6.046
83,2,11.8478181818,8.15754545455,-5.75090909091
84,14,15.7776470588,5.16435294118,-7.94117647059
85,6,12.4131428571,6.30471428571,-11.5657142857
86,17,13.0565625,2.39,-11.346875
87,9,9.14173333333,1.59446666667,-15.2686666667
88,11,7.22188888889,-2.324,-15.75
89,8,11.8725,-2.82116666667,-11.5933333333
90,17,10.934,-7.5031875,-11.393125
91,11,8.42766666667,-3.10455555556,-7.66944444444
92,7,6.88285714286,-9.4165,-6.89357142857
93,5,11.5378,-9.4704,-6.784
94,17,11.483125,-6.1510625,-3.4525
95,18,6.6932,-8.2531,-0.9385
96,9,10.1196666667,-12.9661333333,-3.58
97,5,13.8597,-11.0215,-0.806
98,15,10.8541052632,-8.71752631579,2.19368421053
99,11,7.4935,-11.8812222222,3.02944444444
100,13,9.80622727273,-16.6985454545,-0.874090909091
101,9,14.9750666667,-15.3565333333,1.05666666667
102,11,13.1367222222,-12.355,6.54722222222
103,13,18.7257272727,-12.3472727273,2.28863636364
104,13,18.1773636364,-8.23145454545,9.87545454545
105,16,16.0107894737,-6.67547368421,3.53631578947
106,5,16.4049,-3.6906,8.53
107,3,20.0418571429,-1.93042857143,7.63142857143
108,4,20.5903571429,1.18664285714,4.67928571429
109,9,24.3595333333,-1.52793333333,4.60266666667
110,9,21.5652666667,-5.43413333333,4.35533333333
111,14,17.7301764706,-2.30547058824,2.26588235294
112,5,21.9494,-1.5837,-1.302
113,8,23.794,-5.80941666667,-0.9375
114,18,18.28645,-7.6196,-2.899
115,16,18.0335789474,-3.13110526316,-4.31473684211
116,5,23.0754,-4.2153,-6.424
117,6,21.6137142857,-7.50528571429,-8.08428571429
118,13,16.6262272727,-5.23527272727,-8.98090909091
119,6,19.89,-3.21,-11.2
120,17,19.6079375,-0.71825,-7.90625
121,8,23.2849166667,2.7935,-8.45833333333
122,13,25.6947727273,0.406636363636,-3.24454545455
123,9,26.4286,5.9196,-5.21
124,13,22.6942727273,7.17931818182,-8.34590909091
125,18,19.3402,3.11525,-2.4095
126,16,23.1416315789,4.89894736842,-0.0563157894737
127,2,22.2428181818,9.85190909091,-2.81818181818
128,3,17.5597857143,9.35414285714,-2.86857142857
129,19,17.6806190476,5.58466666667,2.18
130,7,20.6605,9.42035714286,3.54428571429
131,2,17.907,12.7326363636,0.814545454545
132,18,13.61385,16.6483,3.427
133,5,13.4671,13.7665,-1.212
134,15,12.7948421053,9.51315789474,0.46
135,13,12.7327272727,13.2501363636,6.26727272727
136,6,8.80671428571,14.2622857143,2.54142857143
137,10,7.99711764706,10.8688235294,-0.252941176471
138,14,8.82770588235,8.59,5.26176470588
139,9,5.90593333333,13.6199333333,6.29266666667
140,13,1.70740909091,13.3277272727,2.27363636364
141,5,2.5824,8.3835,4.17
142,13,4.26840909091,9.65036363636,10.2504545455
143,13,0.705227272727,13.6400454545,7.24227272727
144,16,-2.174,10.3806315789,4.61631578947
145,5,-1.3293,5.9545,7.637
146,14,-2.47276470588,8.28970588235,12.1941176471
147,5,-5.651,9.3727,9.12
148,19,-6.08438095238,6.69495238095,5.23285714286
149,10,-8.88741176471,5.05988235294,11.3305882353
150,17,-4.1938125,1.7019375,8.77875
151,3,-5.24121428571,-0.343785714286,13.6128571429
152,6,-3.26514285714,-3.09085714286,10.5985714286
153,17,-0.403375,-4.80475,8.29625
154,4,-2.94035714286,-6.46357142857,4.84571428571
155,3,-5.28107142857,-1.88514285714,5.415
156,14,-7.23594117647,-2.49917647059,0.325294117647
157,17,-7.7528125,2.8219375,2.650625
158,17,-11.5563125,2.847875,-1.13125
159,7,-11.9357142857,7.76564285714,-1.80714285714
160,6,-10.0611428571,7.61957142857,2.56142857143
161,13,-15.1372272727,7.99236363636,2.19
162,19,-15.7384761905,3.37885714286,2.34761904762
163,12,-10.0285416667,-0.543041666667,7.3875
164,18,-11.2421,-3.01135,2.5415
165,8,-8.688,-6.297,5.44166666667
166,15,-7.15810526316,-10.5775263158,3.56842105263
167,6,-9.90342857143,-10.2847142857,7.46571428571
168,2,-12.3356363636,-7.349,7.44181818182
169,5,-13.4581,-9.0913,3.695
170,6,-13.1658571429,-12.7434285714,4.65142857143
171,6,-10.7547142857,-13.2267142857,2.47
172,4,-7.85764285714,-13.5767142857,-0.0721428571429
173,9,-11.6838,-13.8103333333,-3.66333333333
174,9,-14.1774666667,-11.9590666667,0.084
175,3,-10.1367857143,-8.10864285714,-0.045
176,16,-9.88789473684,-8.67347368421,-5.00210526316
177,13,-16.5166363636,-9.92577272727,-3.28727272727
178,16,-15.6558421053,-5.54168421053,-0.0542105263158
179,5,-12.2173,-3.302,-3.552
180,8,-14.6030833333,-3.71941666667,-7.28916666667
181,19,-19.502,-2.27695238095,-2.94714285714
182,16,-15.8616842105,0.145631578947,-1.30315789474
183,15,-13.7538421053,1.21857894737,-7.17315789474
184,9,-19.1996,1.66753333333,-8.582
185,13,-20.8025909091,3.35340909091,-2.33
186,9,-16.6956,6.62933333333,-3.732
187,12,-16.7815,7.4255,-10.0991666667
188,5,-21.8719,6.5988,-7.603
189,5,-20.7531,10.1643,-5.563
190,5,-19.1671,11.5986,-9.058
191,13,-21.1460454545,7.31481818182,-12.4177272727
192,13,-21.6036086957,11.1903913043,-16.442173913
3,6,-28.7126666667,-2.55633333333,-3.48222222222
4,8,-26.06475,-2.93041666667,-0.255833333333
5,8,-24.7549166667,-8.05025,0.0366666666667
6,19,-21.1672857143,-6.33176190476,0.565238095238
7,3,-23.3178571429,-4.40535714286,6.44214285714
8,5,-21.0643,-0.6359,7.508
9,6,-18.8894285714,-2.47628571429,10.4385714286
10,13,-21.0564090909,-7.49681818182,9.12
11,9,-18.551,-6.83086666667,5.59133333333
12,19,-17.9522857143,-1.82104761905,4.40095238095
13,17,-14.4790625,-0.1945,8.985
14,9,-17.4246,4.36753333333,7.18666666667
15,16,-12.1572631579,5.74836842105,7.75578947368
16,2,-14.7049090909,8.74990909091,11.5645454545
17,2,-11.7839090909,11.137,10.07
18,4,-13.3147857143,11.7497857143,5.87571428571
19,17,-8.1324375,11.1800625,3.966875
20,4,-9.14107142857,15.2383571429,2.01714285714
21,17,-8.20275,12.3545,-2.461875
22,2,-4.57481818182,15.4363636364,-3.81909090909
23,10,-6.03676470588,12.3874117647,-7.18058823529
24,4,-10.0718571429,15.5222857143,-7.82642857143
25,6,-12.535,12.2481428571,-9.84
26,13,-9.24009090909,9.05713636364,-12.4318181818
27,15,-12.2353157895,6.02584210526,-7.18421052632
28,9,-7.05193333333,7.3044,-4.704
29,17,-7.603875,2.1796875,-4.626875
30,17,-4.0805625,3.8658125,-0.81875
31,9,-2.01746666667,-1.42626666667,-1.06
32,16,-1.82352631579,0.469736842105,3.72210526316
33,18,3.2443,-2.6409,1.3405
34,20,4.87779166667,-4.88083333333,8.33583333333
35,19,9.48947619048,-7.82685714286,5.75
36,6,5.55628571429,-8.80171428571,8.92714285714
37,1,2.4822,-9.5213,6.768
38,4,1.95421428571,-13.7522142857,6.61571428571
39,11,-2.82533333333,-13.0149444444,5.44833333333
40,1,0.7414,-9.4387,2.396
41,19,3.62928571429,-14.4653333333,-0.220476190476
42,5,-0.9802,-14.9445,0.048
43,18,-4.0581,-10.18135,-1.6725
44,9,1.659,-11.0846666667,-4.83133333333
45,4,-0.841785714286,-14.2562142857,-6.24214285714
46,3,-5.16285714286,-12.3295714286,-5.66285714286
47,15,-3.60321052632,-7.09626315789,-4.88894736842
48,17,-0.4125625,-7.8899375,-8.803125
49,4,-3.55321428571,-10.0393571429,-10.9914285714
50,20,-8.34566666667,-5.91683333333,-8.68916666667
51,2,-4.27809090909,-3.82518181818,-9.86181818182
52,9,-2.39246666667,-4.86986666667,-13.806
53,13,-7.10813636364,-6.74418181818,-16.0840909091
54,16,-8.05673684211,-1.37994736842,-11.4110526316
55,4,-11.5335714286,0.518642857143,-13.9535714286
56,5,-9.7213,3.8882,-17.373
57,8,-11.71425,6.21391666667,-14.0766666667
58,17,-9.643125,3.2926875,-10.6875
59,11,-4.50338888889,6.36133333333,-9.31611111111
60,18,-3.7657,0.46775,-6.769
61,17,-1.1508125,4.625375,-4.703125
62,12,1.619125,-1.61466666667,-4.02333333333
63,16,1.42973684211,4.34521052632,0.0636842105263
64,4,4.887,2.0005,2.67642857143
65,5,2.4959,0.5659,6.872
66,16,5.75473684211,4.48536842105,6.76947368421
67,18,1.49995,2.87625,11.372
68,6,6.913,3.62414285714,12.9242857143
69,6,9.62042857143,1.85485714286,14.2471428571
70,15,10.7682105263,-2.56442105263,12.0673684211
71,20,4.84991666667,-1.34091666667,11.2533333333
72,7,9.43842857143,3.96928571429,8.99785714286
73,17,13.12,0.6284375,9.025
74,11,11.1887777778,-3.66172222222,7.14277777778
75,6,9.27985714286,0.634571428571,3.94
76,10,11.8227647059,4.67111764706,3.99058823529
77,14,13.3928235294,-0.518176470588,0.208823529412
78,18,8.1875,0.7583,-2.494
79,16,8.55926315789,5.50810526316,-0.0252631578947
80,3,14.3732857143,5.33392857143,-1.17285714286
81,16,13.8197894737,1.88089473684,-4.81947368421
82,9,9.57546666667,6.01693333333,-6.39533333333
83,2,12.7801818182,9.29254545455,-4.46454545455
84,14,16.7175882353,6.46788235294,-6.45529411765
85,6,13.8538571429,7.49471428571,-10.1957142857
86,17,14.972875,3.6009375,-10.2675
87,9,15.3642,2.93546666667,-15.698
88,11,13.6103333333,-2.22083333333,-15.8894444444
89,8,8.41358333333,-0.70975,-15.0725
90,17,11.090125,-3.952625,-12.01625
91,11,5.40244444444,-3.08566666667,-10.6283333333
92,7,6.26492857143,-7.70457142857,-8.91857142857
93,5,10.8494,-7.2568,-8.61
94,17,10.6993125,-4.0451875,-5.226875
95,18,5.80665,-7.3808,-2.6915
96,9,8.764,-10.7794,-5.85133333333
97,5,12.7968,-9.081,-3.198
98,15,10.2203684211,-6.95784210526,0.344736842105
99,11,6.863,-10.5568888889,1.50222222222
100,13,7.89227272727,-14.0908181818,-3.92227272727
101,9,13.9314,-13.4748,-2.23533333333
102,11,11.9876666667,-13.027,3.95722222222
103,13,18.1375,-11.6900909091,0.736818181818
104,13,17.6288181818,-9.28822727273,7.41636363636
105,16,15.8821578947,-6.39310526316,2.70947368421
106,5,17.0162,-4.4179,8.054
107,3,20.5635,-2.20742857143,7.79142857143
108,4,20.033,1.32014285714,5.15714285714
109,9,24.2818666667,-0.2602,4.26666666667
110,9,21.0120666667,-5.30706666667,4.19
111,14,17.6590588235,-2.26911764706,2.33352941176
112,5,21.7473,-1.0049,-1.101
113,8,23.97,-5.10391666667,-0.793333333333
114,18,19.32475,-7.82865,-3.5245
115,16,18.2409473684,-2.78915789474,-4.21684210526
116,5,23.5082,-3.0365,-6.146
117,6,22.4981428571,-5.79928571429,-8.70571428571
118,13,17.8511818182,-6.7015,-8.965
119,6,20.3862857143,-1.79971428571,-11.4257142857
120,17,19.41175,0.0728125,-7.7425
121,8,23.2610833333,3.50516666667,-7.68083333333
122,13,26.1380454545,1.07486363636,-2.24772727273
123,9,26.5666,5.921,-4.534
124,13,21.8565454545,7.852,-7.65454545455
125,18,19.1989,3.21085,-1.587
126,16,23.3758947368,4.75347368421,0.848421052632
127,2,22.3729090909,9.59654545455,-1.35272727273
128,3,17.6468571429,9.35378571429,-1.89928571429
129,19,17.3118095238,5.51947619048,3.2080952381
130,7,20.4807857143,9.85292857143,4.02571428571
131,2,17.6039090909,12.9963636364,0.937272727273
132,18,14.15995,17.4805,3.533
133,5,13.7927,14.481,-1.133
134,15,12.8617894737,10.0085789474,1.17473684211
135,13,11.5650909091,14.2333636364,6.20681818182
136,6,8.71214285714,14.7342857143,1.75428571429
137,10,8.25941176471,11.3204117647,-0.735294117647
138,14,9.11470588235,9.53247058824,5.14764705882
139,9,5.848,13.9983333333,5.52133333333
140,13,1.55313636364,13.0312272727,1.35772727273
141,5,3.0572,8.3164,3.582
142,13,4.247,9.49663636364,9.785
143,13,-0.0600454545455,13.6398181818,6.67045454545
144,16,-1.89789473684,9.51489473684,3.64368421053
145,5,-1.0674,5.6787,7.3
146,14,-1.05458823529,8.57882352941,11.0829411765
147,5,-5.4681,9.2682,8.473
148,19,-5.61138095238,5.95080952381,5.25238095238
149,10,-8.67076470588,5.305,11.4517647059
150,17,-4.462875,1.1489375,8.98875
151,3,-4.801,-0.998428571429,13.805
152,6,-3.42314285714,-3.669,10.5442857143
153,17,-0.7515625,-5.2625625,8.03125
154,4,-2.96385714286,-7.03185714286,4.54785714286
155,3,-5.31707142857,-2.42664285714,5.08214285714
156,14,-7.15164705882,-2.40270588235,0.0582352941176
157,17,-7.7354375,2.83625,2.541875
158,17,-11.4465,3.0011875,-1.191875
159,7,-11.4372857143,7.53121428571,-1.93071428571
160,6,-9.75542857143,7.54342857143,2.57428571429
161,13,-13.8159090909,8.57004545455,1.79318181818
162,19,-15.7475238095,3.36123809524,2.80238095238
163,12,-9.924,-0.261458333333,7.45666666667
164,18,-11.1724,-2.9611,2.3705
165,8,-8.726,-6.43725,5.275
166,15,-7.33873684211,-10.679,3.29736842105
167,6,-9.94228571429,-10.4755714286,7.24285714286
168,2,-12.5173636364,-7.282,7.21818181818
169,5,-13.6545,-9.1994,3.708
170,6,-13.0287142857,-12.841,4.66714285714
171,6,-11.1924285714,-13.3834285714,1.94571428571
172,4,-8.24407142857,-13.7660714286,-0.562142857143
173,9,-11.9212,-13.4798666667,-4.25066666667
174,9,-14.2198,-12.0159333333,-0.263333333333
175,3,-10.3020714286,-8.03014285714,-0.257142857143
176,16,-10.1382105263,-8.60773684211,-5.19526315789
177,13,-16.3179545455,-9.94381818182,-4.29727272727
178,16,-15.8578947368,-5.68373684211,-0.124210526316
179,5,-12.5321,-3.254,-3.605
180,8,-15.2595833333,-3.71,-7.245
181,19,-19.5696666667,-2.26157142857,-2.71142857143
182,16,-15.9568421053,0.0380526315789,-1.11473684211
183,15,-13.8977894737,1.374,-6.79157894737
184,9,-19.5491333333,1.3544,-8.012
185,13,-21.7819090909,2.48913636364,-2.81318181818
186,9,-16.7526,5.98986666667,-3.008
187,12,-16.8437083333,7.35404166667,-9.87125
188,5,-22.17,7.5073,-6.498
189,5,-20.3299,11.2277,-5.705
190,5,-18.9728,11.1891,-9.71
191,13,-24.3781818182,9.92995454545,-12.0068181818
192,13,-21.0177391304,5.16873913043,-12.6695652174
3,6,-29.6157777778,-2.74011111111,-3.98888888889
4,8,-26.6685833333,-3.2795,-0.444166666667
5,8,-24.7074166667,-7.62875,-0.899166666667
6,19,-21.4366666667,-6.47885714286,0.579047619048
7,3,-24.1665,-5.35742857143,6.50785714286
8,5,-22.2382,-1.549,7.807
9,6,-19.8915714286,-3.41928571429,10.6014285714
10,13,-22.0176818182,-8.49359090909,9.01318181818
11,9,-19.5887333333,-7.3636,5.582
12,19,-19.0363809524,-1.98285714286,4.81761904762
13,17,-15.6543125,-0.7111875,9.21
14,9,-18.3528666667,3.9242,7.03533333333
15,16,-13.5329473684,5.51857894737,8.37473684211
16,2,-17.3226363636,8.47654545455,11.4527272727
17,2,-13.5120909091,10.506,10.75
18,4,-14.1901428571,11.0425714286,6.33857142857
19,17,-9.0260625,11.2405625,4.689375
20,4,-10.4347857143,15.3455,3.17857142857
21,17,-9.4914375,13.2475,-1.725625
22,2,-6.18581818182,16.5600909091,-2.94181818182
23,10,-8.13982352941,15.518,-7.34411764706
24,4,-12.6942142857,16.0058571429,-6.16357142857
25,6,-13.106,12.2501428571,-8.97714285714
26,13,-9.41640909091,9.58677272727,-11.7963636364
27,15,-12.0871578947,6.02210526316,-7.04631578947
28,9,-6.6504,6.94293333333,-4.92466666667
29,17,-7.392125,1.93175,-4.36875
30,17,-3.960375,3.7451875,-0.539375
31,9,-1.69486666667,-1.4664,-0.73
32,16,-1.61505263158,0.443105263158,4.14368421053
33,18,3.52085,-2.4596,1.574
34,20,4.85779166667,-4.90020833333,8.62666666667
35,19,9.60628571429,-7.86438095238,5.97
36,6,5.48571428571,-8.90457142857,9.09
37,1,2.4654,-9.3136,6.795
38,4,1.90864285714,-13.5665,6.70785714286
39,11,-2.74961111111,-12.8591111111,5.48722222222
40,1,0.8083,-9.3353,2.414
41,19,3.69219047619,-14.3879047619,-0.122857142857
42,5,-0.9103,-14.7552,0.415
43,18,-4.19265,-10.27755,-1.625
44,9,1.71193333333,-11.0115333333,-4.38933333333
45,4,-0.6355,-14.0460714286,-5.97785714286
46,3,-4.99392857143,-12.2209285714,-6.07214285714
47,15,-3.27552631579,-7.041,-4.73473684211
48,17,-0.0669375,-7.7894375,-8.655
49,4,-3.15957142857,-9.7705,-11.0414285714
50,20,-7.861,-5.63970833333,-8.46041666667
51,2,-4.06145454545,-3.73218181818,-9.30727272727
52,9,-1.54886666667,-4.62886666667,-13.1706666667
53,13,-6.07977272727,-5.77545454545,-16.5104545455
54,16,-7.76442105263,-1.19136842105,-11.4194736842
55,4,-11.0453571429,0.847571428571,-14.005
56,5,-9.117,4.3913,-17.1
57,8,-11.5741666667,6.66283333333,-14.0333333333
58,17,-9.7671875,3.4795625,-10.67875
59,11,-4.26355555556,5.87488888889,-9.48388888889
60,18,-3.49585,0.52155,-6.546
61,17,-0.9349375,4.723625,-4.604375
62,12,1.910125,-1.40525,-3.72708333333
63,16,1.41531578947,4.58578947368,0.393684210526
64,4,5.05285714286,2.2545,2.80357142857
65,5,2.8641,0.6116,7.041
66,16,5.99626315789,4.66315789474,6.75736842105
67,18,1.8915,2.98305,11.2005
68,6,7.20785714286,3.92285714286,13.0171428571
69,6,10.0291428571,2.13028571429,14.0657142857
70,15,10.8225263158,-2.47057894737,12.0463157895
71,20,5.0855,-1.12316666667,11.51875
72,7,9.83785714286,4.0235,9.005
73,17,13.336,0.5775625,8.8875
74,11,11.2627222222,-3.659,7.18555555556
75,6,9.39,0.472,3.77285714286
76,10,11.9455882353,4.56711764706,3.71352941176
77,14,13.4265882353,-0.666470588235,-0.0570588235294
78,18,8.14755,0.7429,-2.663
79,16,8.63347368421,5.43584210526,-0.352105263158
80,3,14.4403571429,5.18385714286,-1.56928571429
81,16,13.4041052632,1.81210526316,-5.18894736842
82,9,9.58753333333,5.45093333333,-6.776
83,2,12.9319090909,9.05645454545,-4.68
84,14,17.0353529412,6.63729411765,-7.05235294118
85,6,14.0224285714,7.51185714286,-10.4171428571
86,17,15.07975,3.674,-10.8525
87,9,14.8315333333,2.69686666667,-16.3013333333
88,11,13.3053888889,-1.8995,-16.5888888889
89,8,8.18825,-0.959583333333,-15.1283333333
90,17,11.181625,-3.8178125,-11.98875
91,11,5.54372222222,-2.91222222222,-10.5883333333
92,7,6.326,-7.79035714286,-9.265
93,5,10.6648,-7.8107,-8.715
94,17,10.7005,-4.254125,-5.58
95,18,5.96075,-7.33055,-2.5155
96,9,8.87513333333,-10.7666,-5.804
97,5,12.865,-9.1962,-3.118
98,15,10.2371578947,-6.91378947368,0.252105263158
99,11,7.08922222222,-10.5599444444,1.71388888889
100,13,7.97963636364,-14.1045909091,-3.76545454545
101,9,13.8676666667,-13.4993333333,-2.07333333333
102,11,12.2487777778,-12.9253333333,4.21833333333
103,13,18.4733181818,-11.437,0.975
104,13,17.5951363636,-9.01854545455,7.42590909091
105,16,16.071,-6.20178947368,2.71421052632
106,5,16.8451,-4.3481,8.255
107,3,20.1565,-2.17042857143,7.41428571429
108,4,20.2497142857,1.36921428571,4.71785714286
109,9,24.2718,-0.733066666667,4.50266666667
110,9,20.9648,-5.4866,3.86
111,14,17.7602941176,-2.08317647059,2.05705882353
112,5,21.964,-0.9365,-1.261
113,8,24.3235833333,-4.91325,-1.11833333333
114,18,19.16125,-7.6062,-3.2965
115,16,18.2858421053,-2.84236842105,-4.52210526316
116,5,23.5961,-3.2174,-6.301
117,6,22.6792857143,-6.35642857143,-8.40428571429
118,13,18.3247272727,-7.25913636364,-8.995
119,6,20.6377142857,-2.29185714286,-11.4757142857
120,17,19.3460625,-0.0728125,-8.0425
121,8,23.3285,3.19691666667,-8.1325
122,13,26.2610909091,0.475636363636,-3.30954545455
123,9,26.964,5.35486666667,-4.91933333333
124,13,22.6117727273,7.32709090909,-7.73045454545
125,18,19.28275,3.1422,-2.2465
126,16,23.5624210526,4.22747368421,0.502105263158
127,2,22.8979090909,9.18472727273,-1.50636363636
128,3,18.1964285714,9.31435714286,-2.27357142857
129,19,17.555952381,5.65804761905,3.05380952381
130,7,21.2100714286,9.765,3.90357142857
131,2,18.3652727273,12.6812727273,0.945454545455
132,18,14.5277,17.1112,3.4585
133,5,14.2117,14.3719,-1.307
134,15,13.1719473684,9.85568421053,0.834736842105
135,13,12.3614545455,14.1174090909,6.08227272727
136,6,9.11185714286,14.4988571429,2.00857142857
137,10,8.71535294118,11.1262941176,-0.631764705882
138,14,9.67182352941,9.47670588235,5.13294117647
139,9,6.32693333333,13.7438666667,5.87466666667
140,13,2.55368181818,13.6644545455,1.38772727273
141,5,3.1757,8.3477,3.395
142,13,4.38286363636,9.76922727273,9.18045454545
143,13,0.330227272727,13.6108636364,6.75954545455
144,16,-1.74247368421,9.92257894737,3.48315789474
145,5,-1.1681,5.8811,7.014
146,14,-1.64864705882,8.10870588235,11.5529411765
147,5,-5.4616,9.7004,8.388
148,19,-5.81395238095,6.33971428571,5.28952380952
149,10,-8.352,5.71794117647,11.9270588235
150,17,-4.5608125,1.46625,8.88375
151,3,-4.9575,-0.559714285714,13.7564285714
152,6,-3.25842857143,-3.28228571429,10.6685714286
153,17,-0.6795625,-5.0255625,8.19125
154,4,-2.9405,-7.13528571429,4.91357142857
155,3,-5.43171428571,-2.56578571429,5.32857142857
156,14,-6.87041176471,-2.38241176471,0.208235294118
157,17,-7.6903125,2.8395,2.664375
158,17,-11.3909375,3.0870625,-1.18
159,7,-11.0345,7.66857142857,-1.95785714286
160,6,-9.89642857143,7.45328571429,2.74
161,13,-14.4201818182,8.65568181818,1.37863636364
162,19,-15.8525238095,3.39338095238,2.67476190476
163,12,-10.2100416667,-0.646125,7.00208333333
164,18,-11.1621,-2.83085,1.952
165,8,-9.12383333333,-6.13625,5.4475
166,15,-7.72357894737,-10.5679473684,3.73684210526
167,6,-10.4638571429,-9.93257142857,7.64571428571
168,2,-13.1574545455,-7.26654545455,7.19
169,5,-13.8102,-9.2881,3.438
170,6,-13.5081428571,-12.8005714286,4.87428571429
171,6,-11.3194285714,-13.2412857143,2.38142857143
172,4,-8.37342857143,-13.668,-0.0864285714286
173,9,-11.8933333333,-13.7521333333,-3.97
174,9,-14.3800666667,-12.2740666667,-0.263333333333
175,3,-10.6010714286,-8.24642857143,-0.18
176,16,-10.008,-8.50426315789,-5.09368421053
177,13,-15.9481818182,-10.4680909091,-4.32818181818
178,16,-15.9237368421,-5.87678947368,-0.183157894737
179,5,-12.7594,-3.3133,-3.679
180,8,-15.7466666667,-3.47975,-7.155
181,19,-19.7450952381,-2.3810952381,-2.26333333333
182,16,-15.9736842105,0.0331052631579,-1.02157894737
183,15,-14.1683684211,1.36368421053,-6.64631578947
184,9,-19.9524,1.0386,-7.798
185,13,-21.7400909091,2.64854545455,-2.07818181818
186,9,-16.9196,6.03566666667,-3.34466666667
187,12,-16.6419583333,6.52583333333,-9.9075
188,5,-22.1741,7.7083,-7.057
189,5,-19.9964,11.229,-6.263
190,5,-18.2361,10.9661,-10.055
191,13,-23.6585,9.9835,-12.7404545455
192,13,-20.375,4.24982608696,-12.7443478261
3,6,-27.9121111111,-4.59088888889,-3.90444444444
4,8,-25.7875,-2.77166666667,-0.658333333333
5,8,-24.797,-8.03758333333,-0.198333333333
6,19,-20.828,-6.6789047619,0.682380952381
7,3,-23.4586428571,-5.35842857143,6.94214285714
8,5,-21.6494,-1.4996,7.439
9,6,-19.0257142857,-2.83014285714,10.2971428571
10,13,-20.3422727273,-8.65836363636,9.59181818182
11,9,-18.8144666667,-7.20433333333,5.868
12,19,-18.2197142857,-2.13371428571,4.55285714286
13,17,-14.625,-0.415625,8.91375
14,9,-18.1712666667,3.7996,7.13066666667
15,16,-13.3998947368,5.836,7.56157894737
16,2,-17.2027272727,8.65072727273,10.8427272727
17,2,-13.6888181818,10.837,9.94363636364
18,4,-14.6751428571,11.5519285714,5.67428571429
19,17,-9.31325,10.89375,4.453125
20,4,-9.451,14.5619285714,1.94
21,17,-9.4645625,11.980625,-2.7075
22,2,-5.52227272727,13.4831818182,-4.59909090909
23,10,-6.94323529412,13.4368235294,-8.48
24,4,-11.7892142857,15.6733571429,-7.09928571429
25,6,-13.3352857143,11.8374285714,-9.58428571429
26,13,-9.82331818182,9.19,-12.1195454545
27,15,-12.6111578947,5.45384210526,-7.09105263158
28,9,-7.53993333333,7.73213333333,-4.72066666667
29,17,-7.446625,2.2755625,-4.289375
30,17,-4.4444375,4.0463125,-0.245625
31,9,-1.13286666667,-0.4928,-1.69066666667
32,16,-1.43063157895,0.882842105263,3.49052631579
33,18,3.4143,-2.67135,1.4075
34,20,5.30858333333,-4.90966666667,8.30666666667
35,19,9.4339047619,-6.52276190476,7.28761904762
36,6,6.16685714286,-8.69885714286,8.31
37,1,2.8609,-9.1984,6.576
38,4,2.26214285714,-13.4351428571,7.00714285714
39,11,-2.91661111111,-12.4288333333,5.76277777778
40,1,0.7766,-9.7268,2.467
41,19,3.52447619048,-14.5590952381,-0.570952380952
42,5,-1.4976,-14.7902,0.765
43,18,-3.9722,-9.7778,-1.2605
44,9,1.2324,-9.72366666667,-2.72066666667
45,4,-0.0167857142857,-13.2471428571,-5.66428571429
46,3,-4.74535714286,-12.1842142857,-5.96785714286
47,15,-3.55173684211,-6.79736842105,-4.85526315789
48,17,0.0078125,-7.4885,-8.488125
49,4,-3.11771428571,-9.3945,-10.935
50,20,-7.75279166667,-5.06379166667,-8.42791666667
51,2,-3.58854545455,-3.33009090909,-9.83090909091
52,9,-1.59366666667,-5.07653333333,-13.4053333333
53,13,-6.19013636364,-6.08172727273,-16.4118181818
54,16,-7.39831578947,-1.03252631579,-11.6752631579
55,4,-10.5953571429,0.7485,-14.5578571429
56,5,-9.3693,4.9076,-16.772
57,8,-12.3601666667,5.63475,-13.4191666667
58,17,-9.49525,3.1373125,-10.3675
59,11,-4.98716666667,7.06677777778,-8.82666666667
60,18,-3.125,1.2521,-6.8295
61,17,-1.6145,5.7191875,-3.921875
62,12,2.22425,2.72541666667,-5.5275
63,16,1.38184210526,5.10968421053,0.773684210526
64,4,5.15078571429,3.10764285714,3.00785714286
65,5,3.4324,0.4926,6.854
66,16,5.38078947368,5.05142105263,7.49263157895
67,18,2.0894,1.78035,11.9205
68,6,7.31942857143,3.40942857143,13.2914285714
69,6,10.13,1.84685714286,14.7828571429
70,15,11.7200526316,-2.21573684211,12.2605263158
71,20,5.802125,-1.25220833333,11.2904166667
72,7,9.25364285714,4.37021428571,9.82285714286
73,17,13.76475,1.299375,9.225
74,11,11.9121666667,-2.15288888889,6.60111111111
75,6,9.62242857143,2.38271428571,4.38571428571
76,10,13.4421176471,5.01982352941,4.74058823529
77,14,13.0937058824,-0.253588235294,0.898235294118
78,18,8.22665,1.6076,-1.8695
79,16,9.40226315789,6.42036842105,-0.01
80,3,14.9752142857,5.28642857143,-1.78428571429
81,16,12.9195263158,1.83315789474,-5.88263157895
82,9,9.23786666667,5.41806666667,-6.39466666667
83,2,12.7526363636,8.80536363636,-4.85727272727
84,14,16.5362941176,6.32123529412,-7.49705882353
85,6,13.212,8.48185714286,-10.8114285714
86,17,13.8539375,4.6155,-11.578125
87,9,8.30533333333,3.55386666667,-12.3686666667
88,11,11.0838333333,-1.6455,-13.6316666667
89,8,6.75841666667,-3.10941666667,-14.29
90,17,7.4325,-6.9669375,-13.44625
91,11,6.06116666667,-4.60766666667,-8.22444444444
92,7,7.06742857143,-9.64928571429,-9.035
93,5,11.643,-9.5811,-7.448
94,17,10.556625,-5.924625,-4.668125
95,18,6.73975,-9.66045,-3.634
96,9,10.1002666667,-12.8301333333,-4.11333333333
97,5,13.5202,-10.8045,-0.998
98,15,10.0434210526,-8.48636842105,1.46157894737
99,11,6.76311111111,-11.6257222222,1.87333333333
100,13,9.09686363636,-16.643,-1.45727272727
101,9,14.2569333333,-15.1051333333,-0.298
102,11,12.5733888889,-12.6062777778,6.14833333333
103,13,18.1740909091,-11.2848181818,2.345
104,13,16.2639090909,-9.01831818182,9.92181818182
105,16,15.9315263158,-6.29831578947,3.93842105263
106,5,17.6073,-4.4193,9.23
107,3,21.4381428571,-3.52507142857,7.9
108,4,21.5564285714,0.191285714286,5.39
109,9,24.846,-2.03946666667,3.98733333333
110,9,21.1685333333,-6.51926666667,3.49733333333
111,14,18.0069411765,-2.56088235294,2.46823529412
112,5,21.7696,-1.6956,-0.995
113,8,23.5150833333,-5.94225,-1.53083333333
114,18,17.94405,-7.66235,-3.3805
115,16,17.5595789474,-3.03978947368,-4.41526315789
116,5,22.7397,-3.6466,-6.377
117,6,21.6674285714,-6.774,-8.41714285714
118,13,17.7497272727,-7.6345,-8.71090909091
119,6,19.4612857143,-2.80357142857,-11.4328571429
120,17,18.7275,-0.3563125,-8.060625
121,8,23.0466666667,2.38458333333,-8.27833333333
122,13,25.9322272727,-0.622863636364,-3.41545454545
123,9,26.7242,4.62366666667,-5.56066666667
124,13,23.5692272727,6.93754545455,-7.14863636364
125,18,19.3264,2.59065,-2.231
126,16,23.4307894737,3.39952631579,0.334736842105
127,2,23.2524545455,8.58054545455,-1.59818181818
128,3,18.4826428571,8.89835714286,-2.20357142857
129,19,17.9834285714,5.0500952381,3.13761904762
130,7,21.2276428571,8.66957142857,3.825
131,2,18.7024545455,12.0645454545,1.27818181818
132,18,15.60155,16.39665,4.418
133,5,14.2661,13.4032,-0.549
134,15,13.4824736842,9.35842105263,1.40736842105
135,13,12.7159545455,13.6272272727,7.06227272727
136,6,9.672,14.5321428571,3.12571428571
137,10,8.61117647059,11.3198823529,0.270588235294
138,14,9.12058823529,8.82941176471,5.75705882353
139,9,7.51093333333,13.5272666667,7.63133333333
140,13,2.96240909091,13.992,1.88318181818
141,5,2.9961,9.1406,4.111
142,13,4.32,9.86895454545,10.3440909091
143,13,-0.1905,13.9882727273,7.30318181818
144,16,-1.91936842105,11.0116842105,4.17736842105
145,5,-1.325,6.5607,7.313
146,14,-1.96247058824,7.59335294118,11.2317647059
147,5,-5.8809,9.9682,8.365
148,19,-6.1730952381,7.16385714286,4.59476190476
149,10,-9.137,5.48711764706,10.6588235294
150,17,-3.9725,2.29375,8.488125
151,3,-5.20992857143,-0.0352142857143,13.1671428571
152,6,-3.13885714286,-2.66228571429,10.4028571429
153,17,-0.2840625,-4.337875,8.015
154,4,-2.66685714286,-6.31285714286,4.73
155,3,-5.16214285714,-1.74392857143,5.13714285714
156,14,-7.20658823529,-2.27152941176,0.182941176471
157,17,-8.1383125,3.0748125,2.280625
158,17,-11.967625,2.6915,-1.543125
159,7,-12.5478571429,7.56057142857,-2.37714285714
160,6,-10.9502857143,7.54828571429,2.10285714286
161,13,-15.7418181818,8.20527272727,1.58863636364
162,19,-16.3680952381,3.12204761905,2.4419047619
163,12,-9.92129166667,0.22825,7.45541666667
164,18,-11.17045,-2.7923,2.1555
165,8,-8.6655,-6.11858333333,5.48916666667
166,15,-6.97563157895,-10.3731052632,3.72894736842
167,6,-9.52228571429,-9.91571428571,7.80571428571
168,2,-12.3370909091,-7.38827272727,7.41545454545
169,5,-13.2029,-9.5165,3.803
170,6,-12.1028571429,-12.9728571429,4.94857142857
171,6,-10.5385714286,-13.493,2.01714285714
172,4,-7.43914285714,-13.4764285714,-0.337142857143
173,9,-10.2105333333,-14.0590666667,-3.84733333333
174,9,-13.5437333333,-12.4974666667,-0.16
175,3,-10.0451428571,-8.18628571429,0.0707142857143
176,16,-9.33773684211,-8.025,-4.81105263158
177,13,-16.368,-10.3120454545,-4.31545454545
178,16,-15.574,-5.82810526316,-0.147894736842
179,5,-12.4784,-3.2626,-3.673
180,8,-14.64125,-4.3785,-7.32083333333
181,19,-19.5451428571,-2.57885714286,-3.11619047619
182,16,-16.0991578947,-0.164736842105,-1.55842105263
183,15,-14.2594210526,0.793157894737,-7.55684210526
184,9,-20.1160666667,1.05853333333,-8.376
185,13,-21.4074545455,2.37,-2.30045454545
186,9,-17.4072666667,6.458,-3.736
187,12,-17.344875,7.25904166667,-10.6033333333
188,5,-22.4732,6.0691,-7.7
189,5,-21.5428,10.0029,-6.427
190,5,-21.1783,11.1542,-10.336
191,13,-18.2384090909,15.4800909091,-7.45818181818
192,13,-24.4985217391,14.9706956522,-6.02565217391
3,6,-28.6275555556,-3.969,-4.34
4,8,-27.4469166667,-2.95941666667,-0.421666666667
5,8,-25.17475,-7.68416666667,-1.07
6,19,-21.5228095238,-6.07038095238,0.0866666666667
7,3,-23.2118571429,-6.29378571429,6.40785714286
8,5,-21.7678,-2.2529,7.946
9,6,-18.6364285714,-4.04228571429,9.97285714286
10,13,-20.6197272727,-8.97590909091,8.16954545455
11,9,-18.3463333333,-7.66653333333,4.542
12,19,-18.3218095238,-2.25585714286,4.48666666667
13,17,-14.9095,-1.2044375,8.976875
14,9,-18.4998,3.1262,7.57333333333
15,16,-13.5785263158,5.07442105263,8.64894736842
16,2,-17.3601818182,7.64554545455,11.9463636364
17,2,-14.0513636364,10.1505454545,11.2081818182
18,4,-14.7876428571,11.1682142857,6.97642857143
19,17,-9.506,11.542125,5.71375
20,4,-10.6475,15.0398571429,3.085
21,17,-8.874625,12.1490625,-1.113125
22,2,-5.26190909091,15.2308181818,-2.0
23,10,-6.16741176471,11.9198235294,-5.25117647059
24,4,-9.95442857143,15.7737142857,-6.69928571429
25,6,-12.282,12.6668571429,-9.26142857143
26,13,-9.56763636364,10.2970909091,-10.8709090909
27,15,-11.8311578947,6.16810526316,-7.28684210526
28,9,-7.76473333333,7.0438,-3.0
29,17,-7.3439375,2.13225,-4.46625
30,17,-3.995125,3.7618125,-0.449375
31,9,-2.33026666667,-1.5986,-0.461333333333
32,16,-1.49147368421,0.950052631579,4.03947368421
33,18,3.46245,-2.9813,1.8165
34,20,5.54291666667,-4.20470833333,8.25541666667
35,19,9.39514285714,-5.09866666667,4.73047619048
36,6,5.77471428571,-8.31428571429,8.56
37,1,2.5654,-8.706,6.55
38,4,2.05314285714,-12.9551428571,6.83785714286
39,11,-2.77794444444,-12.7820555556,5.09222222222
40,1,0.7739,-9.2274,2.187
41,19,4.25004761905,-13.8274285714,-0.421904761905
42,5,-0.9486,-14.414,-0.032
43,18,-3.75215,-9.4015,-1.6185
44,9,1.23566666667,-9.89606666667,-3.99333333333
45,4,-0.719928571429,-13.723,-6.15
46,3,-5.15407142857,-12.0208571429,-5.83642857143
47,15,-3.69957894737,-6.70342105263,-5.54789473684
48,17,-0.578,-8.0595625,-9.53
49,4,-4.02707142857,-10.1426428571,-11.3864285714
50,20,-8.184625,-5.30908333333,-8.93208333333
51,2,-4.293,-3.65109090909,-10.1190909091
52,9,-2.21906666667,-4.79986666667,-14.164
53,13,-6.61445454545,-6.51345454545,-16.0259090909
54,16,-8.02221052632,-1.13989473684,-11.9115789474
55,4,-10.5147857143,1.61364285714,-14.87
56,5,-7.9074,5.4502,-16.638
57,8,-11.0713333333,6.47475,-13.1891666667
58,17,-8.806,3.6794375,-10.240625
59,11,-3.7205,7.0845,-8.56777777778
60,18,-2.9067,0.7367,-6.7035
61,17,-1.1684375,4.8140625,-4.105
62,12,1.42870833333,-1.74245833333,-2.42291666667
63,16,1.688,4.30294736842,0.834210526316
64,4,5.06964285714,1.91742857143,3.36928571429
65,5,3.0969,0.2386,7.627
66,16,5.70989473684,4.523,7.17052631579
67,18,2.0323,2.62755,11.873
68,6,7.28342857143,4.22642857143,13.3142857143
69,6,10.0511428571,2.67528571429,14.8157142857
70,15,11.5276315789,-1.74547368421,12.8331578947
71,20,5.53841666667,-1.208375,12.1370833333
72,7,9.90357142857,3.99728571429,10.0664285714
73,17,13.3943125,1.4236875,9.498125
74,11,11.5195,-2.83233333333,7.89611111111
75,6,9.58385714286,1.26428571429,4.35285714286
76,10,12.95,5.18723529412,4.05294117647
77,14,13.9081764706,-0.359647058824,0.464117647059
78,18,8.1125,0.66765,-1.6565
79,16,8.51047368421,5.76047368421,-0.380526315789
80,3,14.2682857143,4.97714285714,-1.97142857143
81,16,13.349,1.23589473684,-5.19263157895
82,9,8.7088,4.1848,-5.932
83,2,11.7733636364,8.16718181818,-5.92636363636
84,14,15.7218235294,5.272,-8.27176470588
85,6,12.3798571429,6.31142857143,-11.8885714286
86,17,13.384375,2.444,-11.43625
87,9,9.28606666667,1.31013333333,-14.714
88,11,7.508,-2.31411111111,-15.8561111111
89,8,11.9555,-3.55125,-11.5825
90,17,10.333,-7.9385,-11.296875
91,11,8.56533333333,-3.32072222222,-7.51222222222
92,7,6.726,-9.56042857143,-6.71857142857
93,5,11.556,-9.6283,-6.713
94,17,11.5440625,-6.4558125,-3.283125
95,18,6.77435,-8.44825,-1.58
96,9,10.4185333333,-13.3767333333,-3.34866666667
97,5,14.0353,-11.0323,-0.746
98,15,11.04,-8.82010526316,2.29789473684
99,11,7.6435,-12.2649444444,2.80555555556
100,13,10.2638181818,-17.2664090909,-0.745454545455
101,9,15.3513333333,-15.1277333333,0.758666666667
102,11,13.4126111111,-12.8166666667,6.53444444444
103,13,19.1533636364,-12.3440454545,2.18272727273
104,13,18.8457272727,-8.65018181818,9.68545454545
105,16,16.4438421053,-6.69078947368,3.83
106,5,17.228,-3.6532,8.683
107,3,20.7968571429,-1.60321428571,7.96642857143
108,4,20.4250714286,1.34335714286,4.77142857143
109,9,24.4646666667,-1.04993333333,4.60333333333
110,9,22.1071333333,-5.21726666667,4.42933333333
111,14,17.7248235294,-2.33576470588,2.66705882353
112,5,21.5711,-1.2976,-1.238
113,8,23.9331666667,-5.23075,-0.885
114,18,18.3215,-7.421,-2.93
115,16,18.0310526316,-2.94584210526,-4.29736842105
116,5,23.167,-3.8661,-6.277
117,6,21.7262857143,-7.20428571429,-7.94428571429
118,13,16.9041818182,-5.55109090909,-8.75863636364
119,6,19.8732857143,-3.09714285714,-11.5757142857
120,17,19.403625,-0.7426875,-8.143125
121,8,23.1275833333,2.81666666667,-8.65166666667
122,13,25.332,-0.236136363636,-3.46727272727
123,9,26.5596,5.23873333333,-5.03866666667
124,13,22.9633636364,7.24413636364,-8.07
125,18,19.1781,3.0428,-2.3785
126,16,23.3168947368,4.32131578947,-0.106842105263
127,2,22.6749090909,9.22345454545,-2.22727272727
128,3,17.8762857143,9.29735714286,-2.80928571429
129,19,17.5823809524,5.51880952381,2.30285714286
130,7,20.2255,9.68464285714,3.22642857143
131,2,17.5846363636,12.7180909091,0.377272727273
132,18,13.5673,16.59205,3.346
133,5,13.1507,13.7489,-1.568
134,15,12.7274210526,9.52226315789,0.0621052631579
135,13,12.4604090909,13.5575454545,6.17681818182
136,6,8.68328571429,14.1267142857,2.46285714286
137,10,7.75047058824,10.7878823529,-0.42
138,14,8.848,8.49788235294,5.10882352941
139,9,6.061,13.522,6.24666666667
140,13,1.60481818182,13.0028181818,2.05954545455
141,5,2.7431,8.2392,4.128
142,13,3.888,9.46340909091,10.3454545455
143,13,0.714954545455,13.3034545455,7.20681818182
144,16,-2.10563157895,9.87115789474,4.40526315789
145,5,-1.3949,5.8011,7.981
146,14,-2.553,8.87835294118,11.9564705882
147,5,-5.6696,9.5066,8.994
148,19,-6.39638095238,7.04942857143,5.1980952381
149,10,-9.07705882353,4.50664705882,11.5447058824
150,17,-4.10975,1.979375,8.716875
151,3,-4.92357142857,-0.302714285714,13.3
152,6,-2.98371428571,-3.03342857143,10.3042857143
153,17,-0.3768125,-4.72475,7.83625
154,4,-2.83292857143,-6.50392857143,4.43142857143
155,3,-5.24642857143,-1.94921428571,5.27571428571
156,14,-7.15194117647,-2.09052941176,0.163529411765
157,17,-7.9545625,3.1318125,2.574375
158,17,-11.90875,3.2601875,-1.024375
159,7,-12.0082857143,7.90085714286,-1.75928571429
160,6,-10.2434285714,7.81442857143,2.82142857143
161,13,-15.1929090909,8.43172727273,2.32
162,19,-15.7455714286,4.07880952381,2.00952380952
163,12,-10.4251666667,-0.145541666667,7.46458333333
164,18,-11.2884,-2.65155,2.114
165,8,-9.12358333333,-5.80166666667,5.56333333333
166,15,-7.19326315789,-10.1473684211,3.45947368421
167,6,-9.87557142857,-10.0287142857,7.48571428571
168,2,-12.7385454545,-7.55981818182,7.34181818182
169,5,-13.4189,-9.3964,3.532
170,6,-12.6141428571,-12.881,5.00285714286
171,6,-10.7265714286,-13.1242857143,2.20714285714
172,4,-7.62678571429,-13.0623571429,-0.167857142857
173,9,-11.2494666667,-13.7866666667,-3.86133333333
174,9,-14.0256666667,-12.0753333333,-0.436666666667
175,3,-10.374,-7.85578571429,-0.196428571429
176,16,-9.87789473684,-7.88768421053,-5.10526315789
177,13,-16.6283636364,-9.94713636364,-3.69272727273
178,16,-16.0743684211,-5.65268421053,-0.263157894737
179,5,-12.731,-3.08,-3.634
180,8,-15.3711666667,-3.54358333333,-7.2975
181,19,-19.7794761905,-1.84157142857,-2.7180952381
182,16,-16.0162105263,0.325526315789,-1.27473684211
183,15,-13.9458947368,1.47642105263,-6.98789473684
184,9,-19.7694666667,1.5636,-8.18266666667
185,13,-21.6334545455,3.33618181818,-2.74681818182
186,9,-17.0442666667,6.7084,-3.91933333333
187,12,-16.9084583333,7.492375,-10.05
188,5,-22.308,6.6483,-7.745
189,5,-21.4779,10.1049,-5.53
190,5,-19.3584,11.5888,-8.806
191,13,-20.9535909091,7.92913636364,-12.6095454545
192,13,-22.8356956522,11.7513043478,-15.957826087
3,6,-29.9021111111,-3.97033333333,-2.89666666667
4,8,-26.5578333333,-3.24783333333,-0.6175
5,8,-24.8165,-7.7355,-0.420833333333
6,19,-21.1568571429,-6.32485714286,0.629523809524
7,3,-22.8255714286,-5.55257142857,6.785
8,5,-20.8128,-1.7597,8.18
9,6,-18.12,-3.95685714286,10.3771428571
10,13,-20.7717727273,-8.53872727273,8.71727272727
11,9,-18.187,-7.60406666667,4.89
12,19,-17.8615714286,-2.29614285714,4.59857142857
13,17,-14.5729375,-0.87825,8.908125
14,9,-17.3899333333,3.70286666667,7.09733333333
15,16,-12.753,5.85931578947,8.06210526316
16,2,-15.9104545455,8.10890909091,12.0609090909
17,2,-12.9425454545,10.6167272727,10.5481818182
18,4,-14.309,11.2013571429,6.39285714286
19,17,-9.058875,11.7888125,4.813125
20,4,-10.2787142857,15.0465,2.03428571429
21,17,-9.0461875,12.46125,-2.4475
22,2,-5.389,15.087,-3.68818181818
23,10,-7.01594117647,14.5604705882,-8.22352941176
24,4,-11.6155714286,16.1835,-7.27428571429
25,6,-13.1044285714,12.3288571429,-9.44285714286
26,13,-9.766,10.3256363636,-11.5563636364
27,15,-12.0671578947,6.31831578947,-7.00736842105
28,9,-7.60666666667,7.2246,-3.22066666667
29,17,-7.4185,2.251375,-4.350625
30,17,-4.086375,3.9829375,-0.246875
31,9,-2.01606666667,-1.3008,-0.851333333333
32,16,-1.83163157895,0.775,4.21052631579
33,18,3.02415,-2.49155,1.488
34,20,5.268,-4.80991666667,8.165
35,19,9.17242857143,-4.77842857143,4.00047619048
36,6,5.95757142857,-8.54271428571,7.93714285714
37,1,2.6221,-9.0547,6.362
38,4,2.1805,-13.3087857143,6.28
39,11,-2.41655555556,-13.2950555556,4.46833333333
40,1,0.9333,-9.0528,2.093
41,19,4.23123809524,-13.4501904762,-1.12952380952
42,5,-0.3426,-14.3323,-0.755
43,18,-3.9032,-9.608,-1.896
44,9,1.39593333333,-9.28586666667,-4.50933333333
45,4,-0.272571428571,-13.1891428571,-6.64071428571
46,3,-4.98542857143,-12.4304285714,-6.05214285714
47,15,-4.13447368421,-6.89336842105,-5.97684210526
48,17,-0.894875,-8.2590625,-10.2075
49,4,-4.53035714286,-10.0167857143,-11.9792857143
50,20,-8.38233333333,-5.13541666667,-9.13958333333
51,2,-4.33854545455,-3.60881818182,-10.0754545455
52,9,-2.01506666667,-4.6004,-14.1073333333
53,13,-5.94704545455,-5.77909090909,-16.3745454545
54,16,-7.69142105263,-0.679947368421,-12.0084210526
55,4,-10.8626428571,1.8045,-14.4385714286
56,5,-9.0276,5.8579,-16.622
57,8,-11.6675833333,6.88741666667,-13.1108333333
58,17,-9.4476875,3.532875,-10.30125
59,11,-3.81466666667,6.29883333333,-9.23833333333
60,18,-3.612,0.48655,-6.495
61,17,-1.642,4.8046875,-4.08375
62,12,1.6765,-1.30316666667,-3.9875
63,16,1.45089473684,4.30994736842,0.482105263158
64,4,4.91392857143,1.877,2.885
65,5,2.8022,0.5094,7.198
66,16,5.72626315789,4.58726315789,6.89526315789
67,18,1.7794,2.8315,11.5765
68,6,7.10114285714,4.30685714286,13.0714285714
69,6,9.58942857143,2.57857142857,15.0028571429
70,15,11.5717368421,-1.56257894737,13.0094736842
71,20,5.32283333333,-1.38679166667,11.5045833333
72,7,9.53985714286,3.77928571429,9.87428571429
73,17,13.3281875,1.48025,9.344375
74,11,11.3938333333,-2.93211111111,7.84166666667
75,6,9.326,1.14257142857,4.38714285714
76,10,12.8577647059,4.92029411765,3.91
77,14,13.7894117647,-0.605588235294,0.484705882353
78,18,7.8537,1.08265,-1.858
79,16,8.59326315789,5.95636842105,-0.527368421053
80,3,14.3411428571,4.88028571429,-1.81071428571
81,16,13.0529473684,0.951631578947,-4.88421052632
82,9,9.00333333333,4.336,-6.198
83,2,12.4299090909,8.31109090909,-5.93454545455
84,14,15.6465882353,4.82029411765,-7.99235294118
85,6,12.3775714286,6.19871428571,-11.6657142857
86,17,13.0520625,2.311125,-11.353125
87,9,8.9358,1.15706666667,-14.7906666667
88,11,7.37194444444,-2.59616666667,-15.93
89,8,11.6525,-3.62508333333,-11.4883333333
90,17,9.778,-7.853125,-11.01625
91,11,8.64816666667,-3.38222222222,-7.11888888889
92,7,6.85778571429,-9.71092857143,-6.22357142857
93,5,11.4726,-9.8307,-6.668
94,17,12.184,-6.716,-3.3225
95,18,6.9332,-8.2621,-0.737
96,9,9.64233333333,-13.2370666667,-3.31133333333
97,5,13.7058,-11.6706,-0.782
98,15,11.3775263158,-8.80310526316,2.32684210526
99,11,7.729,-11.8222222222,3.13722222222
100,13,10.2882272727,-16.7564545455,-0.577727272727
101,9,15.3937333333,-15.436,1.28266666667
102,11,13.7091111111,-12.9224444444,7.04833333333
103,13,19.0796818182,-12.3945454545,2.71818181818
104,13,18.2560454545,-8.532,10.175
105,16,16.2039473684,-6.12431578947,4.24
106,5,17.5403,-3.698,9.293
107,3,21.166,-1.97642857143,8.18571428571
108,4,20.9130714286,1.19535714286,5.20642857143
109,9,24.8540666667,-1.49966666667,4.274
110,9,21.6962,-5.35486666667,4.356
111,14,17.897,-2.08270588235,2.65411764706
112,5,21.9456,-1.2793,-1.044
113,8,23.95975,-5.34525,-0.7425
114,18,18.48065,-7.8548,-2.585
115,16,18.0216315789,-3.05236842105,-4.15052631579
116,5,23.1305,-4.1641,-6.106
117,6,21.5458571429,-7.61542857143,-7.54571428571
118,13,16.6337272727,-5.838,-8.73545454545
119,6,19.974,-3.65528571429,-11.1
120,17,19.692875,-1.0285,-7.905
121,8,23.3660833333,2.39066666667,-8.27666666667
122,13,25.4204090909,-0.483318181818,-3.46318181818
123,9,26.6933333333,5.16,-5.22133333333
124,13,23.4582727273,6.96013636364,-8.04409090909
125,18,19.4256,3.1198,-2.456
126,16,23.2982631579,4.76231578947,-0.0305263157895
127,2,22.3883636364,9.45654545455,-2.64181818182
128,3,17.7107857143,9.1375,-2.86428571429
129,19,17.7877142857,5.52361904762,2.18285714286
130,7,20.4489285714,9.739,3.04428571429
131,2,17.5340909091,12.7487272727,0.449090909091
132,18,13.24395,16.7166,3.102
133,5,13.0789,13.7967,-1.486
134,15,12.7226842105,9.51184210526,0.202631578947
135,13,12.9921363636,13.2490454545,6.27818181818
136,6,8.827,14.1632857143,2.71857142857
137,10,7.87705882353,11.0068235294,-0.407058823529
138,14,8.89135294118,8.47305882353,5.02117647059
139,9,5.97926666667,13.43,6.60333333333
140,13,2.02086363636,13.5456363636,2.02454545455
141,5,2.4,8.3748,4.009
142,13,4.39754545455,9.74227272727,9.95954545455
143,13,0.988727272727,13.5694090909,7.61727272727
144,16,-2.29910526316,10.4233157895,4.62157894737
145,5,-1.468,6.0078,7.82
146,14,-1.83182352941,8.32529411765,11.6305882353
147,5,-5.6092,9.8591,8.739
148,19,-6.28619047619,7.13442857143,5.08380952381
149,10,-9.28088235294,5.86329411765,11.4435294118
150,17,-4.8576875,2.0110625,8.875625
151,3,-4.77221428571,0.175785714286,13.645
152,6,-3.04671428571,-2.70285714286,10.5342857143
153,17,-0.4161875,-4.45925,8.02625
154,4,-2.8275,-6.63157142857,4.88785714286
155,3,-5.35042857143,-2.07271428571,5.31714285714
156,14,-7.09617647059,-2.06276470588,0.206470588235
157,17,-7.8856875,3.19225,2.589375
158,17,-11.64075,3.0565625,-1.165625
159,7,-12.0230714286,7.97414285714,-1.93214285714
160,6,-10.1704285714,7.83357142857,2.48428571429
161,13,-14.6002727273,8.654,1.74318181818
162,19,-15.7982380952,3.40785714286,2.42761904762
163,12,-10.151875,-0.326041666667,7.37041666667
164,18,-11.048,-2.92035,2.1965
165,8,-8.8185,-5.95316666667,5.615
166,15,-7.01689473684,-10.2681578947,3.30947368421
167,6,-9.669,-10.2858571429,7.30714285714
168,2,-12.3649090909,-7.60436363636,7.45454545455
169,5,-13.2454,-9.1368,3.547
170,6,-12.9118571429,-12.7905714286,4.47428571429
171,6,-10.5494285714,-13.1264285714,2.18857142857
172,4,-7.8585,-13.3420714286,-0.595714285714
173,9,-12.0303333333,-13.8057333333,-3.69
174,9,-14.1651333333,-11.8133333333,-0.237333333333
175,3,-10.1137142857,-8.0235,-0.314285714286
176,16,-9.65326315789,-8.51463157895,-5.18263157895
177,13,-15.8085,-10.3034545455,-4.22045454545
178,16,-15.6367894737,-5.74163157895,-0.321052631579
179,5,-12.437,-3.1627,-3.767
180,8,-15.2021666667,-3.49308333333,-7.40666666667
181,19,-19.6595238095,-2.26138095238,-2.82761904762
182,16,-15.8658421053,0.0495263157895,-1.33894736842
183,15,-14.0600526316,1.36415789474,-7.14368421053
184,9,-19.6246666667,1.507,-8.37
185,13,-21.0262272727,4.049,-2.31954545455
186,9,-16.8916,6.63793333333,-3.68266666667
187,12,-16.94125,7.45491666667,-10.0041666667
188,5,-22.0009,6.6397,-7.633
189,5,-21.0294,10.3259,-5.846
190,5,-19.4256,11.5984,-9.421
191,13,-21.6236818182,7.08695454545,-12.1231818182
192,13,-22.6444347826,10.6303043478,-16.2108695652
3,6,-29.5364444444,-3.768,-2.88444444444
4,8,-26.0316666667,-3.15025,-0.3775
5,8,-24.37825,-7.99525,-0.930833333333
6,19,-20.8159047619,-6.53461904762,0.389047619048
7,3,-22.9449285714,-5.39721428571,6.55642857143
8,5,-21.2898,-1.5992,7.742
9,6,-18.3397142857,-3.38357142857,9.97571428571
10,13,-20.1970454545,-8.80340909091,7.88909090909
11,9,-17.7997333333,-7.31266666667,4.68533333333
12,19,-17.9578095238,-1.92576190476,4.31761904762
13,17,-14.7859375,-0.60675,9.09375
14,9,-17.9989333333,3.92073333333,7.656
15,16,-12.9116842105,5.83547368421,7.97368421053
16,2,-15.6200909091,7.60827272727,12.4427272727
17,2,-13.2798181818,10.8632727273,10.5636363636
18,4,-14.9265,11.6570714286,6.81071428571
19,17,-9.6408125,11.6484375,5.07375
20,4,-10.4611428571,15.4047857143,2.86357142857
21,17,-9.7036875,13.148375,-1.884375
22,2,-5.95436363636,15.722,-3.38090909091
23,10,-7.91876470588,15.5734705882,-8.31941176471
24,4,-12.1465,15.8504285714,-5.90357142857
25,6,-12.0467142857,12.9885714286,-9.69714285714
26,13,-8.83618181818,10.0610454545,-12.0677272727
27,15,-12.3563684211,6.12868421053,-7.70052631579
28,9,-7.31826666667,7.36426666667,-4.97866666667
29,17,-7.753875,2.2573125,-4.533125
30,17,-4.4384375,4.139125,-0.698125
31,9,-2.74926666667,-1.10753333333,0.00133333333333
32,16,-1.35589473684,1.24731578947,4.06684210526
33,18,3.4065,-2.16185,1.5025
34,20,5.76929166667,-4.3525,8.24166666667
35,19,9.25933333333,-4.83871428571,3.53095238095
36,6,6.19628571429,-8.34685714286,7.82285714286
37,1,2.907,-9.0698,6.531
38,4,2.01728571429,-13.203,6.91285714286
39,11,-2.80983333333,-12.3816666667,6.01
40,1,0.5414,-9.2129,2.484
41,19,3.79495238095,-13.8060952381,-0.254761904762
42,5,-1.6638,-14.2436,0.517
43,18,-4.22745,-9.18065,-1.285
44,9,0.746866666667,-9.49146666667,-3.43666666667
45,4,-0.933785714286,-13.5792857143,-5.415
46,3,-5.36592857143,-12.0181428571,-5.73857142857
47,15,-3.78210526316,-6.68563157895,-4.98473684211
48,17,-0.3478125,-7.9103125,-8.7125
49,4,-3.59207142857,-9.67471428571,-11.0092857143
50,20,-7.99020833333,-5.08066666667,-8.65708333333
51,2,-3.81045454545,-3.57809090909,-9.79727272727
52,9,-1.51073333333,-4.79713333333,-13.4026666667
53,13,-5.82131818182,-6.24531818182,-16.4854545455
54,16,-7.54926315789,-1.10121052632,-11.7468421053
55,4,-10.5937142857,0.954,-14.5864285714
56,5,-8.5749,4.8327,-16.964
57,8,-11.8701666667,6.115,-13.9033333333
58,17,-9.699625,3.34325,-10.74125
59,11,-4.36644444444,6.15033333333,-9.30055555556
60,18,-3.49225,0.82155,-6.3685
61,17,-1.47,4.943625,-4.1075
62,12,1.16279166667,-1.235375,-3.55625
63,16,1.15821052632,4.63757894737,0.633684210526
64,4,4.8475,2.83328571429,3.03571428571
65,5,3.0872,0.7147,7.135
66,16,5.34968421053,5.08568421053,7.51578947368
67,18,2.354,2.22445,12.095
68,6,7.48814285714,4.76685714286,13.8357142857
69,6,8.946,1.80871428571,14.4557142857
70,15,11.6341578947,-1.82857894737,12.1894736842
71,20,5.56970833333,-1.2085,11.415
72,7,9.36264285714,4.08885714286,9.52785714286
73,17,13.375,1.513,8.9
74,11,11.3218333333,-2.74383333333,6.86
75,6,9.24728571429,1.62971428571,3.95285714286
76,10,12.9457058824,5.227,3.87823529412
77,14,13.6659411765,-0.533647058824,0.797647058824
78,18,8.216,0.7525,-2.3675
79,16,8.94115789474,5.79947368421,-0.483157894737
80,3,14.5500714286,4.92457142857,-2.14714285714
81,16,13.5268421053,0.826842105263,-4.82684210526
82,9,9.02546666667,4.00866666667,-6.88
83,2,12.2763636364,8.02536363636,-6.25090909091
84,14,16.3738235294,5.13647058824,-7.79529411765
85,6,12.7418571429,3.86014285714,-10.8057142857
86,17,12.5138125,0.110625,-9.259375
87,9,14.3607333333,-2.02086666667,-13.554
88,11,8.31794444444,-2.61894444444,-13.4083333333
89,8,12.488,-6.7795,-14.5758333333
90,17,13.9638125,-6.5088125,-10.17625
91,11,7.79344444444,-6.11938888889,-9.66444444444
92,7,8.22771428571,-9.98457142857,-7.24785714286
93,5,12.7827,-9.9287,-6.757
94,17,12.6726875,-6.3033125,-3.81625
95,18,7.33875,-8.64915,-1.3385
96,9,10.3002666667,-13.0468,-3.30133333333
97,5,14.1739,-10.8062,-0.706
98,15,11.5155263158,-9.09926315789,2.70947368421
99,11,7.79372222222,-12.7812222222,2.23833333333
100,13,9.70418181818,-17.3250909091,-1.63272727273
101,9,15.1114,-15.2702666667,-0.0866666666667
102,11,13.5185,-13.3113333333,5.96055555556
103,13,19.1309545455,-11.9282272727,1.69090909091
104,13,19.0431363636,-9.49822727273,8.24590909091
105,16,16.7931578947,-7.02947368421,3.16736842105
106,5,16.6175,-4.3119,8.332
107,3,20.1794285714,-2.31585714286,8.05214285714
108,4,20.0217142857,1.15585714286,5.14142857143
109,9,23.8511333333,-1.36226666667,5.212
110,9,21.5518666667,-5.8582,4.32933333333
111,14,17.7154705882,-2.57705882353,2.62529411765
112,5,21.8969,-1.5195,-0.855
113,8,24.2815,-5.29716666667,-0.2725
114,18,18.9517,-8.0381,-2.5865
115,16,18.2430526316,-3.501,-3.87263157895
116,5,23.5077,-4.226,-5.734
117,6,22.2672857143,-7.44914285714,-7.60142857143
118,13,18.2305,-7.99695454545,-7.97636363636
119,6,20.3688571429,-3.47757142857,-10.96
120,17,19.3884375,-1.106375,-7.585625
121,8,23.4018333333,2.10666666667,-7.94916666667
122,13,25.7528181818,-0.105181818182,-2.49363636364
123,9,26.5828666667,5.055,-4.88466666667
124,13,21.9120909091,7.58331818182,-7.95181818182
125,18,19.2428,2.59295,-2.183
126,16,23.1511052632,4.35821052632,0.353157894737
127,2,22.1920909091,9.29918181818,-2.42090909091
128,3,17.5494285714,8.62457142857,-3.06142857143
129,19,17.4295238095,5.45042857143,2.77238095238
130,7,20.2359285714,9.9545,3.65785714286
131,2,17.2205454545,12.4697272727,0.595454545455
132,18,13.8807,16.80645,2.984
133,5,13.4173,13.3437,-1.772
134,15,12.5401578947,9.344,0.0978947368421
135,13,12.8947272727,13.4508181818,6.02409090909
136,6,8.95457142857,14.355,2.22571428571
137,10,7.861,10.9372352941,-0.420588235294
138,14,8.808,9.329,5.36235294118
139,9,5.7756,13.9666666667,5.906
140,13,3.48022727273,13.6542272727,1.39590909091
141,5,2.2605,8.3829,4.22
142,13,3.87231818182,10.3901363636,9.75636363636
143,13,-0.306363636364,13.893,7.49045454545
144,16,-2.61342105263,9.97989473684,4.42842105263
145,5,-1.6774,6.0436,8.086
146,14,-2.76194117647,8.99417647059,12.1694117647
147,5,-6.1247,9.6199,8.992
148,19,-6.60138095238,6.87304761905,5.36619047619
149,10,-9.28017647059,4.97829411765,11.5317647059
150,17,-4.11375,2.119375,8.864375
151,3,-5.06521428571,-0.367071428571,13.29
152,6,-2.76371428571,-2.80428571429,10.2714285714
153,17,-0.1965,-4.519875,7.645
154,4,-2.97485714286,-5.99714285714,4.38214285714
155,3,-5.4545,-1.47157142857,5.45642857143
156,14,-7.38947058824,-2.09035294118,0.283529411765
157,17,-8.155125,3.2090625,2.6575
158,17,-11.8069375,3.1140625,-1.334375
159,7,-12.4727857143,7.90692857143,-1.915
160,6,-10.7007142857,7.83014285714,2.55
161,13,-15.4099090909,8.53545454545,1.96454545455
162,19,-15.8761904762,3.74628571429,2.33142857143
163,12,-10.5795416667,0.286208333333,8.14958333333
164,18,-11.4301,-2.68915,2.342
165,8,-8.72533333333,-5.95475,5.18083333333
166,15,-6.99721052632,-10.1598421053,3.52210526316
167,6,-9.56828571429,-9.75871428571,7.57571428571
168,2,-12.3682727273,-7.31927272727,6.94272727273
169,5,-13.4332,-9.3269,3.377
170,6,-12.4937142857,-12.8027142857,4.40857142857
171,6,-10.2214285714,-13.0958571429,2.02285714286
172,4,-7.46692857143,-13.007,-0.668571428571
173,9,-10.498,-14.1262666667,-3.788
174,9,-13.7915333333,-12.2167333333,-0.542666666667
175,3,-10.303,-7.92328571429,-0.235714285714
176,16,-9.76626315789,-8.35536842105,-5.18526315789
177,13,-15.5432727273,-10.4316818182,-4.36318181818
178,16,-15.6271578947,-5.49536842105,-0.307368421053
179,5,-12.3418,-2.956,-3.704
180,8,-14.5948333333,-3.6,-7.49583333333
181,19,-19.419,-2.22080952381,-3.07952380952
182,16,-16.1152631579,0.397842105263,-1.50210526316
183,15,-14.1932105263,1.46705263158,-7.39105263158
184,9,-19.9625333333,1.48606666667,-8.45333333333
185,13,-20.9346363636,3.54763636364,-1.97772727273
186,9,-17.2582,6.52833333333,-3.518
187,12,-17.1832916667,7.60383333333,-9.75166666667
188,5,-22.4535,7.0717,-7.025
189,5,-20.9599,10.4753,-5.064
190,5,-20.0138,12.2335,-8.674
191,13,-24.9417727273,10.5267727273,-10.1072727273
192,13,-21.1903478261,8.8132173913,-14.4391304348
3,6,-30.7331111111,-3.67733333333,-1.72333333333
4,8,-27.656,-2.5455,0.905
5,8,-25.5831666667,-7.44375,0.510833333333
6,19,-21.6521428571,-5.88823809524,1.37380952381
7,3,-23.4315714286,-5.54964285714,7.62071428571
8,5,-21.7032,-1.5699,8.855
9,6,-18.6847142857,-3.48671428571,10.9028571429
10,13,-21.1424090909,-8.37222727273,9.65363636364
11,9,-18.832,-7.40826666667,5.542
12,19,-17.8802380952,-2.0459047619,5.36238095238
13,17,-14.6168125,-1.0321875,9.780625
14,9,-17.1525333333,3.72913333333,7.92333333333
15,16,-12.845,5.91678947368,8.75052631579
16,2,-15.7461818182,8.62990909091,12.4790909091
17,2,-12.8792727273,11.1908181818,10.9472727273
18,4,-14.0155,11.4035,6.68142857143
19,17,-8.891875,11.2859375,4.726875
20,4,-10.344,14.9099285714,2.36785714286
21,17,-9.2455,12.0910625,-2.1
22,2,-5.96409090909,15.5339090909,-3.27272727273
23,10,-7.07629411765,12.4642352941,-6.16235294118
24,4,-11.2729285714,15.9627857143,-6.81071428571
25,6,-13.2098571429,12.3165714286,-9.40857142857
26,13,-10.1143636364,10.2802727273,-11.0281818182
27,15,-11.9919473684,5.83636842105,-7.38315789474
28,9,-7.3378,7.16393333333,-3.606
29,17,-7.5755625,2.10875,-4.509375
30,17,-4.410125,3.78975,-0.136875
31,9,-2.18173333333,-1.55173333333,-0.898
32,16,-1.93389473684,0.776421052632,4.09
33,18,2.91155,-2.78995,1.599
34,20,5.622875,-4.11095833333,8.05625
35,19,9.16852380952,-4.82852380952,4.13476190476
36,6,5.80985714286,-8.31314285714,8.12142857143
37,1,2.526,-8.7819,6.334
38,4,2.2705,-13.0777857143,6.335
39,11,-2.79266666667,-12.5937777778,4.98333333333
40,1,0.6142,-9.0547,2.069
41,19,4.01542857143,-13.4895714286,-0.970476190476
42,5,-0.6883,-14.4363,-0.085
43,18,-4.2461,-9.81545,-1.6645
44,9,1.0402,-9.79686666667,-4.73733333333
45,4,-0.665,-13.5292857143,-6.03214285714
46,3,-5.26764285714,-12.4464285714,-5.90571428571
47,15,-4.24921052632,-6.96894736842,-5.43473684211
48,17,-1.051625,-8.081,-9.481875
49,4,-4.44478571429,-10.0082142857,-11.4464285714
50,20,-8.70783333333,-5.41116666667,-8.93291666667
51,2,-4.75145454545,-3.9,-9.94272727273
52,9,-2.311,-4.77406666667,-13.9473333333
53,13,-6.55472727273,-6.43736363636,-16.2436363636
54,16,-8.22452631579,-1.14547368421,-11.83
55,4,-11.2223571429,1.06578571429,-14.7292857143
56,5,-9.2941,4.955,-17.111
57,8,-11.5098333333,6.18616666667,-13.31
58,17,-9.4623125,3.1715,-10.300625
59,11,-3.87533333333,5.87755555556,-9.41722222222
60,18,-2.9031,-0.0472,-6.836
61,17,-1.9205625,4.5869375,-4.16625
62,12,2.20829166667,0.784625,-4.74666666667
63,16,1.62710526316,4.18826315789,0.604736842105
64,4,4.90428571429,1.61464285714,3.15714285714
65,5,2.7742,0.2562,7.501
66,16,5.38078947368,4.51084210526,7.08157894737
67,18,1.75395,2.31555,11.8985
68,6,6.98385714286,3.97157142857,13.17
69,6,9.954,2.78371428571,14.4814285714
70,15,11.4701578947,-1.76915789474,12.8226315789
71,20,5.56654166667,-1.320375,12.0845833333
72,7,9.80278571429,3.92035714286,9.86071428571
73,17,13.2791875,1.2990625,9.42625
74,11,11.3541666667,-2.85983333333,7.70833333333
75,6,9.31857142857,1.38057142857,4.40857142857
76,10,12.8385882353,5.17917647059,3.83235294118
77,14,13.7092352941,-0.457647058824,0.568823529412
78,18,8.3113,0.039,-1.91
79,16,8.51389473684,5.79931578947,-0.435263157895
80,3,14.3022857143,5.19207142857,-1.79714285714
81,16,13.2402105263,1.01710526316,-4.47421052632
82,9,9.55206666667,3.7468,-7.71466666667
83,2,12.5498181818,7.79863636364,-6.00727272727
84,14,16.7114117647,5.47588235294,-8.39411764706
85,6,13.3577142857,6.79185714286,-11.9228571429
86,17,13.3275625,2.946125,-11.754375
87,9,9.36993333333,1.7874,-15.2226666667
88,11,7.324,-1.94805555556,-15.6627777778
89,8,11.7201666667,-2.8755,-11.27
90,17,10.1208125,-7.2975,-11.335
91,11,8.22122222222,-3.27888888889,-7.34277777778
92,7,7.06285714286,-9.78921428571,-6.855
93,5,11.6449,-9.6153,-6.952
94,17,11.977,-6.3606875,-3.64875
95,18,6.91045,-8.3342,-0.774
96,9,9.58746666667,-13.1032,-3.538
97,5,13.7014,-11.3427,-1.117
98,15,11.1824736842,-8.76368421053,2.10263157895
99,11,7.72127777778,-12.1448888889,3.03833333333
100,13,9.59640909091,-17.0624090909,-1.05636363636
101,9,15.0483333333,-15.2668666667,0.728666666667
102,11,13.1155,-12.8015,6.46277777778
103,13,18.4921818182,-12.1809545455,1.79954545455
104,13,18.0230909091,-8.54563636364,9.67090909091
105,16,16.2625789474,-6.48815789474,3.52052631579
106,5,17.0934,-3.8301,8.597
107,3,21.0088571429,-2.30321428571,7.78714285714
108,4,20.6728571429,1.1275,5.08071428571
109,9,24.5709333333,-1.20213333333,4.32733333333
110,9,21.7618666667,-5.37853333333,4.388
111,14,17.7996470588,-2.31141176471,2.37705882353
112,5,21.9146,-1.2265,-1.087
113,8,24.3950833333,-5.06708333333,-1.24083333333
114,18,18.5854,-7.32235,-2.5295
115,16,18.2285263158,-2.98173684211,-4.08684210526
116,5,23.1689,-4.0652,-6.372
117,6,21.7632857143,-7.493,-7.68428571429
118,13,16.8100909091,-5.32036363636,-8.83954545455
119,6,20.2734285714,-3.21857142857,-11.0014285714
120,17,19.638875,-0.6583125,-7.7825
121,8,23.25325,2.95825,-8.36583333333
122,13,25.7325,0.148045454545,-3.28636363636
123,9,26.6522666667,5.70893333333,-5.22933333333
124,13,22.9355454545,7.546,-7.91636363636
125,18,19.40555,3.1362,-2.301
126,16,23.5396315789,4.62368421053,0.0521052631579
127,2,22.6907272727,9.65345454545,-2.19
128,3,18.0422142857,9.17657142857,-2.73214285714
129,19,17.6612380952,5.5889047619,2.3219047619
130,7,20.5608571429,9.89221428571,3.215
131,2,17.839,12.8290909091,0.370909090909
132,18,13.63305,16.82255,3.1385
133,5,13.2811,13.9304,-1.387
134,15,12.9063157895,9.60605263158,0.0410526315789
135,13,12.9144090909,13.6559545455,6.22590909091
136,6,9.124,14.2378571429,2.87285714286
137,10,7.16170588235,11.7287058824,-0.178823529412
138,14,8.89194117647,8.46023529412,5.06
139,9,6.5776,13.3279333333,6.678
140,13,2.19940909091,13.5964545455,2.06954545455
141,5,2.7775,8.5376,3.923
142,13,4.37068181818,9.02845454545,10.1563636364
143,13,0.291454545455,13.5333636364,7.085
144,16,-1.97978947368,10.2211052632,4.51
145,5,-1.1536,5.8875,7.759
146,14,-1.48364705882,8.21270588235,11.6164705882
147,5,-5.375,9.5983,8.774
148,19,-6.08504761905,6.89328571429,5.02666666667
149,10,-8.55294117647,5.84382352941,11.3270588235
150,17,-4.3866875,1.877125,8.835
151,3,-5.24385714286,-0.387857142857,13.46
152,6,-2.75371428571,-2.84428571429,10.6271428571
153,17,-0.344,-4.647875,7.954375
154,4,-2.98657142857,-6.72271428571,4.96071428571
155,3,-5.36271428571,-2.0985,5.49071428571
156,14,-7.20676470588,-2.22194117647,0.431764705882
157,17,-8.1510625,2.9500625,2.8675
158,17,-11.7805625,2.984375,-1.111875
159,7,-11.9662857143,7.783,-1.81714285714
160,6,-10.3937142857,7.61957142857,2.78
161,13,-15.0873636364,8.31140909091,1.92772727273
162,19,-15.7956666667,3.74619047619,2.21380952381
163,12,-10.004125,0.0764166666667,7.82083333333
164,18,-11.2673,-2.9118,2.434
165,8,-8.77366666667,-6.26941666667,5.56416666667
166,15,-7.06794736842,-10.3413157895,3.41736842105
167,6,-9.79714285714,-10.2881428571,7.32285714286
168,2,-12.383,-7.47590909091,7.33545454545
169,5,-13.3826,-9.3725,3.632
170,6,-12.6592857143,-12.9285714286,4.86857142857
171,6,-10.696,-13.3081428571,2.18571428571
172,4,-7.71914285714,-13.6010714286,-0.282857142857
173,9,-11.5973333333,-13.9004666667,-3.96533333333
174,9,-13.8789333333,-12.2392,-0.266666666667
175,3,-10.1425714286,-8.14421428571,-0.160714285714
176,16,-9.98957894737,-8.52536842105,-5.10842105263
177,13,-15.988,-10.4968181818,-3.57954545455
178,16,-15.763,-5.38089473684,0.0152631578947
179,5,-12.2887,-3.254,-3.504
180,8,-14.8021666667,-3.80783333333,-7.19583333333
181,19,-19.6541428571,-2.17914285714,-3.00666666667
182,16,-15.857,0.338526315789,-1.39842105263
183,15,-13.9609473684,1.12036842105,-7.36157894737
184,9,-19.6628,1.31006666667,-8.28666666667
185,13,-21.2547272727,3.25345454545,-2.58772727273
186,9,-16.7050666667,6.6078,-4.00133333333
187,12,-16.8546666667,7.34320833333,-10.465
188,5,-21.8037,6.562,-8.024
189,5,-20.8503,10.0602,-5.899
190,5,-19.3755,11.805,-9.334
191,13,-21.0229545455,7.31686363636,-12.9895454545
192,13,-21.6426956522,11.097173913,-16.2608695652
3,6,-29.5264444444,-3.37311111111,-3.69666666667
4,8,-27.2839166667,-3.01608333333,-0.399166666667
5,8,-25.60725,-7.81691666667,0.0333333333333
6,19,-21.8014761905,-6.13238095238,0.402857142857
7,3,-23.8852142857,-5.282,6.75071428571
8,5,-21.7108,-1.6764,8.256
9,6,-19.1401428571,-3.81014285714,10.5814285714
10,13,-21.6684545455,-8.74072727273,8.49409090909
11,9,-19.4393333333,-7.32086666667,5.17133333333
12,19,-18.7991904762,-2.03157142857,4.67761904762
13,17,-14.745,-1.014,8.821875
14,9,-18.362,3.252,7.42866666667
15,16,-13.8954210526,5.64394736842,8.90842105263
16,2,-17.6924545455,8.36809090909,11.9809090909
17,2,-14.0432727273,10.42,10.9445454545
18,4,-15.0615,10.8145,6.63428571429
19,17,-9.840375,11.498125,5.096875
20,4,-11.3496428571,14.9617142857,2.65857142857
21,17,-9.978625,12.5735625,-1.96
22,2,-6.175,15.5740909091,-2.60545454545
23,10,-7.28776470588,14.9054117647,-7.72941176471
24,4,-11.6185,15.3182857143,-7.48
25,6,-12.5681428571,11.9491428571,-10.17
26,13,-8.57145454545,9.004,-12.1213636364
27,15,-12.4522105263,5.97084210526,-7.28263157895
28,9,-7.39353333333,7.6476,-4.712
29,17,-7.678375,2.44475,-4.458125
30,17,-4.3575,4.4939375,-0.6525
31,9,-2.652,-0.989666666667,-0.444666666667
32,16,-1.332,1.22494736842,3.78157894737
33,18,3.23965,-2.74275,1.543
34,20,5.119375,-4.95308333333,8.22291666667
35,19,9.0249047619,-5.31242857143,3.75714285714
36,6,6.19628571429,-8.65414285714,8.16857142857
37,1,2.6879,-8.9171,6.862
38,4,1.86021428571,-13.093,7.28357142857
39,11,-2.67572222222,-12.7469444444,6.17611111111
40,1,0.548,-9.3363,2.673
41,19,3.98676190476,-13.5471904762,-0.338571428571
42,5,-1.4946,-14.3373,0.546
43,18,-4.2915,-9.544,-1.553
44,9,0.950533333333,-9.975,-3.37266666667
45,4,-0.889785714286,-13.7715714286,-5.71428571429
46,3,-5.25985714286,-11.9299285714,-5.65214285714
47,15,-3.72226315789,-6.78326315789,-5.43578947368
48,17,-0.1758125,-8.1065,-9.010625
49,4,-3.5325,-10.0402857143,-11.1307142857
50,20,-8.376875,-5.65616666667,-9.1425
51,2,-3.757,-3.57054545455,-9.76090909091
52,9,-1.50486666667,-4.25106666667,-13.612
53,13,-6.53345454545,-6.13159090909,-16.3104545455
54,16,-7.66036842105,-1.11394736842,-11.6368421053
55,4,-10.7751428571,0.849785714286,-14.7057142857
56,5,-9.0158,4.9928,-16.917
57,8,-12.2130833333,5.75616666667,-13.5966666667
58,17,-9.7335625,3.1738125,-10.504375
59,11,-4.83955555556,6.724,-8.87166666667
60,18,-3.3985,0.69815,-6.676
61,17,-1.3274375,4.917125,-4.6625
62,12,0.953583333333,-1.758,-2.50833333333
63,16,1.66889473684,4.65015789474,0.132631578947
64,4,5.08335714286,2.46807142857,2.78928571429
65,5,2.7407,0.8303,6.9
66,16,5.69484210526,4.93463157895,7.28263157895
67,18,2.43415,1.5088,12.0655
68,6,7.56542857143,4.36371428571,13.0985714286
69,6,9.40742857143,1.756,13.8914285714
70,15,11.2575263158,-2.35573684211,11.74
71,20,5.37525,-1.40191666667,10.9375
72,7,10.019,3.99807142857,8.85571428571
73,17,13.6544375,1.2723125,8.855
74,11,11.7122777778,-2.98083333333,6.68222222222
75,6,9.51814285714,1.50985714286,3.99857142857
76,10,13.1217058824,5.22911764706,4.07352941176
77,14,13.9972352941,-0.222470588235,0.888823529412
78,18,8.3489,1.0288,-1.9125
79,16,9.12036842105,5.83331578947,-0.442631578947
80,3,14.7401428571,5.04164285714,-2.11
81,16,13.7187368421,0.892421052632,-4.56631578947
82,9,9.2762,3.782,-6.39466666667
83,2,12.532,7.66763636364,-6.21272727273
84,14,16.8424705882,4.93023529412,-7.74941176471
85,6,13.1884285714,4.02671428571,-11.1157142857
86,17,12.4009375,0.363875,-9.3975
87,9,14.3596,-1.49046666667,-13.7013333333
88,11,8.49794444444,-2.76394444444,-13.7916666667
89,8,13.0475,-6.52625,-14.6308333333
90,17,14.47325,-6.332125,-10.365625
91,11,8.35544444444,-5.53477777778,-9.65666666667
92,7,8.52457142857,-9.33935714286,-7.175
93,5,13.1266,-9.4694,-6.589
94,17,12.797125,-5.9866875,-3.49125
95,18,7.6259,-8.5015,-1.136
96,9,10.6115333333,-12.6830666667,-3.57
97,5,14.5463,-10.8991,-0.828
98,15,12.0152631579,-9.11715789474,2.64631578947
99,11,8.13533333333,-12.353,2.94555555556
100,13,10.1656818182,-16.6009545455,-1.85954545455
101,9,15.3112666667,-15.4266,-0.08
102,11,14.1246666667,-13.2214444444,5.92722222222
103,13,19.1605454545,-12.3036363636,1.84818181818
104,13,19.4620454545,-9.389,8.24090909091
105,16,17.4347894737,-6.93394736842,3.15789473684
106,5,17.0339,-4.3351,8.356
107,3,20.3781428571,-1.94814285714,7.92857142857
108,4,19.9865,1.2675,4.90571428571
109,9,23.9278,-1.16586666667,5.04
110,9,22.1122,-5.4514,4.57666666667
111,14,18.06,-2.57076470588,2.57235294118
112,5,22.1326,-1.4777,-0.977
113,8,24.7086666667,-5.064,0.0191666666667
114,18,20.04265,-8.68515,-2.3515
115,16,18.5895789474,-3.78078947368,-3.64421052632
116,5,23.7465,-4.1108,-5.816
117,6,22.8007142857,-7.30357142857,-7.77285714286
118,13,18.4266818182,-8.17536363636,-8.18818181818
119,6,21.0795714286,-3.17371428571,-10.4614285714
120,17,19.4058125,-1.030625,-7.048125
121,8,23.4748333333,2.19441666667,-7.855
122,13,25.9575454545,0.301545454545,-2.21227272727
123,9,26.8946666667,5.2434,-5.10066666667
124,13,22.3195454545,7.67654545455,-8.03181818182
125,18,19.66375,2.81155,-1.955
126,16,23.6663684211,4.56436842105,0.496842105263
127,2,22.6341818182,9.53981818182,-1.98363636364
128,3,18.0179285714,9.01985714286,-2.81285714286
129,19,17.444,5.40647619048,2.68666666667
130,7,20.0687142857,9.68178571429,4.36285714286
131,2,17.7348181818,12.6273636364,0.820909090909
132,18,14.245,16.9774,2.7745
133,5,13.9125,13.2432,-1.808
134,15,12.9065263158,9.38468421053,0.290526315789
135,13,13.3399090909,13.7250909091,5.96909090909
136,6,9.23957142857,14.4682857143,2.04428571429
137,10,8.25470588235,10.9904117647,-0.617058823529
138,14,9.208,9.41417647059,5.21941176471
139,9,6.02033333333,14.014,5.61
140,13,3.87672727273,13.6313636364,1.15090909091
141,5,2.8865,8.26,3.887
142,13,4.59081818182,9.45,9.54863636364
143,13,0.109227272727,13.6387272727,6.77181818182
144,16,-2.15594736842,9.63336842105,4.01052631579
145,5,-1.3137,5.9082,7.943
146,14,-2.60041176471,9.32547058824,11.7288235294
147,5,-5.6841,9.7093,8.488
148,19,-6.40533333333,7.06823809524,5.04095238095
149,10,-8.622,5.22847058824,11.4288235294
150,17,-3.841125,2.054,8.4575
151,3,-4.618,-0.128142857143,13.0835714286
152,6,-3.28171428571,-3.08085714286,9.98285714286
153,17,-0.53625,-4.764625,7.62625
154,4,-3.0105,-6.34035714286,4.09571428571
155,3,-5.33157142857,-1.77514285714,5.09357142857
156,14,-7.31023529412,-2.02794117647,-0.00235294117647
157,17,-8.0120625,3.25075,2.473125
158,17,-11.915,2.99275,-1.35125
159,7,-12.4072857143,8.00178571429,-1.95714285714
160,6,-10.3347142857,7.74,2.26714285714
161,13,-15.0216363636,8.86263636364,1.71681818182
162,19,-15.7738095238,4.09595238095,2.21285714286
163,12,-10.397375,0.700875,7.81375
164,18,-11.46805,-2.57935,2.341
165,8,-8.83066666667,-5.99933333333,5.35916666667
166,15,-7.34810526316,-10.2405789474,3.48526315789
167,6,-10.0454285714,-9.83171428571,7.40428571429
168,2,-12.5135454545,-6.94172727273,7.22181818182
169,5,-13.6427,-9.0154,3.642
170,6,-12.909,-12.5151428571,5.01285714286
171,6,-11.3198571429,-13.0942857143,2.10857142857
172,4,-8.17992857143,-13.3307857143,-0.190714285714
173,9,-10.8827333333,-14.1314666667,-3.71733333333
174,9,-14.4268666667,-12.0558666667,-0.496
175,3,-10.6567142857,-7.94085714286,-0.256428571429
176,16,-10.4162631579,-8.36626315789,-5.22947368421
177,13,-16.5547272727,-10.0838636364,-3.99863636364
178,16,-16.0217368421,-5.31289473684,-0.160526315789
179,5,-12.6845,-2.8942,-3.651
180,8,-15.2894166667,-3.47658333333,-7.3025
181,19,-20.5630952381,-2.31042857143,-3.78761904762
182,16,-16.4192105263,0.541,-1.47789473684
183,15,-14.5036315789,1.48842105263,-7.44263157895
184,9,-19.9118666667,1.74453333333,-8.53
185,13,-20.9465909091,4.05868181818,-1.89090909091
186,9,-17.228,6.7398,-3.70533333333
187,12,-17.5518333333,7.387375,-9.87958333333
188,5,-22.5405,7.8402,-6.884
189,5,-20.234,10.9727,-5.127
190,5,-19.4918,12.5349,-8.855
191,13,-24.1641818182,11.3625909091,-9.31181818182
192,13,-20.7684347826,8.68452173913,-14.1726086957
3,6,-29.8508888889,-3.33966666667,-3.38111111111
4,8,-27.886,-3.05508333333,0.5375
5,8,-25.1536666667,-6.98408333333,-0.766666666667
6,19,-21.635047619,-5.86323809524,0.69380952381
7,3,-23.0879285714,-5.83107142857,6.85071428571
8,5,-21.6354,-1.5717,8.012
9,6,-18.4698571429,-3.25785714286,10.0828571429
10,13,-20.0810454545,-8.44381818182,8.85363636364
11,9,-18.2410666667,-7.12166666667,4.68
12,19,-18.3206190476,-1.87204761905,4.48
13,17,-14.564,-0.74775,8.91375
14,9,-17.9855333333,3.77386666667,7.814
15,16,-13.3155263158,5.81263157895,8.68736842105
16,2,-16.8699090909,8.80472727273,11.6690909091
17,2,-12.9506363636,10.5985454545,10.9709090909
18,4,-14.1166428571,11.3824285714,6.76214285714
19,17,-8.97425,11.6711875,4.9025
20,4,-9.76307142857,15.1985,2.41357142857
21,17,-9.9294375,12.836625,-2.366875
22,2,-5.62136363636,14.0337272727,-3.74272727273
23,10,-7.11711764706,12.7235294118,-7.48941176471
24,4,-11.2151428571,15.7737142857,-7.28571428571
25,6,-12.375,11.8752857143,-10.0442857143
26,13,-8.38654545455,9.406,-11.6704545455
27,15,-11.8007894737,5.99921052632,-6.96789473684
28,9,-7.28726666667,8.2424,-4.30333333333
29,17,-7.4965625,2.3443125,-4.3
30,17,-3.9855625,4.0273125,-0.473125
31,9,-2.294,-1.49626666667,-0.594
32,16,-1.67536842105,0.712736842105,4.07631578947
33,18,3.31085,-2.8622,1.6385
34,20,5.33441666667,-4.32575,8.24541666667
35,19,9.30157142857,-4.85695238095,4.39095238095
36,6,6.024,-8.43328571429,8.29714285714
37,1,2.7028,-8.9795,6.547
38,4,2.59592857143,-13.2919285714,6.63857142857
39,11,-2.61738888889,-12.9644444444,4.83166666667
40,1,0.8482,-9.3261,2.304
41,19,4.30542857143,-13.6439047619,-0.786666666667
42,5,-0.5241,-14.6311,-0.016
43,18,-3.86835,-9.94605,-1.667
44,9,1.42373333333,-10.0986666667,-4.38533333333
45,4,-0.527785714286,-13.9620714286,-6.27214285714
46,3,-5.03142857143,-12.4843571429,-5.40357142857
47,15,-3.68221052632,-7.11915789474,-5.53473684211
48,17,-0.726875,-8.549125,-9.64
49,4,-4.31957142857,-10.3936428571,-11.345
50,20,-8.4205,-5.57975,-8.88041666667
51,2,-4.20954545455,-3.90936363636,-10.0509090909
52,9,-1.91673333333,-5.11433333333,-13.8073333333
53,13,-6.06627272727,-6.84190909091,-15.9863636364
54,16,-7.93826315789,-1.64573684211,-11.9789473684
55,4,-10.7835,0.789071428571,-14.7514285714
56,5,-8.8165,4.9375,-16.555
57,8,-11.8768333333,5.55725,-13.4491666667
58,17,-9.1916875,2.704125,-10.41
59,11,-4.52055555556,6.59022222222,-8.45666666667
60,18,-3.0842,0.54915,-6.601
61,17,-1.4704375,4.710625,-4.18
62,12,1.43108333333,-1.93541666667,-3.30666666667
63,16,1.99405263158,4.00063157895,0.334210526316
64,4,4.99928571429,1.55528571429,3.04785714286
65,5,2.5938,0.3393,7.257
66,16,5.44042105263,4.40936842105,7.08473684211
67,18,1.7218,2.85645,11.6425
68,6,6.98142857143,4.01671428571,13.5285714286
69,6,9.51557142857,2.177,15.2157142857
70,15,11.3563157895,-1.66652631579,12.6263157895
71,20,5.15133333333,-1.06995833333,11.79
72,7,9.4315,3.76635714286,10.0114285714
73,17,13.1781875,1.3373125,9.379375
74,11,11.2282222222,-2.97527777778,7.90833333333
75,6,9.38942857143,1.09314285714,4.23571428571
76,10,12.8096470588,4.99470588235,3.69294117647
77,14,13.7677058824,-0.560235294118,0.438823529412
78,18,7.9819,0.68115,-2.013
79,16,8.58331578947,5.89084210526,-0.652105263158
80,3,14.3645714286,4.84185714286,-1.82142857143
81,16,13.2574210526,1.11363157895,-4.90263157895
82,9,9.14033333333,4.42853333333,-6.506
83,2,12.5252727273,8.45227272727,-5.83090909091
84,14,15.9112941176,5.44376470588,-7.91529411765
85,6,12.3577142857,6.62571428571,-11.5457142857
86,17,13.4950625,2.74475,-11.540625
87,9,9.3558,1.81466666667,-15.0573333333
88,11,7.45133333333,-2.10377777778,-15.9166666667
89,8,11.9494166667,-3.10958333333,-11.6241666667
90,17,9.915,-7.234125,-11.16875
91,11,8.71416666667,-3.05538888889,-7.25222222222
92,7,6.98814285714,-9.44907142857,-6.55785714286
93,5,11.6377,-9.5733,-6.726
94,17,12.201125,-6.340625,-3.415
95,18,7.0612,-8.4012,-0.593
96,9,9.99306666667,-13.0539333333,-3.27933333333
97,5,14.0054,-11.1568,-0.824
98,15,11.4744736842,-8.64473684211,2.37578947368
99,11,7.87972222222,-11.8277777778,3.11444444444
100,13,9.75309090909,-17.0459545455,-0.836363636364
101,9,15.0638,-15.5624666667,0.87
102,11,12.9563888889,-13.0096666667,6.4
103,13,18.6612272727,-11.7941363636,1.87954545455
104,13,18.2840454545,-8.51668181818,9.48
105,16,16.3162105263,-6.54073684211,3.47736842105
106,5,17.0056,-3.6611,8.387
107,3,20.9622857143,-2.22642857143,7.65714285714
108,4,20.779,1.23407142857,5.00714285714
109,9,24.6194,-1.02953333333,4.31933333333
110,9,21.6698666667,-5.32153333333,4.398
111,14,17.8259411765,-2.27141176471,2.35176470588
112,5,21.8776,-1.1178,-1.165
113,8,24.47125,-4.83233333333,-1.04916666667
114,18,19.137,-7.9048,-2.7755
115,16,18.054,-3.077,-4.17
116,5,23.0073,-3.623,-6.554
117,6,22.1077142857,-7.19328571429,-7.86
118,13,16.7931363636,-5.6795,-8.90636363636
119,6,19.6962857143,-3.26028571429,-11.0557142857
120,17,19.2025625,-0.6974375,-7.870625
121,8,22.9305833333,2.72933333333,-8.64
122,13,25.5857727273,-0.0699090909091,-3.86409090909
123,9,26.3612,5.567,-5.65733333333
124,13,22.3845,7.05954545455,-8.42590909091
125,18,19.4121,3.0502,-2.221
126,16,23.5006842105,4.81442105263,-0.248421052632
127,2,22.22,9.75218181818,-2.72272727273
128,3,17.59,9.08221428571,-2.77785714286
129,19,17.8435238095,5.52466666667,2.30476190476
130,7,20.6609285714,9.91392857143,3.32714285714
131,2,17.4756363636,12.6643636364,0.450909090909
132,18,13.5613,17.1323,2.9235
133,5,13.0311,14.025,-1.299
134,15,12.6403157895,9.66210526316,0.311578947368
135,13,12.8240454545,13.7202272727,6.25954545455
136,6,8.64585714286,14.3407142857,2.58285714286
137,10,7.17288235294,11.2650588235,-0.217647058824
138,14,8.74017647059,8.52276470588,5.15823529412
139,9,5.9768,13.5108666667,6.38333333333
140,13,1.63559090909,12.9424090909,1.80545454545
141,5,2.6111,8.4005,4.023
142,13,4.06909090909,8.75118181818,10.2545454545
143,13,0.059,13.4525909091,6.89909090909
144,16,-2.48757894737,10.2212105263,4.46052631579
145,5,-1.4195,5.8842,7.59
146,14,-2.53523529412,8.53994117647,11.9911764706
147,5,-5.7398,9.3759,9.098
148,19,-6.07080952381,6.48047619048,5.35952380952
149,10,-8.91852941176,5.15194117647,11.6911764706
150,17,-4.4950625,1.5785,8.95875
151,3,-5.25621428571,-0.437357142857,13.6642857143
152,6,-3.37228571429,-3.28028571429,10.64
153,17,-0.6725625,-4.9356875,8.1975
154,4,-2.89842857143,-6.95007142857,4.81928571429
155,3,-5.29464285714,-2.322,5.33785714286
156,14,-6.91282352941,-2.21405882353,0.257058823529
157,17,-7.8131875,2.9390625,2.819375
158,17,-11.43675,3.1250625,-1.186875
159,7,-11.8245714286,7.873,-1.65857142857
160,6,-10.1262857143,7.63271428571,2.85
161,13,-15.0197272727,8.4645,2.08590909091
162,19,-15.5865714286,4.0090952381,2.17142857143
163,12,-10.20925,-0.529708333333,7.13125
164,18,-11.12,-2.6822,2.1795
165,8,-9.0345,-6.079,5.47833333333
166,15,-7.36573684211,-10.4066315789,3.58631578947
167,6,-10.3222857143,-10.1771428571,7.36142857143
168,2,-12.8077272727,-7.29,7.18545454545
169,5,-13.5993,-9.0383,3.344
170,6,-13.1137142857,-12.6324285714,4.62571428571
171,6,-11.0034285714,-13.1327142857,2.08142857143
172,4,-7.9625,-13.5458571429,-0.305714285714
173,9,-11.9668666667,-14.0894666667,-3.68
174,9,-14.0254,-11.9785333333,-0.416
175,3,-10.1572142857,-8.06578571429,-0.397142857143
176,16,-10.0289473684,-8.51094736842,-5.33421052632
177,13,-15.7254090909,-10.3354545455,-4.06090909091
178,16,-15.684,-5.39052631579,-0.211052631579
179,5,-12.2314,-3.0508,-3.637
180,8,-14.66675,-3.48825,-7.31416666667
181,19,-19.4631428571,-1.79219047619,-3.00333333333
182,16,-15.7047894737,0.545684210526,-1.41631578947
183,15,-13.6463157895,1.47068421053,-7.21263157895
184,9,-19.3698,1.75786666667,-8.41133333333
185,13,-20.8945454545,4.15981818182,-2.73454545455
186,9,-16.7599333333,6.85133333333,-3.87466666667
187,12,-16.5532916667,7.65575,-10.6566666667
188,5,-21.5557,7.0757,-8.069
189,5,-20.4686,10.6964,-6.061
190,5,-19.2344,12.3984,-9.599
191,13,-20.581,7.82559090909,-13.0518181818
192,13,-21.9083043478,11.6040869565,-16.5469565217
