21,4,57.0105714286,10.0985714286,27.1657142857
22,4,56.1902857143,7.10957142857,24.3985714286
23,15,52.57675,4.369625,25.6425
24,20,53.2087142857,1.40871428571,23.0771428571
25,13,59.0556666667,1.93966666667,26.58
26,2,62.1606666667,2.24116666667,21.7966666667
27,19,66.7500833333,0.0695,24.7766666667
28,16,64.0615,-3.503625,23.27625
29,19,62.31925,-1.52175,16.995
30,10,66.4106666667,1.39933333333,18.7311111111
31,16,68.596,-2.861875,20.78
32,10,65.931,-6.35911111111,16.97
33,10,67.0562222222,-2.999,14.1944444444
34,9,71.8506666667,-1.93677777778,17.2433333333
35,5,71.6704,-6.7054,15.87
36,4,74.1317142857,-9.1,15.2014285714
37,12,72.5360909091,-8.79790909091,10.4190909091
38,4,73.5018571429,-14.2912857143,10.3671428571
39,13,78.2057777778,-12.0438888889,8.64444444444
40,12,79.8385454545,-15.7512727273,6.10363636364
41,15,76.3495,-19.788,5.485
42,15,81.247375,-20.3605,6.8375
43,1,80.792,-22.7285,3.17
44,4,82.3704285714,-26.0624285714,2.86
45,12,86.6638181818,-27.5962727273,2.08818181818
46,9,81.7704444444,-28.0235555556,-1.65444444444
47,17,83.5827142857,-31.8358571429,1.71857142857
48,9,80.3625555556,-33.7604444444,-0.654444444444
49,7,80.81525,-35.58925,5.19625
50,12,80.683,-39.7290909091,5.14
51,4,78.013,-38.409,8.06285714286
52,13,75.0286666667,-34.2607777778,5.93666666667
53,19,69.2986666667,-34.95225,5.42916666667
54,19,69.5579166667,-31.8720833333,8.37583333333
55,6,73.62275,-28.94025,5.0175
56,12,76.7420909091,-27.3822727273,1.40272727273
57,9,75.709,-25.3336666667,7.18444444444
58,18,78.1759090909,-30.3059090909,8.85272727273
59,11,82.5498,-27.3007,7.966
60,6,81.747,-31.911,10.115
61,15,84.119375,-34.196375,12.04625
62,15,86.778375,-30.1955,13.14
63,2,88.8495,-28.7663333333,15.7933333333
64,12,87.532,-26.4340909091,20.3663636364
65,9,91.2851111111,-26.0584444444,17.7644444444
66,10,90.8935555556,-26.1091111111,12.7322222222
67,5,86.6214,-23.8342,13.78
68,8,87.575375,-20.986625,16.18125
69,9,90.9008888889,-20.117,11.58
70,16,86.6545,-21.649875,9.75875
71,16,84.456125,-18.545,12.50125
72,6,87.05275,-15.3765,12.8475
73,6,85.97925,-12.6995,14.47
74,17,83.4262857143,-12.4387142857,11.7914285714
75,9,80.5154444444,-10.2666666667,16.0633333333
76,6,78.27125,-13.81925,13.31
77,5,79.9026,-16.2198,12.196
78,19,76.4094166667,-19.7764166667,10.8308333333
79,15,80.08025,-23.47975,11.63625
80,16,77.40975,-26.565375,11.88625
81,12,81.4876363636,-28.6786363636,15.7436363636
82,9,80.0287777778,-34.6952222222,14.0733333333
83,2,81.8318333333,-35.254,18.0383333333
84,10,86.4452222222,-35.3707777778,18.0088888889
85,12,85.8221818182,-38.4579090909,20.8518181818
86,10,79.1622222222,-39.4461111111,20.9433333333
87,4,78.7847142857,-40.338,17.6242857143
88,6,75.40125,-37.577,16.615
89,1,76.7328333333,-35.2471666667,18.575
90,19,75.225,-33.474,14.9191666667
91,3,77.7741428571,-28.2627142857,17.7185714286
92,16,75.951125,-23.876875,16.77
93,5,79.5024,-22.319,16.244
94,16,77.8405,-18.450875,17.16
95,12,82.8238181818,-15.1328181818,17.1663636364
96,18,78.2724545455,-12.3628181818,20.7654545455
97,6,83.064,-11.29425,19.9275
98,7,83.59125,-11.44375,24.16625
99,10,83.5344444444,-14.9756666667,23.4555555556
100,3,83.3294285714,-18.6062857143,20.33
101,16,79.286625,-19.169,21.64125
102,7,80.00575,-23.835125,21.48625
103,19,74.5643333333,-22.3286666667,21.94
104,12,74.691,-29.3468181818,22.9663636364
105,16,71.99325,-28.724125,17.03125
106,18,69.2587272727,-30.8310909091,19.8490909091
107,11,65.7475,-32.0724,13.799
108,8,61.4905,-32.16975,17.0925
109,6,61.571,-31.678,12.8075
110,13,61.363,-28.5837777778,13.8611111111
111,11,66.5967,-27.0633,12.394
112,18,65.8771818182,-27.8332727273,18.8090909091
113,17,69.0194285714,-24.5595714286,20.3628571429
114,6,67.2125,-24.89225,23.42
115,9,65.7822222222,-21.7028888889,23.8855555556
116,13,60.9878888889,-23.5745555556,24.3533333333
117,12,63.0383636364,-20.8234545455,19.98
118,18,61.5900909091,-26.178,18.36
119,9,63.865,-22.2988888889,14.5155555556
120,2,64.357,-23.42,9.93666666667
121,15,68.73875,-23.0095,10.15875
122,11,69.3912,-17.9192,9.218
123,8,65.619125,-18.693625,11.25625
124,16,68.761875,-20.483625,15.20125
125,17,71.6745714286,-17.8955714286,14.07
126,3,68.8701428571,-14.68,13.4271428571
127,8,66.386,-15.39225,17.3625
128,6,69.995,-15.68475,18.7275
129,16,72.6465,-13.478,17.04
130,15,68.382125,-11.062625,18.3325
131,3,68.5828571429,-13.3552857143,22.2242857143
132,16,72.990375,-13.023,22.21875
133,19,72.972,-6.45458333333,20.7583333333
134,15,68.903,-7.773625,23.51625
135,9,69.7542222222,-11.3335555556,26.94
136,3,74.2598571429,-8.48928571429,26.5757142857
137,13,73.5497777778,-4.16211111111,25.4044444444
138,5,70.2094,-4.3558,29.256
139,5,69.341,-7.3388,31.392
140,9,70.0747777778,-4.70466666667,33.78
141,19,64.82675,-2.22941666667,30.5791666667
142,15,65.042875,-7.077,30.18375
143,2,64.2773333333,-7.14366666667,34.89
144,13,64.0278888889,-3.16811111111,36.2788888889
145,14,60.32125,-4.86925,31.74875
146,3,57.6948571429,-6.39642857143,35.9457142857
147,3,58.7317142857,-2.855,37.9357142857
148,7,57.158375,0.216125,36.50625
149,4,53.5404285714,-1.61614285714,35.6828571429
150,15,51.78575,0.515625,31.97
151,19,47.0623333333,-4.42133333333,31.84
152,9,46.2238888889,-1.03933333333,35.6655555556
153,11,47.187,2.9363,33.021
154,15,46.43925,0.081375,28.21125
155,6,42.78,-0.2565,27.205
156,19,39.584,-0.572583333333,24.9841666667
157,5,41.1162,-2.0706,30.744
158,3,40.3357142857,1.58028571429,31.36
159,16,37.8745,2.619,28.58375
160,16,34.67625,-0.572125,26.38125
161,12,30.1865454545,-1.75390909091,28.9390909091
209,19,33.21025,-12.163,36.9983333333
210,9,38.0275555556,-14.7174444444,38.6811111111
211,13,38.8057777778,-15.8158888889,32.9166666667
212,3,41.6857142857,-17.8784285714,33.3485714286
213,11,44.2921,-14.9066,30.344
214,7,44.26075,-19.953,26.95875
215,18,48.2801818182,-16.3825454545,28.0263636364
216,13,48.284,-20.156,23.1666666667
217,17,53.2688571429,-19.2175714286,21.8671428571
218,11,51.7909,-15.5587,18.333
219,3,54.88,-15.7485714286,15.7928571429
220,18,53.707,-11.543,17.42
221,12,53.7158181818,-12.1560909091,10.2336363636
222,6,55.15925,-7.50425,13.3725
223,4,56.2641428571,-4.75357142857,14.8342857143
224,11,53.4595,-6.7485,17.544
225,20,55.5840714286,-2.70942857143,20.6228571429
226,1,53.6325,-5.77916666667,26.0466666667
227,9,49.3067777778,-5.35066666667,25.5288888889
228,19,52.0610833333,-5.9685,32.0916666667
229,1,55.8265,-3.7375,29.585
230,5,54.8522,-1.4834,27.018
231,7,58.579125,-2.910375,25.9425
232,18,59.9834545455,-4.92663636364,20.8481818182
233,14,57.224375,-8.379125,21.62625
234,20,62.9695,-9.66035714286,22.6814285714
235,6,62.27575,-11.49575,17.695
236,16,62.470375,-14.2465,13.96125
237,15,59.4935,-17.09925,15.75375
238,5,59.6824,-15.99,19.74
239,10,57.9881111111,-13.0704444444,19.37
240,6,55.2135,-14.273,22.745
241,17,52.0394285714,-14.7715714286,24.6471428571
242,12,47.8175454545,-13.5467272727,20.0772727273
243,1,45.1461666667,-14.9873333333,24.5483333333
244,2,43.2505,-17.6325,22.6516666667
245,8,39.862875,-16.758125,24.78625
246,1,41.364,-11.9503333333,25.1833333333
247,6,43.70875,-11.3855,22.4775
248,16,46.225625,-9.972625,25.34875
249,7,49.025,-9.494875,22.63875
250,17,52.0481428571,-10.2252857143,26.3314285714
251,11,56.6921,-9.7579,26.905
252,13,57.2397777778,-16.1684444444,28.48
253,10,58.1522222222,-12.9338888889,30.5355555556
254,1,54.546,-10.6345,31.6016666667
255,2,52.131,-13.8948333333,31.3533333333
256,13,53.7084444444,-15.9285555556,34.8511111111
257,11,53.9622,-10.7956,36.759
258,17,48.852,-10.8847142857,33.8371428571
259,4,46.278,-9.87328571429,36.1457142857
260,7,43.1355,-13.57575,35.8725
261,8,41.351125,-10.116875,33.98125
262,1,39.765,-11.603,30.73
263,10,36.7435555556,-8.88966666667,29.1055555556
264,4,36.573,-13.2557142857,26.1914285714
265,8,33.84725,-10.00825,24.5525
266,16,37.675,-7.236125,24.5925
267,13,39.1213333333,-11.5567777778,20.2755555556
268,12,33.2937272727,-9.93709090909,18.4118181818
269,15,37.965125,-5.012125,19.1975
270,13,39.6946666667,-6.00311111111,15.0166666667
271,13,43.2987777778,-3.00766666667,19.1577777778
272,17,43.361,0.606714285714,14.7171428571
273,19,43.8444166667,4.70641666667,17.3516666667
274,1,48.539,1.40366666667,18.8466666667
275,1,49.493,-0.726833333333,15.2583333333
276,8,53.431375,-0.576625,12.87375
277,16,52.028,2.71675,10.0575
278,3,53.9038571429,-0.663428571429,7.98428571429
279,3,51.5834285714,-3.69657142857,10.09
280,16,47.4435,-1.1085,9.79125
281,17,48.8615714286,-0.459857142857,5.80714285714
282,13,51.4791111111,-4.54544444444,4.56111111111
283,5,46.6376,-5.676,6.734
284,11,43.5946,-2.9903,7.145
285,7,44.889625,-3.361125,1.175
286,3,45.4185714286,0.869428571429,2.45285714286
287,10,49.7832222222,2.81,0.694444444444
288,12,46.475,6.41827272727,2.76181818182
289,4,46.4054285714,5.00728571429,7.76142857143
290,14,41.5105,3.75075,8.235
291,17,42.1467142857,6.74457142857,10.7228571429
292,17,44.7088571429,9.39557142857,8.55857142857
293,8,41.807625,8.7685,4.99375
294,15,38.01925,8.7905,7.66625
295,1,39.812,12.0523333333,10.0283333333
296,15,41.559125,14.3085,6.80125
297,12,37.1557272727,12.1208181818,4.09545454545
298,9,34.5412222222,14.9098888889,8.47222222222
299,15,38.85625,18.007625,9.3375
300,9,38.9462222222,18.5307777778,4.37888888889
301,5,34.0786,18.8592,5.324
302,12,33.1411818182,19.0724545455,10.0945454545
303,6,36.37375,22.787,9.685
304,16,39.039375,23.64175,6.57625
305,13,35.9754444444,27.8784444444,7.66111111111
306,2,37.8138333333,26.4636666667,12.4066666667
307,9,38.7626666667,29.9948888889,14.9311111111
308,6,42.77075,26.67675,15.5375
309,16,42.518,23.58975,12.95875
310,19,44.931,20.2995,13.43
311,12,46.1158181818,26.4223636364,18.4227272727
312,17,42.1582857143,23.9035714286,19.8157142857
313,2,41.7348333333,21.1913333333,22.6666666667
314,6,39.29525,18.7015,22.98
315,18,36.0625454545,16.1145454545,26.4690909091
316,3,40.1654285714,14.242,26.3742857143
317,9,36.0748888889,11.8411111111,28.2477777778
318,11,34.081,13.3166,23.785
319,15,39.3985,12.357875,21.72375
320,9,39.7322222222,8.47855555556,24.41
321,8,34.789375,8.39825,22.81125
322,17,36.7982857143,8.71642857143,18.3242857143
323,13,40.953,5.54633333333,20.0644444444
324,14,36.333125,3.329625,21.50625
325,5,35.4946,3.9036,17.214
326,18,38.4547272727,4.94745454545,14.11
327,8,39.499125,0.609625,17.73125
328,12,35.0677272727,-2.85563636364,14.75
329,8,32.20375,0.2545,17.2425
330,6,33.608,0.27825,12.8075
331,9,37.3814444444,-0.812777777778,11.5666666667
332,13,36.3124444444,0.993777777778,6.70222222222
333,5,32.6284,2.5016,10.074
334,8,33.979625,5.189,12.5075
335,15,31.176125,8.96175,13.0125
336,2,30.2918333333,12.362,11.8083333333
337,5,29.6438,15.8278,12.43
338,7,26.626875,14.4455,14.225
339,17,28.0462857143,12.3618571429,17.1028571429
340,19,31.8843333333,12.4695,17.8658333333
341,4,30.0032857143,18.2101428571,17.1485714286
342,8,34.379125,20.03,18.74
343,15,36.267625,19.746125,14.58
344,7,38.7535,20.565125,17.95625
345,15,36.983,15.81325,18.82875
346,15,38.189625,14.731,14.88
347,3,41.5425714286,17.5024285714,15.2971428571
348,6,42.63675,14.92475,17.95
349,5,42.0666,11.9264,17.142
350,16,44.5195,12.657125,13.52625
351,13,46.9301111111,15.3595555556,17.2322222222
352,16,45.6065,10.19225,19.52625
353,19,46.961,6.97791666667,14.33
354,18,49.6189090909,10.6785454545,13.7236363636
355,12,49.6025454545,11.5358181818,20.4154545455
356,8,48.889125,5.932375,19.9325
357,16,52.091625,5.273625,15.99625
358,4,54.5517142857,2.24457142857,17.7342857143
359,15,57.17325,3.467375,15.105
360,4,57.4855714286,7.346,14.8357142857
361,17,55.5275714286,9.305,10.99
362,15,59.6445,10.94775,11.255
363,3,61.2761428571,7.30257142857,11.9842857143
364,19,62.3465833333,6.1635,16.5016666667
365,8,65.595375,5.29125,11.4425
366,3,65.1137142857,9.42885714286,10.1771428571
367,19,64.8055833333,12.6814166667,15.5433333333
368,2,68.9185,11.9378333333,13.2633333333
369,13,69.7784444444,11.3057777778,9.05333333333
370,18,64.3812727273,14.4194545455,8.9
371,15,67.698875,17.337375,13.0225
372,8,71.6975,16.736625,10.78
373,5,68.755,19.5366,7.99
374,5,67.4114,22.0126,10.248
375,13,71.403,22.0452222222,12.0866666667
376,15,71.713,23.99925,6.28375
377,2,70.785,28.1243333333,7.595
378,7,71.196625,27.85425,2.72375
379,5,67.073,27.3336,2.346
380,8,68.773375,26.926125,-1.06125
381,9,71.7417777778,23.3538888889,1.10888888889
382,12,67.0358181818,24.0706363636,5.60181818182
383,16,64.262125,21.58075,0.37875
384,9,68.3473333333,19.3653333333,-1.96333333333
385,5,68.1734,17.7114,2.672
386,17,64.5665714286,17.3277142857,3.8
387,11,64.0679,14.8622,-1.101
388,9,68.9263333333,13.2325555556,1.34444444444
389,17,65.857,12.1397142857,4.62857142857
390,16,61.568875,12.643875,2.945
391,14,63.25475,9.071125,-0.05375
392,16,65.883125,7.605375,3.9
393,16,60.9225,7.571625,5.20875
394,4,59.5391428571,3.94357142857,5.69285714286
395,4,57.0317142857,3.11628571429,2.52142857143
396,5,54.0752,3.9476,5.124
397,11,56.1185,5.6337,8.028
398,19,56.7218333333,9.38666666667,1.58833333333
399,9,52.4847777778,7.726,1.11222222222
400,3,51.136,8.85557142857,6.09
401,16,54.15425,12.604625,6.00625
402,12,51.9420909091,12.7892727273,-0.129090909091
403,19,46.651,12.3645833333,2.75916666667
404,16,49.473875,14.78675,7.475
405,14,51.90375,17.542625,4.97125
406,15,48.07825,18.19125,1.8725
407,11,44.4013,16.825,3.099
408,16,47.939625,20.052125,7.14875
409,13,49.6367777778,23.2474444444,2.82222222222
410,13,44.1038888889,22.3722222222,2.04444444444
411,17,45.0985714286,24.6041428571,6.85142857143
412,3,48.2708571429,27.1022857143,5.24857142857
413,14,46.04275,27.825125,1.94625
414,7,42.271625,29.068,5.25125
415,9,46.4641111111,32.3306666667,7.88111111111
416,13,42.2541111111,34.076,5.63555555556
417,8,39.30325,31.9975,8.26375
418,7,42.61575,28.977875,10.68125
419,18,43.8624545455,32.7884545455,13.1890909091
420,14,46.552875,27.977125,11.9875
421,7,50.94725,28.973875,10.06875
422,5,53.3896,26.612,9.072
423,9,55.5048888889,29.1825555556,12.4866666667
424,7,51.02,27.50275,13.6625
425,16,50.5385,23.683875,12.1875
426,6,54.894,22.90925,13.4375
427,15,54.313,24.149625,16.92625
428,17,50.896,21.0667142857,16.6257142857
429,18,51.3970909091,18.1382727273,13.9336363636
430,6,56.56625,17.87525,15.725
431,4,56.193,17.2767142857,18.8228571429
432,3,53.5895714286,14.1988571429,17.35
433,16,54.879,13.828125,13.24625
434,14,59.43625,13.94375,15.22
435,12,58.3853636364,9.69572727273,18.7754545455
436,4,63.3565714286,11.3475714286,20.6342857143
437,4,66.0952857143,8.14985714286,20.4357142857
438,9,65.3456666667,8.53566666667,25.0811111111
439,8,69.076375,6.5085,26.55
440,2,71.1508333333,11.0503333333,24.9016666667
441,3,68.7057142857,13.0968571429,27.54
442,16,71.976875,17.026125,27.0125
443,3,71.1931428571,18.1672857143,22.9428571429
444,3,67.0192857143,16.3837142857,23.4557142857
445,16,65.852875,19.682,25.315
446,11,69.4717,22.042,23.204
447,8,67.26525,19.183125,19.11125
448,14,61.7435,20.201125,20.43
449,12,62.5057272727,25.0280909091,18.3545454545
450,19,66.3083333333,22.4921666667,15.1308333333
451,10,61.0711111111,18.3726666667,16.3155555556
452,13,58.3431111111,22.6158888889,16.4266666667
453,16,61.671125,23.712875,11.31875
454,15,61.34325,19.63625,9.95
455,17,56.7954285714,19.9792857143,10.3785714286
456,10,57.4425555556,25.118,9.22555555556
457,15,60.058375,22.969,6.24625
458,16,57.5195,19.205875,5.4475
459,15,53.58825,22.2645,5.9875
460,9,56.4388888889,26.0952222222,3.94
461,7,58.266875,23.37825,0.87375
462,9,53.4365555556,20.1507777778,-0.417777777778
463,8,53.776125,20.541375,-4.32625
464,17,58.4867142857,20.333,-3.92285714286
465,16,59.195125,17.387375,-1.0625
466,18,55.552,15.2207272727,-0.634545454545
