1,6,-34.67242857,0.420285714,-13.98428571
2,2,-35.90954545,4.278272727,-12.27363636
3,2,-32.05854545,4.996636364,-10.90818182
4,6,-29.06028571,5.006,-13.25714286
5,2,-25.44854545,6.353727273,-13.34272727
6,2,-25.38545455,2.110818182,-11.83818182
7,6,-21.53971429,0.826142857,-12.65142857
8,9,-17.1588,-0.283266667,-11.72933333
9,8,-15.98983333,1.110166667,-16.42583333
10,19,-12.37228571,1.442285714,-13.41714286
11,9,-11.09006667,-1.487066667,-19.13133333
12,13,-7.484,-2.198545455,-21.58636364
13,17,-7.056,0.427875,-15.490625
14,4,-2.911642857,2.2485,-14.825
15,16,-2.602157895,2.008842105,-10.31578947
16,4,-6.647357143,-0.856142857,-10.33357143
17,7,-10.66071429,1.508857143,-7.219285714
18,2,-8.914090909,-2.254454545,-6.65
19,17,-4.9531875,-1.1676875,-5.659375
20,18,-6.213,2.92675,-4.9725
21,17,-8.14425,-0.004375,0.94125
22,7,-10.99378571,3.9365,2.651428571
23,3,-8.2695,-0.083142857,5.072857143
24,3,-6.510142857,3.549357143,7.845
25,9,-6.392333333,-0.565,10.21266667
26,2,-1.922818182,-2.719545455,8.568181818
27,1,-4.058454545,-5.720181818,10.74909091
28,9,-8.3198,-4.980333333,7.659333333
29,17,-4.56625,-4.723625,4.224375
30,9,-2.8644,-9.460266667,6.669333333
31,12,-9.850208333,-10.68579167,8.16375
32,16,-9.168052632,-7.187631579,3.243157895
33,18,-4.26275,-8.9005,0.6235
34,13,-4.938,-14.283,4.113181818
35,5,-10.5535,-12.5298,2.184
36,3,-9.863357143,-11.25071429,-2
37,2,-8.481181818,-15.43054545,-1.846363636
38,4,-10.72735714,-17.9085,-4.202857143
39,12,-7.618666667,-22.52816667,-3.4425
40,6,-8.04,-18.30871429,1.621428571
41,9,-4.450666667,-19.05593333,-0.199333333
42,4,-2.808285714,-14.48864286,-0.112142857
43,10,-2.015882353,-15.021,-5.314705882
44,8,3.723916667,-14.44408333,-4.121666667
45,6,3.118714286,-10.41142857,-4.637142857
46,16,-1.716315789,-10.05684211,-3.386315789
47,19,0.432904762,-4.929952381,-5.881428571
48,1,-2.201727273,-2.800909091,-1.94
49,15,-2.171,1.780842105,-2.895263158
50,12,-2.519625,1.035,4.319166667
51,7,-5.378857143,5.231428571,3.352857143
52,2,-1.627,6.454,6.647272727
53,2,-2.344181818,7.915454545,10.45
54,3,-0.877785714,11.30685714,7.696428571
55,13,-5.561363636,15.24722727,5.778636364
56,2,-4.342909091,12.83327273,2.351818182
57,6,-2.124857143,9.571857143,3.124285714
58,13,-2.743045455,6.725363636,-0.041818182
59,17,1.436,3.22775,3.195
60,16,3.319421053,0.032105263,-1.674210526
61,17,0.7173125,-2.8205,2.079375
62,17,3.8195625,-5.7683125,-1.029375
63,20,1.031375,-11.6755,1.417916667
64,8,6.051166667,-11.40133333,2.085
65,9,3.732,-15.86446667,-0.458666667
66,3,8.350785714,-15.46857143,0.872857143
67,2,7.395818182,-14.30345455,5.196363636
68,7,2.621714286,-16.02828571,5.66
69,13,5.393363636,-10.69827273,6.893636364
70,17,1.395625,-7.729125,5.4475
71,12,7.47625,-6.501875,4.401666667
72,7,4.536785714,-1.623642857,5.721428571
73,19,7.056761905,-0.843619048,1.05
74,12,5.512375,7.478833333,4.559166667
75,15,3.051052632,5.977263158,-1.328421053
76,18,7.22605,9.58345,1.465
77,9,3.6256,13.8924,-2.568
78,13,10.20427273,15.08568182,-3.067727273
79,8,8.618166667,17.13983333,-7.550833333
80,2,4.375181818,16.14436364,-8.359090909
81,13,7.817136364,12.97945455,-10.07181818
82,18,3.2538,9.29655,-6.361
83,19,9.269952381,10.06957143,-2.302857143
84,16,8.575263158,4.319736842,-1.987368421
85,9,13.6104,5.706533333,-2.267333333
86,6,13.29328571,9.564428571,-2.434285714
87,9,16.76266667,9.901933333,-5.303333333
88,17,14.1578125,6.903875,-6.75125
89,16,10.88878947,11.01147368,-7.035263158
90,18,8.50245,6.5249,-9.696
91,17,5.0094375,11.2479375,-12.863125
92,2,2.547545455,8.517545455,-11.79090909
93,17,1.4239375,4.910375,-8.435
94,6,1.983857143,3.447,-12.38714286
95,2,5.465454545,4.805727273,-13.74272727
96,14,6.136588235,3.466882353,-8.36
97,17,3.9515625,-0.448375,-10.24375
98,9,5.8508,-0.1176,-14.70266667
99,11,11.28366667,1.065222222,-11.07222222
100,19,9.317619048,-0.588714286,-7.537619048
101,11,6.794555556,-4.968888889,-12.38388889
102,3,12.36692857,-4.9185,-13.21642857
103,11,14.87411111,-2.190222222,-10.08388889
104,17,13.6553125,-5.969125,-5.45375
105,16,9.540631579,-3.509736842,-3.501052632
106,4,12.79492857,-0.993142857,-0.765
107,2,13.302,-3.263727273,2.983636364
108,11,12.33194444,-8.194944444,0.819444444
109,10,15.46182353,-11.19782353,-0.480588235
110,2,13.174,-11.407,-3.72
111,16,8.904631579,-8.183105263,-2.055263158
112,16,9.887263158,-8.214473684,-7.675263158
113,16,5.018842105,-4.819315789,-7.264736842
114,12,3.959166667,-12.246125,-8.4175
115,11,-0.188111111,-10.80738889,-9.418888889
116,4,-2.706571429,-5.996142857,-8.529285714
117,19,-6.397428571,-5.825619048,-2.722857143
118,6,-8.516857143,-7.086857143,-5.415714286
119,19,-7.270333333,-7.033619048,-11.30952381
120,3,-9.588785714,-10.8785,-10.92071429
121,2,-6.337545455,-13.20990909,-12.65909091
122,6,-7.544428571,-15.40085714,-15.43714286
123,4,-7.996428571,-19.36114286,-15.41785714
124,2,-6.454545455,-18.52436364,-19.35090909
125,2,-2.615818182,-16.44154545,-18.01
126,6,-2.027285714,-19.51071429,-16.09571429