1,6,25.67042857,0.665142857,19.63
2,2,24.27990909,3.167909091,16.86
3,2,20.47136364,3.370636364,15.47
4,6,19.11828571,5.944285714,13.01571429
5,2,16.49272727,8.821818182,13.48818182
6,2,15.071,9.878636364,9.158181818
7,6,11.89685714,11.07771429,7.644285714
8,9,11.79653333,6.687133333,7.006
9,17,6.9254375,9.61675,5.6025
10,10,9.485705882,12.47758824,3.222941176
11,13,13.10895455,7.417181818,1.807272727
12,4,11.87328571,7.210642857,-2.672857143
13,16,6.747263158,3.892105263,-4.654210526
14,11,12.14711765,3.895823529,-5.855882353
15,9,13.3728,2.9268,-1.192666667
16,10,8.842176471,2.443941176,0.160588235
17,16,9.151157895,-2.314157895,3.182105263
18,20,5.286166667,-0.164875,0.62125
19,19,7.296619048,-0.87852381,-5.328095238
20,11,6.763529412,-6.459647059,-3.404705882
21,6,6.580285714,-4.038,-8.048571429
22,5,5.0523,-5.1821,-11.837
23,15,5.083789474,-8.728052632,-8.038947368
24,4,2.875285714,-11.94121429,-10.76
25,12,-3.341541667,-13.45704167,-8.740416667
26,5,0.7577,-15.7869,-7.738
27,9,4.488,-13.87026667,-6.664
28,17,0.77225,-10.3503125,-4.48125
29,5,-0.9332,-14.3762,-2.619
30,9,2.8224,-16.41606667,-1.631333333
31,16,3.925473684,-11.09436842,-0.223684211
32,16,-1.126684211,-10.49605263,1.511578947
33,17,0.267375,-14.6401875,6.14
34,11,-1.667764706,-12.57247059,9.367058824
35,2,-6.114090909,-9.647727273,8.85
36,6,-3.913285714,-5.947142857,7.585714286
37,8,-0.979166667,-8.03075,5.928333333
38,18,0.4251,-2.7378,3.6615
39,16,1.428736842,-5.624947368,-1.103157895
40,17,2.037125,-0.921625,-3.32125
41,12,-0.258541667,-5.310208333,-7.82625
42,9,3.206,-1.326933333,-11.22733333
43,2,-0.577545455,-1.909909091,-13.00454545
44,10,-0.785235294,-6.285647059,-15.58647059
45,6,1.557,-2.197857143,-18.56
46,13,-2.416363636,2.120227273,-16.85772727
47,10,2.757235294,4.216764706,-15.34647059
48,9,-2.173333333,2.816533333,-12.00733333
49,19,1.818761905,2.72947619,-8.513809524
50,17,-2.838875,-2.032125,-7.455625
51,16,-2.949157895,-0.738947368,-1.428421053
52,2,-2.906818182,-5.581727273,-2.159090909
53,17,-4.8545,-4.7928125,2.025
54,16,-5.198947368,-10.58405263,3.776842105
55,20,-9.549083333,-6.8755,7.023333333
56,8,-12.30983333,-11.70533333,6.134166667
57,6,-9.401714286,-14.08728571,4.182857143
58,16,-10.84426316,-12.14368421,-0.206315789
59,4,-6.430642857,-11.51814286,-1.046428571
60,12,-10.57966667,-7.628875,0.1825
61,11,-6.776294118,-6.609823529,-5.177647059
62,18,-8.22225,-1.80595,-2.2285
63,15,-7.281473684,0.266157895,-8.990526316
64,15,-3.470157895,3.701736842,-5.47
65,10,-7.991294118,6.174117647,-7.611176471
66,2,-4.484,9.657090909,-9.424545455
67,16,-8.131315789,12.92557895,-8.903157895
68,8,-6.603666667,16.37125,-7.004166667
69,7,-1.114642857,16.74928571,-8.076428571
70,16,-2.986842105,15.126,-3.864210526
71,19,-1.198714286,9.298714286,-5.726190476
72,12,-8.984958333,10.50095833,-3.059583333
73,16,-8.751368421,4.445894737,-2.531052632
74,9,-12.9556,6.554066667,0.514
75,6,-10.642,9.999,1.661428571
76,9,-7.7686,13.34693333,2.964666667
77,6,-4.966142857,12.61785714,-0.087142857
78,18,-1.23405,12.6482,1.8125
79,4,1.847357143,14.92235714,-1.89
80,2,3.402363636,10.80545455,-2.491818182
81,15,1.658052632,6.126894737,-3.440526316
82,4,4.920571429,6.977714286,0.22
83,16,3.555315789,11.21321053,2.187368421
84,16,-2.311736842,7.870789474,1.387368421
85,15,0.192947368,3.748947368,2.313157895
86,8,2.4195,6.871,6.424166667
87,11,-2.476,9.649117647,7.037647059
88,16,-4.414842105,5.114052632,5.47
89,16,0.189526316,2.472421053,8.544210526
90,2,-0.847636364,7.339,11.19454545
91,3,-4.903357143,8.531571429,11.07714286
92,10,-5.194176471,3.068,11.72117647
93,10,-8.405588235,6.922882353,8.193529412
94,4,-11.59228571,3.006928571,7.187142857
95,16,-8.255473684,1.018315789,2.440526316
96,3,-13.14457143,1.617571429,0.902857143
97,13,-19.07968182,2.891954545,3.639545455
98,13,-19.22277273,-2.0185,-0.051363636
99,2,-14.64727273,-3.279181818,2.948181818
100,6,-13.62828571,-1.447142857,6.204285714
101,17,-10.0185,-3.4190625,4.7675
102,17,-7.7396875,-0.8154375,8.735
103,16,-3.324157895,-0.109947368,5.805263158
104,11,-3.172352941,-3.353941176,11.03352941
105,12,4.199875,-5.497625,10.00916667
106,5,4.1338,-3.476,5.764
107,17,4.008625,-7.372,3.486875
108,4,8.881071429,-7.498071429,4.014285714
109,2,10.703,-7.640272727,-0.575454545
110,6,12.49028571,-9.870857143,1.628571429
111,4,15.46214286,-11.53471429,3.602857143
112,2,17.08163636,-9.749545455,-0.228181818
113,2,17.02245455,-5.497,0.278181818
114,6,15.829,-3.152,3.272857143