55,14,-7.104375,-16.570625,8.685
56,13,-10.88766667,-15.94055556,6.47
57,4,-9.538571429,-13.75757143,2.707142857
58,11,-9.3196,-9.3504,4.893
59,4,-14.01871429,-8.890428571,3.115714286
60,20,-10.86121429,-5.099285714,3.887142857
61,18,-8.211636364,-5.376727273,-1.126363636
62,18,-13.13109091,-4.956545455,-3.591818182
63,6,-8.527,-3.09125,-5.525
64,13,-7.532222222,-0.755444444,-10.17666667
65,15,-12.57475,-0.917875,-7.890625
66,4,-13.49571429,1.758142857,-10.38857143
67,12,-14.81227273,7.485636364,-6.798181818
68,5,-17.8846,4.277,-9.664
69,13,-18.06611111,-0.142222222,-10.22555556
70,5,-17.646,1.4814,-5.426
71,9,-20.15422222,5.095555556,-5.865555556
72,9,-22.42977778,-0.011777778,-8.868888889
73,14,-20.9604375,-2.70825,-4.38125
74,16,-21.210125,0.333625,-1.43875
75,2,-25.51616667,1.694,-3.423333333
76,13,-26.28844444,-2.836888889,-4.353333333
77,10,-24.73077778,-2.951666667,0.726666667
78,12,-30.29672727,-4.022454545,3.225454545
79,11,-26.7772,-2.5367,6.683
80,8,-25.102125,2.69,7.275
81,6,-20.5,1.1025,6.7925
82,5,-20.4464,-0.5896,4.256
83,18,-15.66545455,-1.475545455,4.492727273
84,16,-14.415875,-0.726125,-0.295
85,15,-9.962,-0.65275,0.81125
86,12,-10.75363636,2.581545455,-3.828181818
87,9,-5.637111111,-0.139333333,-5.465555556
88,2,-6.401833333,5.064666667,-6.573333333
89,9,-7.972555556,4.609222222,-10.93666667
90,2,-6.367333333,9.3635,-9.16
91,5,-3.6176,8.0854,-6.934
92,4,-1.364714286,6.126857143,-8.588571429
93,6,-0.376,4.079,-4.64
94,8,-2.4805,6.25225,-2.89
95,18,-4.367545455,2.241090909,-0.745454545
96,2,-9.228666667,4.6985,-1.21
97,16,-12.272375,4.181375,2.6325
98,2,-15.367,3.425666667,0.08
99,17,-18.27028571,4.204428571,3.197142857
100,13,-23.73633333,2.923611111,2.578333333
101,18,-24.48945455,7.701,5.606363636
102,6,-27.28625,6.072,2.92
103,7,-29.136625,7.7815,0.0275
104,8,-24.3230625,8.9989375,-0.018125
105,17,-20.87371429,6.618,-1.212857143
106,10,-18.87655556,8.975,2.633333333
107,11,-15.3643,8.254,-1.38
108,18,-12.93972727,8.803272727,3.633636364
109,13,-7.438333333,10.91822222,1.29
110,17,-5.412428571,6.120857143,2.844285714
111,16,-3.43575,9.769625,4.3825
112,12,1.193454545,6.335545455,3.779090909
113,8,3.675875,8.708625,7.8375
114,6,6.995,9.28725,6.46
115,5,7.143,6.0016,7.706
116,6,4.2005,4.4865,6.18
117,13,2.685444444,4.443666667,10.00111111
118,19,-1.067666667,2.790416667,6.116666667
119,18,-3.212727273,9.084545455,8.24
120,16,-8.31775,8.333625,7.755
121,20,-9.632214286,12.48557143,9.620714286
122,17,-4.826285714,11.79142857,13.83285714
123,17,-4.913714286,7.644285714,14.65285714
124,13,-0.191111111,6.805333333,12.84666667
125,18,-3.075772727,2.619590909,12.40863636
126,7,1.899625,-0.40625,11.32125
127,2,-1.834333333,-1.761,8.736666667
128,16,-4.492375,-0.993,5.31125
129,7,-5.848375,-4.91025,8.88875
130,9,-3.765555556,-2.255,12.23666667
131,16,-6.963875,1.9600625,9.4475
132,17,-10.03671429,-1.156,8.897142857
133,8,-9.926875,-3.30975,12.415
134,19,-9.325,3.021583333,15.31083333
135,11,-11.745,3.7061,11.787
136,12,-14.52763636,-2.612818182,12.08454545
137,2,-14.99333333,1.610333333,17.02
138,3,-13.52885714,5.122428571,15.65428571
139,2,-15.84583333,7.521833333,13.07
140,17,-14.75285714,7.310571429,9.23
141,2,-17.00716667,10.87766667,9.97
142,12,-13.84072727,15.01636364,11.62727273
143,7,-19.9225,15.222375,9.53375
144,10,-21.698,11.62322222,9.776666667
145,10,-20.96811111,8.500222222,14.51333333
146,15,-19.78825,6.347875,9.80875
147,18,-19.069,3.273181818,13.50818182
148,16,-16.002625,0.484125,9.155
149,12,-21.29918182,-3.319636364,8.857272727
150,8,-17.814375,-6.5395,6.91125
151,15,-19.4155,-6.37875,2.50625
152,9,-23.48088889,-8.250222222,4.015555556
153,10,-20.10277778,-11.25377778,0.366666667
154,17,-22.95071429,-11.95271429,-3.635714286
155,4,-23.77114286,-15.74585714,-1.675714286
156,10,-23.913,-16.971,-3.68