85,3,13.76414286,-25.85142857,7.79
86,16,10.02225,-26.410625,5.5225
87,18,13.357,-25.14781818,2.153636364
88,17,9.649142857,-22.04142857,-0.757142857
89,5,9.3936,-22.028,-4.524
90,16,11.62875,-18.620875,-5.3325
91,19,12.46858333,-18.90725,-9.188333333
92,8,7.81975,-21.603625,-12.0525
93,19,12.16675,-27.06916667,-12.60166667
94,9,9.095888889,-28.69433333,-16.02333333
95,5,10.8208,-31.53,-14.672
96,12,16.06263636,-32.34409091,-17.26272727
97,3,14.75157143,-35.92914286,-14.73428571
98,9,11.55088889,-40.16533333,-13.88888889
99,8,14.815625,-38.41925,-10
100,8,13.774875,-34.275875,-11.76375
101,16,9.934125,-32.666875,-8.69375
102,2,7.625166667,-30.40416667,-11.34333333
103,18,8.894363636,-26.674,-9.040909091
104,11,3.7925,-24.4761,-8.135
105,13,6.037666667,-19.11744444,-7.333333333
106,6,4.967,-21.73675,-3.6625
107,9,5.272666667,-26.23344444,-4.311111111
108,13,5.501555556,-25.38477778,0.802222222
109,18,9.392909091,-28.32972727,-1.574545455
110,10,10.14111111,-32.71466667,3
111,15,15.098,-31.202375,2.1825
112,16,14.875625,-35.9575,1.7625
113,7,19.826875,-35.502375,0.0625
114,2,21.58216667,-31.78433333,0.901666667
115,2,24.823,-34.10283333,-0.055
116,9,24.06977778,-35.08488889,-4.25
117,6,24.83925,-30.167,-4.0975
118,8,24.112875,-27.744625,-7.0475
119,20,20.38107143,-30.37621429,-9.197142857
120,20,19.06742857,-29.47085714,-2.175
121,9,15.91933333,-36.073,-2.826666667
122,5,12.5152,-33.6072,-2.4
123,12,7.604636364,-35.59554545,0.736363636
124,2,5.847,-32.08716667,-2.406666667
125,16,4.228375,-30.640125,1.17875
126,3,1.110857143,-30.20642857,-2.857142857
127,3,1.989,-34.01528571,-4.36
128,6,4.08975,-36.16875,-2.0875
129,9,6.054777778,-36.39755556,-6.208888889
130,3,9.859714286,-37.87471429,-4.294285714
131,6,12.5825,-35.5525,-6.0125
132,19,16.91333333,-35.14366667,-7.010833333
133,15,15.041375,-29.71275,-6.39375
134,4,16.91085714,-26.95485714,-8.271428571
135,2,19.31533333,-25.451,-4.661666667
136,7,19.18975,-22.35725,-7.15625
137,19,15.12941667,-22.65666667,-9.128333333
138,17,14.51385714,-23.18942857,-2.981428571
139,5,13.9764,-20.9,0.264
140,4,14.21785714,-20.90657143,3.602857143
141,17,9.516,-21.20485714,4.952857143
142,8,12.081,-18.4185,7.505
143,2,13.70166667,-16.629,4.756666667
144,15,14.213625,-12.26425,3.96625
145,10,15.516,-14.68088889,0.943333333
146,5,10.6108,-15.6718,0.5
147,9,8.258333333,-12.48577778,2.183333333
148,9,6.267222222,-11.64788889,-2.805555556
149,20,9.235285714,-7.827571429,1.501428571
150,19,14.607,-9.275916667,-0.325833333
151,18,12.86909091,-7.217636364,-4.952727273
152,6,18.0245,-7.93025,-3.06
153,13,21.891,-8.130777778,-4.816666667
154,16,17.532,-4.009125,-7.01375
155,6,18.86325,-0.927,-7.895
156,12,18.42509091,4.821454545,-6.271818182
157,13,18.92044444,4.049222222,-11.27777778
158,8,16.82425,-0.884125,-11.25375
159,5,13.6406,0.3294,-8.036
160,9,13.68744444,4.686444444,-8.757777778
161,12,13.63745455,1.323636364,-14.03454545
162,10,9.525444444,-1.879555556,-10.02333333
163,16,8.282,1.368,-7.49125
164,16,7.613125,5.129125,-10.7275
165,2,5.172833333,1.4805,-12.855
166,18,-0.029454545,3.049363636,-15.00363636
167,6,-0.6455,1.49275,-11.1125
168,7,2.18475,1.037125,-8.81875
169,4,-0.194428571,2.351142857,-5.538571429
170,12,0.744545455,7.53,-1.403636364
171,6,2.97725,2.59375,-0.8175
172,3,4.137857143,0.667,-3.435714286
173,18,6.654,-2.045272727,0.047272727
174,16,11.16375,-2.402375,-2.5175
175,15,13.2665,-4.35125,1.17125
176,12,17.35154545,-1.809545455,-2.000909091
177,9,21.37411111,-5.476444444,-0.463333333
178,2,22.90316667,-1.183833333,1.033333333
179,9,23.811,0.611666667,-3.407777778
180,3,26.20571429,2.488571429,0.93
181,3,26.44128571,0.464142857,4.29
182,13,28.91566667,-4.616,4.837777778
183,6,24.504,-4.85525,6.3475
184,5,22.2886,-2.807,5.326
185,19,19.04675,-4.562916667,4.641666667
186,2,17.06266667,-0.153666667,1.483333333
187,16,12.38575,0.9485,2.7325
188,2,12.02366667,1.518333333,-1.458333333
189,15,8.471625,3.965,-0.44875
190,12,4.736909091,5.227,-6.1
191,8,5.2515,9.170625,-2.02625
192,20,1.550428571,13.53942857,-4.184285714
193,8,5.51925,15.551375,-2.4775
194,8,2.98,19.46325,-3.54125
195,14,7.6105,20.20925,-3.86625
196,13,9.286888889,16.19488889,-5.025555556
197,6,5.483,14.622,-7.5725
198,8,5.179125,10.511375,-8.6325
199,11,8.3303,10.6566,-4.918
200,17,11.00242857,7.058571429,-4.79
201,13,10.77788889,8.556333333,-0.181111111
202,11,15.3229,5.3813,-1.378
203,19,13.18391667,5.871083333,4.334166667
204,13,19.89588889,3.106555556,5.82
205,15,17.07525,-0.7315,7.40125
206,12,19.81663636,2.145727273,10.17818182
207,13,21.20933333,-4.904666667,12.70333333
208,16,22.267,-3.42475,16.63375
209,8,26.0385,-6.361125,16.18
210,7,24.277625,-7.922375,19.78125
211,6,20.1775,-6.59425,17.7975
212,6,18.086,-4.897,15.825
213,19,16.96633333,-5.61725,11.745
214,19,18.12941667,0.807083333,13.76583333
215,15,14.50525,3.16425,10.45
216,3,16.24128571,7.255857143,11.92
217,3,12.71471429,6.988285714,14.65142857
218,12,17.37154545,5.411727273,18.06636364
219,5,12.7158,1.4828,16.528
220,10,15.03177778,-2.161333333,18.07777778
221,18,11.38818182,-3.765363636,14.83909091
222,9,14.58122222,-9.479888889,16.70111111
223,3,12.279,-9.336571429,12.22428571
224,16,13.0795,-7.212,8.1975
225,10,9.623444444,-10.20544444,8.655555556
226,10,8.672555556,-7.986111111,13.31444444
227,16,10.1595,-3.34825,10.14
228,17,7.088714286,-4.638571429,7.278571429
229,10,3.217444444,-5.971222222,10.03222222
230,11,5.1958,-1.0434,12.91
231,19,7.040333333,1.131083333,9.711666667
232,2,1.826833333,-1.638333333,7.368333333
233,9,-0.149,-1.257444444,11.39111111
234,12,0.693818182,2.806818182,12.61090909
235,5,3.7382,5.6984,9.184
236,5,5.5596,6.0706,12.11
237,6,7.65275,8.696,10.2425
238,16,7.88325,6.558625,7.3875
239,2,6.196166667,9.493666667,4.233333333
240,2,4.017166667,6.436333333,3.62
241,12,-0.142818182,2.652181818,5.255454545
242,16,4.101,0.10325,4.17875
243,17,0.330714286,-0.283285714,0.79
244,17,1.431,-2.623,-2.018571429
245,4,3.987857143,-5.359142857,-2.355714286