2,2,-4.12933333333,13.7465,8.855
3,8,-8.603875,14.499625,10.875
4,2,-9.06066666667,17.998,8.88333333333
5,13,-12.8283333333,16.9721111111,12.6122222222
6,9,-7.553,17.3742222222,14.4311111111
7,17,-7.294,21.4612857143,12.0157142857
8,4,-9.05971428571,24.6184285714,13.2557142857
9,2,-9.412,27.5871666667,9.965
10,16,-5.739375,29.92175,10.0625
11,4,-9.31685714286,32.0335714286,8.88857142857
12,18,-12.5366363636,29.958,13.3290909091
13,16,-8.21175,30.95225,14.30125
14,12,-6.79545454545,34.798,11.3563636364
15,11,-13.2126,36.2952,13.816
16,16,-11.1445,33.887625,18.07625
17,16,-7.364125,36.5285,17.84875
18,9,-11.0168888889,40.2203333333,16.1522222222
19,9,-13.1481111111,38.7904444444,20.59
20,16,-8.424375,38.209875,22.665
21,8,-7.12125,41.731875,25.77
22,2,-3.37016666667,43.0655,25.15
23,11,-3.3267,40.2257,29.905
24,9,-6.46911111111,37.9181111111,26.6555555556
25,8,-2.7695,38.750875,23.20375
26,2,0.6335,37.9346666667,26.6983333333
27,16,-1.522,35.126875,28.67375
28,16,-2.129625,33.09225,24.19375
29,16,2.45975,34.97125,22.9975
30,18,3.89190909091,32.0559090909,28.6954545455
31,16,0.65375,29.316625,26.55125
32,1,3.184,29.5923333333,22.4633333333
33,11,8.2622,30.7523,24.83
34,8,8.202375,26.303625,24.22125
35,5,6.4044,26.2374,19.864
36,5,6.568,29.8566,19.036
37,4,10.0245714286,30.3487142857,18.4442857143
38,6,10.075,34.80125,18.19
39,1,6.85633333333,35.073,18.1316666667
40,3,5.91028571429,39.2917142857,18.5585714286
41,3,2.31828571429,38.4587142857,17.0442857143
42,17,-1.12071428571,35.9372857143,18.4914285714
43,3,-0.923142857143,36.0044285714,14.09
44,10,3.83966666667,35.6631111111,14.3966666667
45,5,1.8986,31.8354,16.926
46,16,-1.769,30.904875,15.7125
47,1,0.997333333333,30.6135,11.9383333333
48,2,3.9335,28.3123333333,14.08
49,16,1.10825,26.300625,16.29875
50,2,-0.3855,25.7785,11.8666666667
51,10,3.90244444444,26.0775555556,10.2811111111
52,10,4.43177777778,22.8307777778,14.2477777778
53,12,-1.515,18.8330909091,12.5590909091
54,13,1.63688888889,21.9292222222,17.4188888889
55,16,-3.504,25.095375,15.825
56,3,-5.52957142857,21.339,17.6971428571
57,16,-10.18925,21.595,19.00875
58,5,-7.5884,20.998,21.872
59,5,-5.4034,23.7458,21.764
60,16,-7.609625,26.48225,20.35125
61,17,-10.3504285714,24.4128571429,23.9685714286
62,9,-6.25811111111,23.5552222222,26.5433333333
63,14,-5.48775,28.378125,24.36125
64,16,-10.288125,29.71825,25.15125
65,19,-10.4510833333,26.2475833333,31.0991666667
66,17,-6.33371428571,29.1092857143,30.5557142857
67,16,-7.79525,32.94825,28.71875
68,10,-11.3578888889,31.4944444444,32.4566666667
69,12,-12.9900909091,34.4354545455,26.9327272727
70,14,-15.945125,29.9425,29.425
71,8,-17.335625,33.619375,25.93375
72,16,-15.0825,32.52475,23.11375
73,16,-15.37225,27.686625,24.86375
74,13,-20.5585555556,29.0792222222,24.9955555556
75,2,-19.3695,30.8278333333,20.3966666667
76,12,-16.3260909091,31.0907272727,18.2618181818
77,18,-15.0317272727,25.6674545455,19.7509090909
78,6,-20.044,24.35475,22.0375
79,16,-17.619125,23.383625,24.41625
80,2,-19.1876666667,23.4938333333,28.4516666667
81,13,-16.265,24.6123333333,32.7688888889
82,9,-18.0,21.0452222222,32.3522222222
83,6,-16.115,20.07575,27.9325
84,5,-13.3592,21.8324,28.068
85,9,-12.8883333333,20.7538888889,32.2188888889
86,10,-13.1943333333,16.065,29.2833333333
87,16,-10.187625,18.58075,25.70625
88,16,-7.71125,20.02575,29.9575
89,6,-3.9885,17.516,28.2125
90,3,-5.19185714286,16.7292857143,24.9114285714
91,2,-2.22416666667,19.618,23.745
92,18,1.05372727273,22.6277272727,22.4936363636
93,16,-0.521125,23.324,25.8475
94,3,2.73542857143,22.5734285714,29.1328571429
95,12,0.101454545455,22.2581818182,34.8836363636
96,19,5.99475,25.8426666667,33.2733333333
97,12,4.72854545455,27.6537272727,29.8654545455
98,13,-1.51622222222,25.2242222222,31.3511111111
99,16,0.463,26.57625,36.715
100,14,2.86275,29.708875,35.645
101,17,-1.244,31.7088571429,33.2128571429
102,1,-3.374,30.3995,36.3633333333
103,17,-0.468142857143,31.7082857143,39.3728571429
104,6,-1.13825,35.25325,37.74
105,9,-4.59877777778,35.844,36.3733333333
106,9,-5.11577777778,33.9301111111,41.4611111111
107,16,-1.081125,37.353125,41.67
108,8,-2.37675,41.5375,43.58125
109,2,-0.604833333333,44.5651666667,41.345
110,2,1.07933333333,44.387,45.3166666667
111,9,0.618222222222,39.9461111111,45.2866666667
112,16,3.420875,41.285,40.3725
113,12,5.34681818182,45.3149090909,44.2072727273
114,5,6.8692,41.9324,45.336
115,16,6.98325,38.58325,43.19625
116,12,7.97118181818,43.0639090909,39.7481818182
117,16,11.0525,43.82625,44.15125
118,18,10.7781818182,39.2433636364,46.4390909091
119,5,13.8658,38.834,41.678
120,1,15.7058333333,41.9628333333,41.38
121,7,16.730875,41.51925,45.59875
122,16,17.44025,36.6555,44.165
123,7,19.550375,38.363375,39.6125
124,4,20.6265714286,42.091,40.1385714286
125,2,20.5918333333,41.1911666667,36.2433333333
126,16,16.3415,40.200875,36.46875
127,2,16.5586666667,45.1371666667,36.3466666667
128,3,17.2124285714,45.0575714286,32.5685714286
129,5,13.736,42.5658,32.33
130,16,11.68225,43.24325,35.17625
131,2,8.87233333333,46.9056666667,34.715
132,9,6.46066666667,49.7312222222,37.5855555556
133,2,4.77666666667,46.9196666667,33.1666666667
134,2,6.02866666667,43.5156666667,34.1833333333
135,12,2.13527272727,41.3408181818,31.5454545455
136,18,3.66618181818,35.8241818182,36.8772727273
137,17,4.014,35.8781428571,32.0742857143
138,9,6.41077777778,39.5462222222,31.1733333333
139,16,8.62175,37.405375,36.3975
140,17,8.23714285714,33.4524285714,34.3714285714
141,16,9.795125,34.44175,30.38125
142,5,13.028,36.4052,33.194
143,16,13.089125,33.947375,36.3475
144,9,12.512,30.7597777778,31.8722222222
145,7,15.669375,33.93175,30.0375
146,17,18.6095714286,33.79,34.0842857143
147,6,17.992,29.88375,35.1575
148,16,16.459125,31.2315,38.43875
149,17,12.937,29.0207142857,36.3542857143
150,2,12.4161666667,25.3086666667,34.5216666667
151,4,9.97728571429,23.3728571429,32.8771428571
152,2,11.8388333333,20.8883333333,35.705
153,2,12.7223333333,24.1485,38.35
154,17,9.39371428571,25.9764285714,40.0171428571
155,2,11.8635,26.3233333333,43.6433333333
156,17,12.9024285714,30.1207142857,42.8928571429
157,16,8.642,31.168375,41.505
158,5,7.8758,28.8976,45.448
159,8,10.894,29.958125,47.53
160,14,9.329,34.281375,45.15375
161,16,4.85375,32.59225,46.0575
162,12,7.40345454545,29.8510909091,50.8481818182
163,3,8.22085714286,35.3282857143,51.0157142857
164,16,3.893,37.007125,49.18625
165,12,2.641,36.289,53.7009090909
166,12,-0.584727272727,33.6809090909,48.0672727273
167,16,1.4745,29.358125,51.66125
168,8,-1.958625,29.330375,47.9375
169,16,0.057625,30.215125,44.9125
170,1,3.78566666667,27.5238333333,47.02
171,10,0.623444444444,23.7177777778,47.8733333333
172,10,-0.494222222222,25.4987777778,43.0066666667
173,16,4.530875,25.88225,42.1225
174,17,5.73185714286,22.2292857143,45.3885714286
175,9,1.70222222222,19.9464444444,44.55
176,19,4.80508333333,21.1421666667,38.075
177,9,9.03955555556,20.5435555556,41.1111111111
178,10,7.47122222222,16.7374444444,43.49
179,10,3.03311111111,16.2284444444,39.8233333333
180,9,7.62877777778,16.7154444444,35.8688888889
181,10,10.6271111111,14.482,40.2711111111
182,5,7.4964,11.4698,38.928
183,12,4.45409090909,12.8101818182,35.5363636364
184,19,12.58175,12.0329166667,34.165
185,12,12.9165454545,10.6338181818,38.9881818182
186,19,9.43008333333,6.60008333333,39.0291666667
187,1,7.00666666667,7.712,33.32
188,16,10.705625,7.56,31.215
194,11,3.2321,17.4187,33.025
195,11,0.617272727273,17.7812727273,28.7090909091
