85,12,1.997818182,1.148181818,-11.87
86,15,-2.907125,0.520875,-14.3725
87,15,-2.554875,5.18,-13.00375
88,17,-6.930857143,5.526,-12.46428571
89,17,-8.755571429,9.609142857,-12.43142857
90,5,-11.59,10.5666,-10.284
91,16,-14.414875,11.144875,-13.10875
92,19,-17.87591667,11.56,-11.325
93,8,-17.1145,13.179,-5.42625
94,19,-17.83791667,6.541083333,-3.668333333
95,9,-18.40144444,8.750222222,0.688888889
96,5,-18.2784,4.8258,1.342
97,15,-21.733125,2.37075,1.06125
98,11,-20.3527,-1.0186,0.811
99,11,-17.8561,-3.6658,4.806
100,9,-13.55511111,-4.404444444,1.847777778
101,8,-15.776875,0.755125,-0.0525
102,16,-11.962625,3.1315,-1.31125
103,2,-13.42616667,7.101333333,-0.115
104,18,-13.21672727,8.291454545,-4.664545455
105,10,-12.82444444,14.06166667,-3.407777778
106,13,-13.42388889,15.53988889,-9.048888889
107,6,-8.85525,13.61875,-8.77
108,8,-8.37575,11.370375,-6.02625
109,10,-4.437666667,9.821777778,-9.044444444
110,14,-6.55175,5.1535,-7.76
111,17,-3.018,1.702857143,-8.43
112,17,-5.547142857,-0.895714286,-10.94428571
113,16,-4.632,-3.769125,-7.47
114,9,-8.147777778,-7.015333333,-8.665555556
115,9,-9.646333333,-5.459555556,-13.87777778
116,2,-13.75183333,-7.266833333,-10.515
117,6,-15.7255,-5.2075,-13.125
118,9,-19.73855556,-3.409444444,-11.90888889
119,20,-17.45871429,-2.323,-7.092142857
120,20,-11.75864286,-1.804714286,-11.56285714
121,13,-8.413888889,-4.260111111,-5.081111111
122,5,-7.6108,0.0704,-5.502
123,12,-2.502272727,1.058090909,-3.888181818
124,2,-5.212,5.521333333,-2.928333333
125,16,-2.10775,7.63725,-4.73875
126,5,-4.1962,10.0604,-1.11
127,3,-5.280428571,7.450571429,1.362857143
128,12,-0.843454545,4.860090909,-0.212727273
129,13,-6.765555556,3.773555556,2.26
130,9,-5.072444444,-1.612555556,-0.446666667
131,6,-9.7845,-1.2165,-2.225
132,19,-12.84133333,-3.69575,-3.6525
133,15,-13.0575,1.32375,-6.99625
134,4,-16.43128571,2.412428571,-8.645714286
135,2,-15.278,0.953166667,-12.83833333
136,7,-18.498375,3.386625,-13.21125
137,19,-17.90916667,6.762,-10.10583333
138,17,-12.50671429,5.695428571,-12.85857143
139,5,-10.2878,6.6762,-15.986
140,12,-6.475636364,3.796,-18.50363636
141,17,-4.296428571,8.960285714,-16.62857143
142,8,-4.193375,12.3875,-19.33
143,2,-8.204166667,10.11316667,-21.13333333
144,16,-10.5265,12.398625,-24.0325
145,9,-12.897,9.339333333,-20.37222222
146,3,-10.408,13.14942857,-18.07857143
147,9,-10.86944444,16.34022222,-20.47888889
148,9,-14.99422222,18.35455556,-17.60222222
149,20,-13.74757143,18.57464286,-23.50071429
150,18,-15.10745455,13.10590909,-24.39090909
151,18,-19.75354545,13.52581818,-22.72545455
152,13,-17.25666667,6.862444444,-23.74222222
153,6,-20.96625,6.4675,-25.4475
154,15,-23.20425,9.263625,-25.895
155,2,-26.00033333,9.0895,-28.74666667
156,12,-27.77854545,12.31918182,-33.10727273
157,13,-31.501,11.90222222,-29.41777778
158,8,-28.4385,10.406625,-25.6875
159,5,-26.5086,14.5462,-26.772
160,9,-30.823,16.08155556,-28.57555556
161,12,-32.38236364,12.81372727,-25.04181818
162,10,-27.19777778,15.017,-21.52444444
163,16,-27.11525,19.565,-24.3525
164,16,-32.068125,20.077125,-24.49625
165,5,-31.182,19.709,-19.94
166,4,-32.107,21.00314286,-16.96714286
167,6,-28.36025,23.71925,-16.74
168,7,-27.424875,23.297375,-19.82125
169,14,-26.25775,27.827,-21.315
170,16,-27.027125,29.542,-25.4175
171,6,-23.06975,26.918,-25.805
172,2,-23.81766667,24.35083333,-24.035
173,18,-19.28972727,22.32018182,-25.17727273
174,14,-20.907625,17.41675,-25.90375
175,15,-16.399375,16.406625,-27.6
176,12,-20.51118182,12.96345455,-29.79363636
177,8,-17.422125,8.737,-29.5375
178,2,-18.88366667,9.509833333,-34.09833333
179,9,-23.63677778,7.176222222,-33.69
180,3,-21.75514286,7.635142857,-37.82
181,3,-17.64357143,8.448857143,-38.25142857
182,13,-17.50844444,4.590111111,-35.08222222
183,6,-13.1845,6.53925,-34.385
184,2,-14.19516667,9.448,-34.92666667
185,19,-13.47191667,11.74308333,-31.66833333
186,2,-18.6205,14.52483333,-32.855
187,16,-19.092625,19.293,-31.52
188,2,-22.66816667,18.5815,-29.72166667
189,17,-23.50585714,22.89514286,-29.96571429
190,12,-28.27336364,24.40754545,-25.70545455
191,8,-28.57675,26.926375,-31.0075
192,19,-33.12391667,29.95358333,-29.1275
193,8,-34.462875,28.7225,-33.72625
194,4,-36.568,31.61085714,-33.39
195,12,-37.152,27.76481818,-36.68636364
196,10,-37.81922222,24.96755556,-33.36777778
197,6,-35.768,27.17625,-29.9525
198,8,-33.440625,25.578375,-27.15125
199,3,-31.74314286,23.34971429,-30.77142857
200,17,-28.75442857,20.26114286,-30.49714286
201,13,-27.20322222,22.56822222,-34.31333333
202,11,-25.2001,17.6179,-33.969
203,19,-21.21516667,21.23791667,-35.82916667
204,13,-18.90755556,15.03122222,-38.35888889
205,15,-14.366375,16.555625,-35.715
206,12,-13.26554545,15.28554545,-40.57818182
212,6,-5.4985,15.646,-36.3775
213,18,-8.252090909,16.25318182,-34.62181818
214,19,-10.6305,19.50908333,-40.30416667
215,15,-14.56175,21.453875,-38.41625
216,2,-12.76083333,24.2455,-41.44
217,4,-10.08514286,23.71628571,-43.73857143
218,12,-11.44581818,28.49145455,-42.15363636
219,2,-9.216666667,26.02566667,-38.675
220,3,-5.518,23.67985714,-37.98857143
221,18,-7.230454545,23.19754545,-34.37363636
222,2,-2.9615,19.46466667,-32.50166667
223,3,-5.326428571,18.68385714,-29.91142857
224,16,-9.668375,18.027125,-29.0725
225,10,-8.602111111,21.93944444,-25.03111111
226,9,-5.949888889,23.96188889,-29.80555556
227,16,-10.706,22.469625,-31.27625
228,17,-12.35185714,23.80714286,-27.48857143
229,8,-9.757375,26.853,-26.40375
230,11,-10.8258,28.897,-32.218
231,19,-14.46291667,26.79391667,-32.69416667
232,13,-14.55233333,28.84777778,-25.74
233,13,-11.662,32.76744444,-29.09
234,6,-16.00225,32.578,-31.3275
235,7,-19.031625,32.00925,-34.12
236,8,-14.792875,29.998,-36.95625
237,6,-19.20775,29.0875,-38.15
238,16,-20.054125,27.36425,-35.15625
239,1,-24.48083333,28.183,-34.31666667
240,10,-23.72288889,30.07944444,-30.74777778
241,13,-19.15522222,31.43411111,-28.06555556
242,16,-18.015,27.043625,-27.4075
243,2,-19.74866667,27.97216667,-23.045
244,17,-20.12757143,25.45785714,-20.56428571
245,4,-18.99185714,22.10085714,-20.62857143
246,1,-22.61633333,19.18433333,-20.61
247,14,-24.2315,20.053,-16.75625
248,2,-22.5745,15.89016667,-15.53333333
249,2,-24.47816667,13.40066667,-13.08666667
250,13,-22.35744444,11.799,-9.418888889
251,4,-22.998,7.719428571,-12.07142857
252,10,-26.813,3.992111111,-10.20555556
253,13,-24.24744444,4.132111111,-6.722222222
254,4,-22.25771429,0.112571429,-8.395714286
255,20,-26.41892857,-4.066714286,-5.668571429
256,9,-23.12633333,-5.341555556,-2.63
257,13,-18.77922222,-8.226333333,-5.401111111
258,8,-20.573375,-11.234625,-4.62375
259,5,-25.3796,-9.567,-4.162
260,20,-29.01614286,-11.91271429,-8.295
261,9,-28.68744444,-14.96322222,-3.924444444
262,15,-30.196125,-10.67975,-0.70875
263,4,-30.56885714,-11.50985714,3.017142857
264,12,-36.57918182,-11.46863636,3.282727273
265,9,-32.43422222,-10.22977778,6.916666667
266,2,-31.08766667,-6.6565,3.763333333
267,16,-34.45525,-5.546625,2.72875
268,13,-35.44188889,-1.655222222,6.395555556
269,16,-40.04525,-3.17925,2.85875
270,9,-39.36422222,2.276666667,4.146666667
271,13,-44.24544444,3.627888889,1.531111111
272,13,-47.95433333,-0.545888889,0.165555556
273,16,-45.436375,2.1055,-3.88375
274,6,-48.3595,-1.23925,-4.765
275,5,-51.0128,-3.6744,-5.302
276,6,-52.1135,-6.9555,-6.66
277,10,-54.09033333,-10.965,-9.143333333
278,18,-50.14727273,-11.79172727,-9.720909091
279,6,-48.49075,-8.3555,-5.575
280,9,-47.23866667,-6.147444444,-2.386666667
281,17,-44.50314286,-2.553428571,-5.36
282,20,-43.833,-2.541857143,0.107857143
283,14,-39.83975,2.242125,-0.74125
284,5,-36.7404,0.1346,0.078
285,3,-33.62042857,0.365571429,2.421428571
286,19,-29.00983333,-3.690916667,0.545
287,7,-28.031375,-2.822125,4.25
288,13,-27.73333333,2.386777778,5.722222222
289,11,-26.453,2.2782,1.74
290,3,-29.24128571,1.598,-0.968571429
291,13,-34.05033333,4.505,-2.235555556
292,17,-34.49728571,-0.226142857,-3.247142857
293,5,-37.6562,-1.4098,-5.292
294,17,-39.33185714,-4.600857143,-3.415714286
295,13,-42.43177778,-7.044111111,-7.494444444
296,3,-43.75485714,-8.859,-3.245714286
297,14,-43.686375,-12.15075,-6.33375
298,13,-48.05655556,-12.73522222,-3.481111111
299,4,-47.12442857,-17.52185714,-3.151428571
300,6,-47.12475,-20.3755,-6.575
301,2,-47.349,-22.56883333,-9.673333333
302,14,-45.72225,-19.5195,-10.7325
303,2,-41.42366667,-20.80866667,-10.97333333
304,17,-41.44485714,-22.72071429,-6.887142857
305,9,-37.45344444,-25.05022222,-7.028888889
306,5,-37.6636,-21.9952,-11.616
307,18,-38.36509091,-16.67963636,-10.49636364
308,16,-33.13875,-18.010625,-9.84125
309,5,-33.7076,-19.406,-13.826
310,9,-36.83044444,-16.84966667,-16.38
311,5,-34.2954,-14.412,-13.38
312,7,-30.1005,-15.5755,-13.885
313,17,-32.04671429,-14.58928571,-18.29857143
314,14,-34.172625,-11.34575,-17.0775
315,13,-29.02922222,-9.464666667,-14.26
316,3,-28.21185714,-11.13357143,-18.98428571
317,16,-31.402125,-9.027,-20.82875
318,10,-28.21877778,-5.200666667,-18.10444444
319,11,-30.8624,-1.1191,-22.313
320,8,-30.13,2.99775,-20.0975
321,13,-33.88344444,2.978555556,-21.66555556
322,16,-34.637125,-1.980875,-19.50125
323,17,-35.89142857,-1.984142857,-14.83428571
324,13,-30.655,-2.422888889,-13.04777778
325,16,-32.991625,-6.590125,-12.0925
326,11,-30.0489,-4.0763,-8.443
327,5,-31.6058,-8.5092,-6.218
328,17,-33.07214286,-12.16871429,-5.465714286
329,17,-35.21142857,-13.06314286,-1.858571429
330,3,-34.34571429,-17.36185714,-2.587142857
331,13,-36.64344444,-17.98755556,1.715555556
332,9,-41.752,-18.76488889,-1.132222222
333,4,-42.06171429,-14.709,-0.19
334,15,-39.668875,-14.47225,-4.3125
335,19,-39.26175,-10.208,-1.32
336,15,-37.656,-8.85525,-7.20875
337,15,-34.2645,-6.0495,-5.4525
338,3,-35.58428571,-2.933571429,-8.578571429
339,9,-33.78933333,0.76,-10.76777778
340,18,-37.04436364,4.372090909,-6.481818182
341,14,-37.84725,4.671625,-11.1275
342,5,-38.9314,8.554,-8.58
343,13,-41.27411111,11.17266667,-11.16666667
344,6,-43.14775,6.28125,-11.33
345,2,-45.97316667,5.241,-13.47166667
346,16,-45.76025,7.03925,-17.965
347,16,-50.55,5.882,-16.17875
348,8,-49.6155,7.366375,-12.39
349,18,-45.60345455,11.77690909,-15.11181818
350,16,-48.971875,11.23025,-18.24875
351,13,-53.16188889,10.49,-15.01333333
352,2,-49.70683333,14.49433333,-13.00666667
353,8,-50.313375,18.67875,-12.2225
354,9,-44.79755556,17.368,-13.59555556
355,6,-47.50975,15.97875,-16.825
356,2,-50.23183333,17.85266667,-17.69
357,13,-46.99133333,21.44855556,-16.75777778
358,10,-44.62544444,17.61888889,-19.84777778
359,4,-44.68785714,19.23571429,-23.83142857
360,16,-46.115625,16.73725,-28.205
361,4,-42.09728571,17.49442857,-28.13142857
362,13,-40.48855556,15.92422222,-23.12111111
363,16,-44.975,13.18975,-24.9625
364,15,-42.42825,12.09475,-29.22375
365,8,-38.25025,11.92325,-25.9525
366,18,-41.36872727,10.40136364,-22.66090909
367,2,-41.99816667,7.224166667,-27.23333333
368,5,-38.128,6.9812,-28.236
369,10,-36.89366667,6.895888889,-24.06444444
370,15,-40.512125,3.0805,-24.71
371,5,-38.5534,2.2026,-28.622
372,9,-33.87777778,2.826333333,-27.09555556
373,6,-36.053,-0.9315,-25.6075
374,14,-39.181125,-2.739125,-27.0975
375,5,-35.2716,-2.5212,-29.888
376,18,-32.06609091,-4.870090909,-26.16727273
377,15,-36.607625,-6.83425,-26.17625
378,9,-36.75055556,-6.455444444,-31.85666667
379,10,-31.37555556,-7.478888889,-31.66222222
380,12,-30.78845455,-9.719181818,-26.95727273
381,7,-34.973625,-12.468625,-30.90875
382,19,-35.73791667,-12.82108333,-25.78166667
383,15,-41.434375,-11.171875,-26.0025
384,11,-42.8728,-6.799,-22.163
385,12,-46.47545455,-12.05272727,-23.28818182
386,8,-47.963875,-6.174375,-20.74
387,16,-46.26875,-2.74725,-23.9125
388,12,-49.60781818,-1.873545455,-19.41090909
389,5,-48.104,3.0556,-19.04
390,5,-48.3394,0.7508,-16.218
391,7,-45.736375,-1.736125,-17.35875
392,15,-43.4355,2.56325,-18.54875
393,16,-41.13825,3.101375,-14.5375
394,17,-40.46057143,7.935285714,-14.73142857
395,2,-36.74666667,9.111333333,-13.75666667
396,5,-36.0908,12.1658,-11.82
397,2,-34.2645,12.54633333,-14.965
398,16,-38.144,12.984125,-16.90375
399,17,-35.67314286,8.554714286,-17.96285714
400,1,-38.55183333,6.272666667,-19.83333333
401,13,-36.28266667,2.902666667,-17.44222222
402,15,-39.191875,-1.18075,-19.97
403,5,-41.5268,-2.8304,-16.784
404,8,-42.202625,-6.073375,-15.35
405,18,-38.47681818,-8.125909091,-19.67818182
406,6,-40.1795,-11.46425,-17.9375
407,16,-43.534,-11.041625,-15.32
408,5,-45.562,-13.0294,-18.464
409,12,-43.4032,-16.071,-18.53
410,17,-43.43014286,-16.20285714,-14.62857143
411,15,-47.6766,-16.1966,-15.27
425,4,-56.06414286,-7.369714286,-19.66428571
426,15,-57.573125,-7.282625,-23.59375
427,13,-58.48688889,-2.143111111,-23.91888889
428,20,-53.45064286,-1.586857143,-23.21928571
429,3,-53.92314286,-7.110285714,-26.65571429
430,5,-53.4086,-8.0546,-30.226
431,4,-55.84928571,-9.307714286,-32.40142857
432,9,-52.48488889,-11.70955556,-32.99555556
433,5,-53.419,-12.9242,-28.766
434,15,-57.21725,-11.727125,-27.93
435,7,-58.0155,-14.695375,-30.73375
436,18,-55.34272727,-17.74254545,-33.09727273
437,6,-52.20675,-16.74425,-28.3775
438,2,-50.11016667,-15.4105,-30.78166667
439,18,-48.41436364,-13.53790909,-27.12636364
440,3,-45.036,-11.90142857,-31.58571429
441,15,-41.963125,-8.529625,-31.41
442,13,-44.56544444,-7.581111111,-34.87
443,2,-47.721,-8.174666667,-30.18833333
444,8,-45.271125,-6.054125,-28.2825
445,17,-45.86528571,-3.254714286,-32.40428571
446,20,-52.27821429,-3.597285714,-31.84357143
447,2,-49.06366667,-2.608,-27.60333333
448,18,-45.27454545,1.567272727,-29.05636364
449,6,-49.7245,2.155,-30.2825
450,15,-52.346625,1.23525,-27.8
451,16,-48.144,3.213125,-25.14625
452,16,-48.093625,6.254,-28.9925
453,14,-53.26625,7.0845,-28.285
454,9,-51.75111111,5.436111111,-22.95555556
455,15,-48.28225,8.947125,-24.3325
456,17,-50.96357143,11.743,-27.01
457,3,-54.28542857,10.85314286,-24.36285714
458,19,-51.37325,13.9395,-21.4225
459,6,-53.84575,8.21075,-19.9025
460,12,-57.77827273,8.248090909,-23.57727273
461,15,-58.95075,4.818,-20.93625
462,4,-57.77814286,2.634714286,-24.11
463,19,-60.31133333,1.34225,-27.4075
464,4,-63.13085714,5.858,-24.57142857
465,6,-66.76125,4.0715,-23.32
466,14,-65.53025,1.040875,-25.93875
467,2,-66.3955,-2.424333333,-23.32666667
468,7,-63.322375,-5.096125,-22.9825
469,4,-66.73885714,-6.763142857,-25.16428571
470,9,-68.459,-2.808555556,-26.38222222
471,17,-63.413,-3.398857143,-28.65142857
472,15,-63.12825,-7.76775,-29.3325
473,12,-68.073,-7.127909091,-30.72545455
474,5,-64.3926,-3.7038,-33.832
475,16,-60.58575,-5.0135,-33.5775
476,9,-62.68744444,-8.634222222,-36.8
477,12,-66.16163636,-3.208818182,-37.42727273
478,6,-61.8055,-1.984,-38.4275
479,19,-62.90741667,1.51625,-34.34833333
480,12,-58.34063636,0.267454545,-36.00363636
481,14,-58.244875,4.547375,-31.32125
482,4,-59.65014286,8.139,-33.04714286
483,12,-56.21190909,13.01090909,-35.28909091
484,4,-56.38828571,13.294,-31.3
485,9,-57.99977778,18.29611111,-31.39777778
486,7,-53.46225,16.6025,-29.23125
487,1,-52.13066667,14.1215,-32.72833333
488,4,-49.40271429,14.41971429,-34.64571429
489,9,-50.96044444,14.679,-38.89555556
490,9,-47.28422222,13.09222222,-39.18888889
491,16,-47.81,10.150375,-34.3025
492,19,-53.64558333,8.052833333,-36.36416667
493,7,-49.362,7.321625,-40.02875
494,15,-46.68125,5.595375,-36.46
495,14,-50.638125,4.954,-33.875
496,14,-52.936125,2.98975,-38.105
497,12,-46.87427273,1.501909091,-40.26636364
498,1,-48.80533333,-0.5805,-35.145
499,20,-53.23514286,0.5485,-34.08642857
500,13,-51.79111111,-2.771888889,-40.14888889
501,7,-55.215375,-6.682,-39.31625
502,12,-51.74209091,-9.318272727,-42.98363636
503,4,-48.74514286,-9.220428571,-38.01142857
504,9,-46.98,-10.00088889,-41.28
505,9,-46.65911111,-5.700444444,-43.42111111
506,12,-47.90945455,-5.222363636,-37.11181818
507,4,-43.61014286,-1.771571429,-37.85
508,3,-39.38542857,-2.591428571,-36.75142857
509,18,-40.05872727,-1.995545455,-31.76454545
510,9,-34.554,-1.024222222,-36.1
511,19,-39.14183333,2.616666667,-39.1425
512,15,-40.797,2.639625,-34.34625
513,10,-35.63866667,4.049,-32.16888889
514,2,-35.80483333,5.895333333,-36.25666667
515,17,-39.27885714,7.611857143,-36.96428571
516,16,-40.060125,8.466,-32.7425
517,8,-35.096875,9.42175,-32.26125
518,8,-34.806875,11.891625,-36.07625
519,18,-41.35527273,13.31436364,-35.54545455
520,19,-40.13241667,17.36233333,-34.23083333
521,3,-34.85085714,16.09785714,-37.67714286
522,5,-34.314,16.2652,-41.436
523,3,-32.12757143,13.12385714,-42.95285714
524,9,-29.69566667,17.55633333,-44.93222222
525,2,-30.72183333,18.44016667,-40.89166667
526,10,-28.93922222,14.273,-39.02111111
528,9,-24.75322222,21.41955556,-39.61444444
529,9,-23.126,21.49511111,-44.87666667
530,15,-18.796375,23.990375,-42.455
531,4,-17.23875,25.717625,-45.7475