1,14,-41.43625,193.821625,-7.58875
2,3,-41.7002857143,198.627285714,-5.14714285714
3,17,-42.0844285714,196.922285714,-1.27857142857
4,13,-39.5477777778,193.264333333,-2.44444444444
5,16,-36.019125,197.263625,-4.795
6,8,-33.70175,198.972625,-1.73
7,18,-35.5751818182,202.104,-5.62090909091
8,9,-32.6056666667,203.904333333,-0.25
9,9,-29.0477777778,201.688,-0.644444444444
10,1,-29.1086666667,201.62,-6.39333333333
11,16,-26.343875,204.7965,-6.85625
12,13,-24.8772222222,202.949777778,-1.15111111111
13,8,-23.143625,198.36275,-3.7325
14,2,-25.3946666667,197.643833333,-0.07
15,4,-24.8992857143,194.335,1.38714285714
16,12,-30.6110909091,197.420181818,2.00181818182
17,18,-28.9278181818,197.055909091,-4.09727272727
18,12,-24.8627272727,193.191181818,-4.12
19,5,-30.279,191.3428,-1.336
20,2,-32.731,193.555166667,-3.34
21,15,-30.541875,192.4115,-6.67625
22,9,-30.8017777778,187.656444444,-4.33777777778
23,16,-35.51675,189.292,-2.6375
24,17,-36.8272857143,191.101714286,-6.77714285714
25,9,-34.5192222222,187.509444444,-9.72777777778
26,5,-38.0344,185.3488,-6.998
27,9,-41.9863333333,188.127444444,-7.44444444444
28,17,-39.3382857143,187.466428571,-11.7871428571
29,2,-39.1071666667,183.2625,-11.55
30,9,-43.1598888889,182.276222222,-9.04
31,16,-44.692625,186.1955,-12.69125
32,9,-41.3071111111,183.008777778,-16.0577777778
33,3,-43.9255714286,179.493142857,-13.7185714286
34,12,-47.4454545455,181.820454545,-10.6281818182
35,16,-47.220375,183.686625,-17.02125
36,9,-45.4251111111,178.180111111,-18.4355555556
37,13,-49.8408888889,176.253333333,-15.07
38,16,-52.4805,180.614625,-17.54375
39,16,-49.90175,179.354625,-21.7125
40,13,-49.2225555556,174.515111111,-19.9933333333
41,16,-54.363875,175.526,-17.93125
42,6,-55.56725,176.96425,-22.175
43,3,-54.2162857143,174.504285714,-24.5214285714
44,6,-57.0385,172.56125,-22.28
45,16,-60.080875,175.496,-21.72375
46,16,-58.766125,175.577125,-26.15875
47,9,-58.0518888889,169.564,-25.7111111111
48,2,-62.2968333333,170.298833333,-23.4016666667
49,6,-64.22075,172.548,-25.6825
50,12,-61.8049090909,173.290818182,-29.6954545455
51,11,-63.0505,167.2126,-27.586
52,19,-69.2830833333,170.458,-23.8675
53,16,-68.819,172.074125,-28.6225
54,5,-68.3798,167.7354,-30.676
55,5,-70.6372,166.1302,-28.288
56,2,-72.9891666667,168.978833333,-28.2816666667
57,12,-72.7091818182,170.647090909,-33.4945454545
58,5,-73.9824,165.0148,-32.118
59,18,-77.425,165.351272727,-28.0027272727
60,17,-78.4218571429,168.480285714,-31.7042857143
61,17,-78.246,165.540285714,-35.1957142857
62,6,-80.03825,163.03875,-32.5975
63,15,-82.288,165.2965,-30.28375
64,1,-83.6313333333,165.786,-34.0066666667
65,8,-82.69425,161.508125,-36.4875
66,16,-84.8885,159.56375,-32.4375
67,5,-88.0152,162.528,-33.808
68,12,-85.9446363636,164.398272727,-38.0754545455
69,16,-87.096875,157.464875,-36.75875
70,6,-91.19775,158.90575,-36.005
71,4,-94.5862857143,158.941714286,-35.3742857143
72,4,-95.9638571429,161.994142857,-37.8157142857
73,9,-97.3457777778,165.830888889,-34.6111111111
74,4,-97.3227142857,168.613857143,-37.49
75,14,-96.402625,172.02575,-33.84
76,14,-92.02225,168.66975,-33.3575
77,5,-91.9394,169.7832,-37.776
78,9,-92.4754444444,174.792333333,-37.7455555556
79,1,-90.7676666667,173.562666667,-33.5183333333
80,16,-87.289875,170.063875,-34.42875
81,9,-86.3306666667,172.651666667,-38.2922222222
82,13,-87.7507777778,177.252111111,-35.6011111111
83,18,-86.2984545455,173.787636364,-30.9045454545
84,3,-82.0658571429,172.712,-35.03
85,17,-81.2121428571,176.909142857,-36.13
86,2,-81.007,177.858833333,-31.9633333333
87,16,-79.604875,174.085125,-30.44875
88,7,-76.485625,174.272625,-34.13
89,11,-76.6985,180.4951,-33.403
90,13,-76.6005555556,178.472222222,-28.6966666667
91,16,-72.717875,174.942375,-30.595
92,8,-71.089375,177.78875,-34.17
93,2,-71.0323333333,181.170833333,-30.5183333333
94,11,-69.0424,178.3936,-26.574
95,5,-66.5048,178.1028,-30.958
96,9,-66.6274444444,182.936666667,-32.1277777778
97,16,-65.72175,181.71175,-26.7175
98,16,-62.734125,178.492125,-27.67375
99,8,-61.106125,180.54975,-31.775
100,5,-61.1744,184.1408,-28.7
101,3,-59.7575714286,182.169714286,-25.6685714286
102,10,-56.428,180.140555556,-29.3177777778
103,11,-56.5391,186.3559,-30.583
104,3,-56.4437142857,186.585428571,-25.6971428571
105,16,-53.4225,183.039125,-24.67125
106,10,-50.6614444444,184.562111111,-29.0533333333
107,10,-53.0414444444,190.059222222,-28.2133333333
108,10,-52.5566666667,189.426222222,-24.3033333333
109,15,-50.04475,185.6455,-21.5675
110,10,-46.6242222222,183.887888889,-25.5333333333
111,3,-46.5738571429,188.792571429,-25.9771428571
112,16,-46.104125,189.150375,-21.14875
113,17,-43.294,185.165,-21.6785714286
114,13,-41.9037777778,186.402111111,-26.8022222222
115,9,-41.1548888889,190.187555556,-26.2044444444
116,6,-41.0915,191.113,-21.1925
117,16,-38.77775,189.272,-18.76
118,12,-36.309,190.382545455,-24.7827272727
119,6,-34.4765,193.74475,-21.09
120,18,-34.8930909091,192.957090909,-15.8645454545
121,12,-34.2904545455,187.989727273,-17.8054545455
122,9,-29.6991111111,191.539444444,-21.8344444444
123,5,-29.7354,194.4198,-17.714
124,12,-29.2735454545,189.308454545,-14.3236363636
125,12,-25.9128181818,189.975363636,-19.9245454545
126,8,-24.0455,194.3705,-18.45625
127,18,-26.1659090909,194.887363636,-12.4809090909
128,20,-25.0597142857,189.345928571,-11.7607142857
129,12,-20.4135454545,192.126818182,-18.3390909091
130,6,-19.92,194.93975,-13.585
131,5,-19.7876,193.35,-10.792
132,9,-16.9264444444,190.097555556,-13.0433333333
133,2,-15.4986666667,194.824,-13.57
134,16,-16.433,196.690875,-9.2675
135,9,-14.8264444444,191.685,-7.61111111111
136,5,-11.2442,193.3806,-10.492
137,5,-11.2454,196.9058,-9.97
138,16,-12.063625,196.6395,-5.955
139,3,-8.571,193.177714286,-7.05428571429
140,11,-6.2014,194.6648,-10.363
141,7,-7.165875,199.70925,-6.25875
142,5,-5.6184,196.6674,-3.632
143,9,-3.12211111111,193.486777778,-4.39888888889
144,17,-0.764285714286,198.244714286,-5.93
145,4,2.67942857143,198.357142857,-4.63857142857
146,12,2.57690909091,202.631636364,-0.205454545455
147,12,6.89890909091,199.986,-4.71272727273
148,12,4.60463636364,199.509727273,-9.14636363636
149,5,2.276,205.3968,-8.378
150,10,3.17333333333,206.022444444,-12.6533333333
151,9,1.76811111111,200.962444444,-12.3044444444
152,5,-1.9216,202.819,-9.168
153,9,-3.25122222222,207.093111111,-10.3711111111
154,9,-2.952,202.913444444,-14.8244444444
155,5,-5.8674,201.2572,-11.604
156,6,-8.0705,203.8325,-10.3975
157,5,-8.878,205.0032,-13.334
158,5,-10.4226,201.8374,-13.964
159,16,-12.213375,201.88575,-9.73875
160,12,-12.6662727273,206.577454545,-9.79272727273
161,3,-14.5448571429,203.381571429,-15.3257142857
162,5,-16.2792,200.5276,-12.858
163,12,-18.0345454545,202.066454545,-8.21636363636
164,5,-19.5576,204.6222,-12.854
165,6,-20.92125,202.10525,-14.7425
166,19,-22.3600833333,198.600666667,-10.63
167,12,-22.7792727273,204.433272727,-9.31
168,6,-25.54125,202.8845,-14.79
169,12,-23.747,198.323090909,-16.2609090909
170,5,-28.1062,200.1376,-11.754
171,16,-29.8315,203.7005,-12.92625
172,8,-30.4105,200.558625,-16.59875
173,19,-32.241,195.861666667,-12.1075
174,5,-34.2384,200.4246,-11.906
175,16,-36.074375,201.8755,-15.81
176,10,-36.3811111111,197.702666667,-17.2288888889
177,15,-37.930125,196.4325,-11.77625
178,7,-40.24775,200.92075,-12.0
179,17,-41.6468571429,198.926285714,-16.1814285714
180,15,-42.6545,194.653375,-14.63
181,9,-45.0041111111,196.328555556,-10.2188888889
182,8,-46.835875,199.561,-13.055
183,13,-46.6773333333,195.835666667,-18.1777777778
184,12,-46.9556363636,192.354363636,-12.2154545455
185,13,-51.0315555556,195.967333333,-12.4555555556
186,18,-51.7496363636,197.521,-16.0645454545
187,8,-51.12375,193.097375,-19.62125
188,15,-53.357875,190.178625,-15.905
189,14,-57.27275,193.476,-15.61125
190,9,-55.9813333333,193.464555556,-21.3533333333
191,18,-56.3991818182,187.317545455,-20.3827272727
192,17,-59.7794285714,189.134571429,-17.0842857143
193,16,-61.27825,192.897875,-19.305
194,12,-60.7066363636,191.014363636,-23.9881818182
195,16,-61.82575,186.050125,-20.58375
196,17,-65.7217142857,188.737,-19.1428571429
197,9,-65.44,191.080444444,-24.0011111111
198,5,-66.7938,186.7538,-24.66
199,10,-69.1382222222,184.991666667,-20.6555555556
200,5,-71.1532,188.815,-22.758
201,3,-70.8478571429,188.442714286,-26.6471428571
202,11,-72.2344,182.9916,-25.741
203,18,-74.5785454545,183.983090909,-21.96
204,10,-76.3775555556,189.670888889,-25.7122222222
205,10,-75.3023333333,185.999333333,-29.7322222222
206,6,-78.95475,183.68575,-26.685
207,11,-81.3583,187.038,-23.949
208,9,-80.9377777778,188.479111111,-29.7155555556
209,9,-82.9775555556,183.426777778,-30.6044444444
210,16,-84.99575,183.61375,-25.35125
211,2,-88.469,185.383166667,-27.9483333333
212,12,-86.5275454545,182.393818182,-32.5418181818
213,16,-86.94075,179.209875,-28.28
214,2,-90.3766666667,180.973,-25.8216666667
215,10,-94.3871111111,181.453111111,-28.9
216,19,-91.85075,178.31475,-31.6075
217,12,-91.21,176.697090909,-23.3709090909
218,13,-96.973,177.944,-25.73
219,9,-97.5723333333,176.843222222,-29.3677777778
220,16,-94.485875,171.81175,-28.61375
221,6,-97.0935,172.1455,-24.94
222,5,-100.3088,173.0502,-25.452
223,10,-100.544222222,170.298777778,-29.2422222222
224,16,-97.800375,167.4545,-25.3975
225,11,-100.4883,169.4257,-21.859
226,10,-104.753555556,168.982777778,-26.9044444444
227,16,-101.753375,165.226375,-28.00375
228,17,-101.820285714,163.314428571,-23.3428571429
229,16,-106.64575,164.558375,-22.5075
230,7,-106.744375,163.713125,-27.07625
231,2,-104.208166667,159.465,-25.8316666667
232,5,-106.361,158.9628,-22.91
233,12,-110.288727273,161.962363636,-23.9681818182
234,9,-107.472777778,157.198111111,-28.8222222222
235,13,-105.596222222,154.652333333,-26.2511111111
236,12,-111.541545455,154.129818182,-21.3054545455
237,8,-112.607,154.313375,-26.93875
238,14,-108.83875,151.011625,-28.4425
239,9,-109.11,149.469888889,-22.3688888889
240,10,-114.194888889,150.522111111,-23.01
241,12,-113.095363636,148.872272727,-29.7518181818
242,11,-109.3698,144.9029,-25.978
243,17,-113.257714286,144.569857143,-23.28
244,16,-116.931,144.679125,-26.55875
245,16,-114.111125,142.237,-29.30125
246,13,-111.698666667,139.763333333,-25.2544444444
247,10,-117.991222222,140.582666667,-23.4644444444
248,13,-120.422888889,139.769,-27.2188888889
249,9,-118.260222222,140.165555556,-30.4844444444
250,16,-113.651625,136.914,-30.785
251,6,-114.65625,133.877,-32.5775
252,6,-113.80275,130.37175,-33.7
253,9,-114.928777778,129.114,-37.6422222222
254,9,-110.947,129.382222222,-39.2711111111
255,4,-110.958571429,133.220428571,-41.0057142857
256,9,-114.158777778,133.905,-45.6366666667
257,4,-110.759,133.583285714,-47.8257142857
258,2,-111.292,138.026,-49.76
259,16,-113.152125,137.194625,-53.73875
260,12,-109.217636364,140.417181818,-53.9781818182
261,9,-109.341555556,142.410777778,-59.0288888889
262,6,-112.91625,139.11025,-60.12
263,4,-113.438142857,136.357428571,-62.2757142857
264,6,-109.74675,137.411,-63.765
265,6,-108.17075,138.013,-61.22
266,16,-110.12775,135.537125,-58.5775
267,17,-107.224857143,138.265857143,-55.8171428571
268,14,-108.03925,134.038,-52.99875
269,9,-104.967444444,135.582555556,-50.0388888889
270,6,-104.1575,130.9775,-48.4075
271,11,-102.1131,129.2274,-45.481
272,16,-103.92875,124.8795,-48.46125
273,18,-102.117090909,121.209818182,-45.1272727273
274,13,-99.0001111111,120.453,-51.3033333333
275,12,-100.314818182,114.04,-50.6045454545
276,5,-97.6866,114.8484,-54.196
277,2,-97.9466666667,111.555166667,-56.7683333333
278,7,-94.08375,111.076,-55.26125
279,5,-94.2324,106.7424,-53.772
280,18,-91.8567272727,106.493636364,-50.7890909091
281,13,-96.545,110.308,-50.8688888889
282,3,-95.8055714286,113.986857143,-46.9257142857
283,20,-100.685857143,115.924642857,-46.6642857143
284,2,-96.85,120.474166667,-46.5283333333
285,12,-100.096454545,124.851545455,-44.0418181818
286,12,-96.0464545455,125.217363636,-48.3445454545
287,20,-99.4481428571,132.823071429,-48.395
288,18,-101.415454545,128.000363636,-51.8390909091
289,3,-102.013428571,133.136714286,-54.1871428571
290,15,-105.760375,132.7275,-56.88625
291,10,-102.629111111,137.301888889,-58.5255555556
292,2,-103.805333333,136.630166667,-62.705
293,7,-106.394125,133.3565,-63.46
294,10,-101.280777778,131.783111111,-62.2433333333
295,16,-102.47175,128.267875,-58.32875
296,17,-99.2265714286,130.476714286,-56.75
297,19,-95.9245,126.868666667,-54.1108333333
298,10,-95.0758888889,131.64,-50.82
299,13,-91.0951111111,127.611555556,-49.8133333333
300,13,-90.3025555556,131.163111111,-46.8222222222
301,19,-94.64825,136.843833333,-45.6316666667
302,13,-90.3121111111,137.715555556,-47.1355555556
303,8,-90.5005,133.04525,-51.2
304,4,-90.3615714286,134.608,-54.3057142857
305,17,-94.4608571429,133.144428571,-56.1785714286
306,3,-94.033,128.938428571,-57.63
307,17,-96.3614285714,127.898571429,-60.7814285714
308,17,-99.134,124.873,-58.7971428571
309,17,-100.104714286,124.723857143,-62.6285714286
310,8,-97.11525,126.221875,-65.8575
311,8,-101.743375,127.5455,-67.72875
312,16,-105.539375,126.96275,-64.56875
313,12,-107.417272727,127.564545455,-71.2936363636
314,16,-105.7915,122.5045,-70.3
315,1,-107.277166667,122.049166667,-65.3633333333
316,3,-110.025428571,119.422714286,-63.72
317,17,-111.04,120.285571429,-59.7671428571
318,13,-110.501111111,115.319222222,-58.7711111111
319,16,-114.612625,117.008375,-54.53875
320,1,-112.3365,113.846333333,-53.335
321,4,-115.030285714,110.844857143,-52.9228571429
322,8,-112.666125,108.15,-51.805
323,2,-109.923166667,110.814666667,-48.8916666667
324,9,-106.042333333,109.301222222,-46.9122222222
325,12,-105.813818182,113.834363636,-44.17
326,12,-111.474,116.573181818,-41.9845454545
327,18,-112.516363636,118.838909091,-45.0809090909
328,1,-109.385666667,116.649333333,-49.5
329,18,-108.851636364,120.217,-53.0354545455
330,9,-107.059,115.679,-56.9788888889
331,17,-105.557428571,119.79,-58.9742857143
332,17,-105.801428571,117.324714286,-62.6557142857
333,2,-102.799333333,118.980166667,-65.53
334,3,-100.388,118.371,-68.5514285714
335,2,-97.6575,118.408666667,-65.3516666667
336,13,-96.8076666667,120.663888889,-62.1622222222
337,2,-100.744333333,116.937333333,-60.785
338,1,-101.961166667,118.017833333,-57.0033333333
339,16,-103.807,116.233875,-52.88625
340,16,-104.877625,120.415125,-52.30875
341,10,-106.091888889,119.353,-46.4922222222
342,5,-108.638,122.4858,-46.032
343,8,-108.068625,124.318875,-42.4225
344,2,-112.9145,124.282166667,-42.5933333333
345,9,-117.571888889,122.915777778,-43.8133333333
346,12,-116.875545455,128.906272727,-47.0336363636
347,16,-111.90825,127.508125,-46.10625
348,16,-113.181,122.735125,-48.955
349,10,-117.448333333,125.647222222,-50.27
350,16,-114.195875,129.25875,-51.085
351,20,-108.953571429,127.913,-51.7121428571
352,17,-113.080285714,123.963571429,-54.79
353,2,-115.424666667,127.277333333,-55.9116666667
354,5,-112.3312,129.6076,-56.786
355,17,-109.805428571,127.025714286,-58.28
356,10,-113.933,124.776111111,-60.0655555556
357,2,-113.8645,130.1965,-61.205
358,2,-109.874333333,130.4085,-62.3266666667
359,15,-110.41775,126.6865,-64.55625
360,5,-113.463,129.5956,-66.35
361,2,-111.530833333,132.661,-66.4616666667
362,5,-108.7852,130.7402,-68.28
363,18,-111.707818182,127.215545455,-71.2963636364
364,2,-112.557333333,131.969166667,-71.365
