1,6,-4.383571429,-9.847142857,-21.20571429
2,2,-5.144,-13.14109091,-19.23
3,2,-0.613090909,-11.96654545,-18.80454545
4,6,-0.307857143,-14.17614286,-15.34285714
5,2,-0.936727273,-16.92672727,-12.75545455
6,2,-1.077272727,-16.34590909,-8.497272727
7,6,1.372857143,-13.277,-9.624285714
8,16,1.470210526,-10.67068421,-5.66
9,8,6.304833333,-9.768583333,-8.9075
10,8,3.08525,-9.373833333,-12.16666667
11,19,-0.200571429,-6.506047619,-10.10619048
12,8,4.13725,-1.96275,-10.715
13,20,0.720625,-2.958666667,-6.775416667
14,18,3.9904,-6.8148,-4.7185
15,5,7.6371,-3.6676,-3.814
16,6,7.845857143,-6.732142857,-2.044285714
17,7,11.46671429,-8.693785714,-0.613571429
18,15,10.60521053,-3.518894737,0.431052632
19,2,14.51045455,-2.726,3.928181818
20,12,12.48325,1.941625,7.920833333
21,2,15.52127273,1.893636364,5.133636364
22,10,15.18447059,0.608823529,0.361764706
23,2,10.29427273,1.296,1.706363636
24,9,11.00393333,4.999666667,3.329333333
25,10,15.23558824,6.353176471,0.391764706
26,16,12.68173684,2.810368421,-3.147894737
27,16,7.678631579,5.450105263,-1.026842105
28,12,12.44670833,10.358625,0.952083333
29,10,13.38017647,7.684176471,-5.478235294
30,13,8.560863636,7.770954545,-7.841818182
31,6,8.863142857,12.56357143,-5.77
32,13,5.189409091,11.54927273,-8.49
33,9,3.538066667,14.26413333,-2.953333333
34,6,0.920714286,9.878142857,-2.675714286
35,5,3.3364,7.4596,-3.975
36,18,0.4884,2.64925,-3.9185
37,14,5.155647059,0.832529412,-1.804117647
38,17,2.081,-3.6898125,-1.46125
39,12,6.9255,-3.561583333,3.395
40,7,6.362214286,-9.720428571,2.267857143
41,2,4.306272727,-9.256454545,6.18
42,2,7.337818182,-9.850363636,9.086363636
43,10,5.109705882,-13.51123529,10.57235294
44,17,4.1451875,-16.5151875,5.449375
45,6,0.716428571,-13.83942857,4.982857143
46,14,-0.587470588,-11.17358824,7.677058824
47,19,0.371095238,-9.313904762,2.172857143
48,3,3.146571429,-3.967357143,5.113571429
49,17,-0.2311875,-1.523625,1.95875
50,2,3.741818182,1.276727273,2.851818182
51,16,0.837736842,5.435631579,1.255789474
52,18,5.39855,10.12405,0.8265
53,2,1.726636364,11.16581818,2.206363636
54,13,3.926409091,16.53827273,2.180454545
55,5,0.0946,17.4725,5.267
56,17,-1.9999375,21.748875,4.980625
57,7,0.937,22.42985714,9.267142857
58,8,4.191,19.07308333,7.111666667
59,13,9.351181818,21.39309091,8.612272727
60,13,9.957727273,16.67059091,7.720454545
61,6,6.441714286,14.17571429,4.715714286
62,3,4.999785714,10.95807143,7.701428571
63,17,6.5084375,6.8323125,5.1425
64,13,1.082136364,7.543363636,6.444545455
65,11,3.006666667,1.5615,9.008333333
66,19,-1.919,1.804619048,6.073333333
67,11,-0.180388889,-3.722555556,9.174444444
68,17,-3.6346875,-6.85725,5.006875
69,11,-5.6285,-6.964277778,9.979444444
70,3,-6.550857143,-12.8465,7.794285714
71,7,-11.71357143,-12.37592857,8.389285714
72,5,-12.3932,-16.3153,10.013
73,9,-14.34053333,-16.748,5.854666667
74,7,-8.861071429,-17.116,4.716428571
75,13,-13.31704545,-12.74986364,4.829090909
76,16,-7.086315789,-10.74226316,2.377368421
77,19,-9.465095238,-6.946904762,6.745714286
78,16,-5.579578947,-2.573368421,3.791578947
79,5,-10.0045,-0.9364,6.274
80,9,-11.15213333,-1.7808,10.89933333
81,7,-15.34585714,-1.934357143,9.412142857
82,19,-14.85461905,-1.571428571,4.566666667
83,1,-14.40327273,-7.307090909,3.380909091
84,18,-11.41045,-5.4775,-0.1005
85,8,-11.7195,-10.1905,-3.385833333
86,2,-7.373454545,-10.57654545,-2.960909091
87,15,-3.168578947,-8.058631579,-1.515263158
88,4,-4.095,-8.547642857,-5.925714286
89,13,-9.274818182,-9.1605,-7.081363636
90,16,-7.751105263,-4.115157895,-1.784736842
91,15,-4.550157895,-2.293368421,-4.658947368
92,11,-9.0905,-2.466666667,-9.566111111
93,19,-12.59952381,-1.963047619,-5.534761905
94,11,-8.458611111,1.138111111,-1.835
95,10,-5.289411765,2.614941176,-7.955882353
96,11,-9.750333333,3.220611111,-10.08833333
97,7,-12.00664286,4.939071429,-5.815714286
98,2,-10.31863636,6.067909091,-1.228181818
99,5,-12.3557,3.1993,0.913
100,6,-11.74028571,4.960714286,3.984285714
101,14,-8.209647059,4.757235294,7.439411765
102,15,-6.739578947,3.330684211,3.426842105
103,3,-4.184642857,7.778357143,1.474285714
104,12,-6.591583333,8.247291667,-4.837083333
105,16,-3.433736842,4.187157895,-3.411052632
106,12,-0.999166667,11.10729167,-7.025416667
107,11,0.712777778,7.066722222,-9.541111111
108,4,2.019928571,2.5885,-8.859285714
109,17,6.266875,3.1989375,-5.636875
110,2,8.776818182,-0.466727273,-7.13