261,3,28.2754285714,20.3171428571,7.14
262,18,26.2029090909,21.2777272727,10.3409090909
263,18,31.1214,18.9592,11.868
264,7,34.525,20.0285,13.06875
265,4,32.1745714286,23.6441428571,14.4871428571
266,8,34.6905,27.34975,13.46125
267,12,31.9933636364,30.4085454545,17.6063636364
268,9,27.7834444444,26.5735555556,17.5766666667
269,6,25.15975,30.58625,18.63
270,20,20.7228571429,31.273,20.4835714286
271,16,23.196625,35.625625,16.935
272,16,19.526625,38.817625,17.40375
273,13,18.5762222222,37.9055555556,11.4488888889
274,16,17.627,42.96075,10.89
275,6,15.4525,41.8765,8.47
276,6,15.485,42.76125,4.75
277,6,12.7885,44.20325,4.4375
278,12,9.06581818182,48.4617272727,4.52090909091
279,17,9.07257142857,45.7702857143,8.21714285714
280,13,13.4406666667,45.8725555556,8.39555555556
281,3,11.801,42.0518571429,12.1342857143
282,20,16.4833571429,42.7246428571,15.1921428571
283,13,13.8304444444,36.958,13.3688888889
284,12,16.9255454545,33.7890909091,19.7863636364
285,12,16.7596363636,32.5896363636,14.4081818182
286,20,22.3411428571,27.8865,17.7128571429
287,18,23.7312727273,31.9174545455,13.6436363636
288,15,26.45825,26.863375,12.84625
289,16,31.079125,29.43975,11.6075
290,3,30.8915714286,25.7678571429,8.95714285714
291,8,32.420125,25.06025,5.6375
292,7,33.489375,30.5565,4.94625
293,1,29.2748333333,29.4748333333,6.015
294,16,26.936,32.180625,8.8625
295,19,24.97425,26.937,7.62583333333
296,19,19.9256666667,31.18475,9.4525
297,18,19.7502727273,26.2285454545,12.5809090909
298,9,13.4485555556,28.4464444444,14.6066666667
299,19,13.6291666667,26.5026666667,17.47
300,3,19.5744285714,24.3044285714,18.7128571429
301,3,17.5684285714,20.5604285714,17.9357142857
302,8,16.249,22.439625,14.1325
303,13,17.1075555556,17.7594444444,11.7
304,9,16.7193333333,21.2982222222,7.72666666667
305,4,19.0104285714,24.7632857143,7.96714285714
306,12,14.7703636364,28.9330909091,8.67181818182
307,6,20.00425,29.36125,6.5125
308,15,23.3465,29.643,3.8025
309,15,25.053,33.745625,5.18375
310,4,27.8057142857,32.7337142857,2.14571428571
311,16,31.405375,34.54575,4.8725
312,9,33.772,33.7676666667,-0.582222222222
313,7,33.880875,37.98125,-1.195
314,16,31.65225,39.147625,2.90875
315,2,33.2738333333,42.4268333333,5.14333333333
316,15,32.926,42.47475,9.7375
317,12,30.2374545455,47.3782727273,8.79181818182
318,9,31.9178888889,47.5695555556,15.2077777778
319,17,27.1588571429,48.8902857143,13.9942857143
320,9,26.1856666667,52.4094444444,17.2844444444
321,8,20.97375,49.678125,16.9475
322,4,18.6462857143,52.0814285714,18.0957142857
323,12,14.8581818182,49.252,19.21
324,13,18.8601111111,45.4602222222,19.6711111111
325,4,22.8604285714,45.219,21.9985714286
326,7,26.304875,43.846625,21.41
327,1,25.8796666667,45.2866666667,16.7816666667
328,18,28.0436363636,42.0320909091,13.77
329,9,26.6894444444,45.5276666667,9.47111111111
330,16,27.87975,40.891,7.4025
331,19,30.4989166667,45.1335,4.3725
332,7,30.10425,42.988875,-0.70125
333,4,33.3372857143,45.1598571429,-0.21
334,2,33.0793333333,44.7001666667,-4.16333333333
335,11,30.9487,46.2004,-6.252
336,13,29.0654444444,50.8947777778,-2.60333333333
337,6,24.70775,47.47425,-2.9775
338,10,26.7373333333,43.6532222222,-4.43333333333
339,17,23.0272857143,41.3918571429,-3.18571428571
340,15,24.686125,39.386875,0.4225
341,13,25.6735555556,34.0943333333,-2.22888888889
342,5,22.0022,33.8822,0.156
343,1,19.7025,30.677,0.926666666667
344,13,15.4163333333,32.1162222222,2.80111111111
345,3,13.7775714286,28.1427142857,4.04714285714
346,9,10.1762222222,30.4647777778,3.07111111111
347,5,7.135,27.2642,5.286
348,8,5.947625,27.318375,1.35375
349,6,9.26025,25.21375,0.6775
350,12,9.18272727273,29.7446363636,-1.00545454545
351,17,14.4644285714,27.3688571429,-1.78
352,17,14.6297142857,31.7265714286,-1.45285714286
353,9,18.2491111111,33.8193333333,-4.15333333333
354,6,18.54075,36.7475,-0.93
355,7,16.829,40.039,-1.14
356,11,19.6636,41.1099,3.146
357,17,22.661,44.9391428571,1.02857142857
358,17,23.217,44.6328571429,5.04285714286
359,19,22.7829166667,39.8061666667,6.29166666667
360,12,22.3116363636,45.734,11.6327272727
361,15,24.07225,40.5585,13.58125
362,2,22.7851666667,41.1631666667,18.0016666667
363,5,25.1772,39.8214,20.364
364,4,24.464,37.9821428571,23.3714285714
365,2,27.7046666667,39.79,24.76
366,4,30.0638571429,42.4178571429,24.7385714286
367,9,32.1447777778,39.5632222222,25.9255555556
368,9,29.0992222222,36.4928888889,22.8622222222
369,13,30.6936666667,41.9308888889,19.4177777778
370,9,34.8192222222,40.9413333333,21.0644444444
371,9,34.0461111111,35.5903333333,20.9566666667
372,20,29.9825714286,34.6977142857,16.5014285714
373,14,33.6545,40.24475,14.85875
374,13,38.1231111111,37.314,16.5477777778
375,2,35.5441666667,33.783,14.2083333333
376,15,33.485875,35.865875,10.98125
377,13,37.5515555556,39.039,10.9811111111
378,5,39.3676,33.985,10.354
379,2,36.8951666667,32.1646666667,8.04
380,15,36.845,35.53425,5.575
381,2,41.2933333333,35.0075,5.95833333333
382,12,40.6747272727,30.0572727273,7.70727272727
383,8,38.9915,31.204625,1.695
384,4,41.7337142857,29.2967142857,-0.187142857143
385,18,39.3158181818,29.5864545455,-2.90181818182
386,19,40.0753333333,36.6203333333,0.6975
387,8,40.27475,38.286625,-2.125
