190,2,5.32733333333,6.7305,14.9433333333
191,5,6.9824,9.759,16.58
192,17,8.80142857143,12.9912857143,15.3185714286
193,15,13.044375,11.090375,15.53375
194,13,15.2455555556,15.6265555556,13.4977777778
195,5,12.4144,18.2804,12.606
196,6,13.33075,20.6175,9.8075
197,19,12.3861666667,24.50675,7.72833333333
198,1,16.5436666667,21.7041666667,4.93666666667
199,17,18.1768,23.9717,1.222
200,13,15.5428888889,19.9562222222,-1.77
201,10,18.924,19.6926666667,-5.91
202,6,15.60325,20.02425,-7.625
203,5,14.3404,18.1566,-10.458
204,17,12.6415714286,20.8628571429,-12.74
205,14,15.237625,23.916875,-13.52375
206,13,18.869,20.636,-10.8733333333
207,7,16.938125,25.333875,-8.51875
208,20,19.8212142857,23.7386428571,-4.10714285714
209,13,13.5242727273,24.6699090909,-3.99454545455
210,12,13.0460909091,26.8328181818,3.69181818182
211,12,10.8490909091,22.7808181818,0.846363636364
212,19,9.44266666667,20.8371666667,8.23083333333
213,18,13.2392727273,17.6457272727,5.46363636364
214,10,8.29185714286,15.2775714286,9.74357142857
215,16,12.855125,11.286,10.9525
216,8,9.330625,8.566625,11.2725
217,9,9.24875,4.0265,13.8
218,7,9.144875,3.802875,9.36
219,3,9.53471428571,7.8,7.17857142857
220,15,12.661,11.027375,5.585
221,6,10.034,13.7705,4.805
222,19,10.2694166667,16.4625,0.88
223,18,6.19736363636,18.3271818182,4.78909090909
224,13,5.351,23.9902222222,1.11444444444
225,2,5.83016666667,24.1191666667,5.42333333333
226,9,6.22477777778,23.7267777778,10.52
227,16,2.103625,25.2085,8.29375
228,9,1.84507692308,22.5870769231,4.26923076923
229,13,-1.92533333333,18.6184444444,7.65111111111
230,9,-0.333444444444,16.1595555556,3.49444444444
231,4,3.59328571429,15.163,2.37428571429
232,16,5.920375,17.43475,-1.2175
233,12,8.98345454545,12.5582727273,-2.24636363636
234,17,7.44928571429,9.87085714286,1.65
235,15,11.8895,8.790375,1.61875
236,4,10.8324285714,4.84057142857,2.43571428571
237,16,14.080375,4.6585,6.22875
238,13,12.3661818182,-0.627,4.64363636364
239,9,13.266,2.67333333333,-0.253333333333
240,17,17.803,4.466,2.49
241,11,20.3417,2.1597,-0.679
242,13,24.1827777778,5.633,0.773333333333
243,17,22.4221,8.5895,5.318
244,10,26.6326666667,9.86333333333,2.80111111111
245,9,29.3593571429,14.703,4.57214285714
246,1,28.0666666667,15.2038333333,-0.243333333333
247,13,31.9854444444,13.6661111111,-0.424444444444
248,10,29.8783333333,15.4893333333,-4.68888888889
249,2,30.00975,19.7835,-1.2125
250,8,33.093875,21.2265,-2.84375
251,15,31.329625,20.373875,-7.32375
252,14,26.773125,20.87375,-5.63875
253,14,29.449,25.7344545455,-5.33272727273
254,12,24.8066363636,24.707,-1.66272727273
255,8,28.609,24.6255,2.69875
256,7,26.599125,22.20225,5.62625
257,16,25.406625,18.837125,1.265
258,18,22.3112727273,15.6068181818,4.09545454545
259,9,24.0553333333,12.0293333333,-0.0266666666667
260,15,19.10875,10.730875,1.06375
261,17,21.1252857143,7.05942857143,-1.58714285714
262,3,17.3884285714,6.105,-3.39714285714
263,3,17.5072857143,3.07828571429,-6.58571428571
264,2,15.387,6.48416666667,-8.02
265,12,15.7895454545,11.6070909091,-6.37181818182
266,3,20.3345714286,11.042,-4.83142857143
267,18,16.7650909091,12.7305454545,-2.45545454545
268,19,21.7298333333,15.76725,-3.75583333333
269,17,19.8992857143,17.7604285714,2.01857142857
270,10,21.9964444444,22.9151111111,2.59
271,5,21.9722,22.1006,6.528
272,8,21.41675,25.22175,9.56625
273,2,24.7351666667,23.7521666667,10.34
274,4,27.8675714286,22.1685714286,10.6128571429
275,9,26.5585555556,21.8557777778,14.0188888889
276,9,21.6964444444,20.3993333333,12.4377777778
277,14,25.412375,17.774375,8.34
278,11,27.3171,16.0778,11.344
279,2,21.9391666667,15.7061666667,13.515
280,20,18.416,15.9194285714,9.83642857143
281,15,23.805875,12.077125,9.0
282,13,23.3991111111,10.6742222222,14.7644444444
283,5,19.132,10.3696,12.918
284,17,18.5671428571,8.93842857143,9.34857142857
285,2,21.93875,6.588625,10.61625
286,6,19.48725,5.153,13.525
287,5,16.566,4.7332,12.26
288,15,18.335875,2.818375,9.14375
289,17,20.1134285714,0.697857142857,12.9828571429
290,5,16.3316,0.216,14.366
291,10,14.4161111111,-0.520555555556,10.2611111111
292,12,19.7500909091,-2.90509090909,10.7781818182
