22,5,-6.2492,4.7206,57.066
23,18,-7.30272727273,1.20472727273,57.4145454545
24,13,-12.2575555556,2.98622222222,61.9
25,4,-14.0245714286,5.93785714286,60.1557142857
26,4,-14.0387142857,9.20585714286,62.7028571429
27,4,-15.6878571429,8.80757142857,66.2928571429
28,12,-20.9819090909,11.7619090909,66.0072727273
29,4,-17.4078571429,14.3372857143,68.2128571429
30,8,-19.77325,16.71225,69.36
31,18,-24.5847272727,15.5283636364,68.7481818182
32,6,-23.9065,20.7,68.825
33,3,-25.0798571429,23.9558571429,70.3271428571
34,2,-25.2108333333,26.3723333333,66.6683333333
35,6,-28.35675,27.69125,66.4175
36,12,-33.428,29.3433636364,64.7054545455
37,3,-34.3335714286,25.3978571429,67.1757142857
38,15,-36.16725,24.093625,62.99625
39,13,-40.2874444444,21.7743333333,65.0433333333
40,16,-37.5395,19.407625,60.875
41,10,-41.426,16.3763333333,59.5055555556
42,5,-37.98,13.0742,57.812
43,7,-37.94,11.002875,54.1525
44,18,-35.7737272727,8.85645454545,57.3327272727
45,18,-41.1255454545,6.55509090909,57.49
46,9,-39.6693333333,4.96566666667,63.6
47,14,-38.307625,-0.09275,61.215
48,8,-40.73775,-2.618375,65.54125
49,15,-36.901625,-4.89525,64.36125
50,4,-38.115,-8.41057142857,65.6942857143
51,13,-36.0586666667,-9.73177777778,70.4533333333
52,15,-36.386,-12.941625,65.85375
53,8,-32.77575,-15.399625,65.18125
54,15,-33.503625,-14.346875,60.53125
55,19,-33.0395833333,-18.84425,60.4975
56,11,-28.6426,-16.9286,54.958
57,19,-31.44075,-20.7155833333,54.11
58,9,-26.3451111111,-20.0125555556,49.26
59,16,-29.965125,-20.08825,46.245
60,8,-26.6085,-22.808875,43.9
61,15,-29.782625,-20.830875,40.17125
62,13,-27.3577777778,-24.0012222222,37.9744444444
63,4,-28.6782857143,-21.4022857143,34.5385714286
64,9,-24.5638888889,-19.1911111111,37.2311111111
65,13,-25.5026666667,-16.8903333333,32.8244444444
66,1,-29.9875,-15.6826666667,34.9233333333
67,4,-31.6337142857,-12.3355714286,34.8242857143
68,12,-31.9479090909,-9.45118181818,40.5563636364
69,12,-37.792,-11.0248181818,35.6436363636
70,17,-35.689,-14.9387142857,35.6257142857
71,7,-33.552625,-15.7445,39.14125
72,12,-36.73,-11.8938181818,41.9281818182
73,9,-40.362,-15.282,38.5622222222
74,15,-37.06025,-19.611625,39.145
75,17,-37.5994285714,-18.6745714286,43.6814285714
76,9,-42.6836666667,-17.2592222222,43.4922222222
77,11,-42.7698,-20.5635,39.969
78,14,-38.79225,-23.1455,44.3475
79,17,-41.7418571429,-21.6591428571,47.13
80,10,-46.3492222222,-22.5987777778,44.47
81,11,-43.7874,-27.5462,42.907
82,18,-40.576,-28.0767272727,45.8354545455
83,13,-46.1728888889,-25.5182222222,49.8133333333
84,3,-45.3404285714,-30.352,50.9914285714
85,10,-41.7638888889,-31.1028888889,50.1466666667
86,15,-39.092875,-27.6505,51.64375
87,18,-40.3694545455,-23.7876363636,51.1309090909
88,6,-45.1015,-24.16325,53.14
89,8,-47.725,-22.232,55.325
90,12,-42.382,-21.9418181818,56.0681818182
91,13,-44.7214444444,-16.0533333333,53.3033333333
92,4,-39.9302857143,-16.9804285714,51.5414285714
93,17,-37.475,-13.2824285714,51.1728571429
94,18,-34.6973636364,-14.1397272727,46.0281818182
95,8,-31.176875,-11.34075,46.4
96,6,-32.14425,-12.55625,42.8925
97,12,-27.432,-12.2982727273,43.1654545455
98,13,-26.3633333333,-16.7908888889,45.2411111111
99,7,-29.347625,-14.679,49.1275
100,16,-33.82375,-17.394375,50.67375
101,19,-32.79025,-14.01525,53.8283333333
102,3,-36.5448571429,-17.7714285714,56.5014285714
103,5,-38.6332,-16.598,59.734
104,14,-38.877,-19.48425,61.5025
105,4,-36.3455714286,-22.6814285714,60.5714285714
106,16,-36.166625,-24.17,55.98125
107,4,-36.817,-28.2708571429,56.4757142857
108,15,-32.651625,-27.8845,55.155
109,6,-31.20425,-28.594,58.9275
110,12,-26.0897272727,-29.7509090909,57.7363636364
111,8,-28.231875,-31.163375,54.8725
112,13,-26.8668888889,-28.904,49.5855555556
113,17,-31.3728571429,-29.6642857143,48.9985714286
114,9,-29.9793333333,-30.3532222222,44.5211111111
115,16,-34.67775,-28.577,44.11375
116,9,-35.7567777778,-30.0131111111,38.7411111111
117,17,-37.6822857143,-25.8297142857,38.2957142857
118,3,-39.5942857143,-26.8261428571,34.5614285714
119,16,-40.63075,-22.4175,33.955
120,4,-42.8797142857,-21.8917142857,31.23
121,6,-41.59275,-21.18925,27.3625
122,9,-40.5584444444,-18.818,23.1266666667
123,6,-41.276,-23.64125,23.245
124,13,-37.3158888889,-25.8641111111,25.0744444444
125,8,-41.145125,-26.466,28.61
126,12,-35.1936363636,-25.2637272727,29.6127272727
127,15,-34.708625,-27.05375,32.6875
128,18,-34.4409090909,-23.3360909091,35.4536363636
129,13,-29.5981111111,-27.2626666667,39.1644444444
130,17,-32.3027142857,-25.0198571429,42.3557142857
131,2,-29.5593333333,-25.5751666667,45.3566666667
132,15,-31.2755,-24.90975,49.48
133,13,-25.7953333333,-24.6421111111,51.8966666667
134,20,-28.0053571429,-23.0562142857,57.8314285714
135,17,-25.2494285714,-19.6434285714,55.5714285714
136,2,-26.4701666667,-18.1561666667,59.2133333333
137,1,-28.2658333333,-17.3398333333,62.2283333333
138,17,-29.5984285714,-13.2214285714,60.8614285714
139,2,-28.9195,-11.5435,64.93
140,16,-32.530375,-9.1565,64.465
141,10,-31.096,-8.55222222222,70.0533333333
142,5,-27.3002,-7.7332,67.516
143,16,-29.131875,-4.682125,64.73625
144,11,-31.9701,-4.019,68.424
145,8,-27.11325,-4.37525,70.88875
146,5,-25.5372,-1.5434,67.448
147,16,-28.821375,0.66575,66.91375
148,2,-26.8113333333,0.814666666667,71.575
149,6,-23.5045,1.87025,70.3325
154,17,-22.5222857143,-2.18842857143,62.3557142857
155,4,-24.5565714286,-5.41442857143,61.5042857143
156,18,-24.0695454545,-5.04581818182,55.2127272727
157,9,-24.488,-8.89844444444,57.95
158,3,-28.5077142857,-7.78528571429,59.6271428571
159,15,-28.7025,-3.889,57.36
160,10,-28.5237777778,-7.75411111111,52.99
161,5,-31.867,-8.7606,55.364
162,16,-33.95575,-5.897,57.0675
163,8,-33.315375,-4.243375,51.88625
164,17,-34.491,-8.57985714286,51.2057142857
165,17,-37.859,-8.38085714286,53.9757142857
166,14,-38.894375,-4.329625,53.20875
167,12,-36.2039090909,-3.94781818182,48.2227272727
168,11,-39.8209,-10.2922,47.942
169,16,-43.896125,-7.235875,47.2125
170,4,-41.7258571429,-4.38814285714,45.6228571429
171,2,-39.5108333333,-6.877,43.2633333333
172,14,-42.103,-9.615625,42.32375
173,12,-46.3124545455,-5.36927272727,42.8409090909
174,19,-43.9418333333,-2.33708333333,41.6083333333
175,3,-39.519,-2.06514285714,37.3557142857
176,4,-36.5144285714,-3.24528571429,39.5428571429
177,17,-34.263,0.977428571429,39.0671428571
178,6,-31.8765,-0.1215,42.0775
179,12,-31.071,0.855454545455,46.9672727273
180,2,-35.83,2.35233333333,43.0116666667
181,18,-39.0484545455,-0.182090909091,43.2736363636
182,18,-39.6704545455,3.28381818182,38.5645454545
183,3,-44.8634285714,1.61857142857,37.4157142857
184,5,-46.736,2.13,34.112
185,2,-48.9048333333,5.065,33.6266666667
186,9,-53.1803333333,3.33755555556,35.5766666667
187,6,-53.01125,6.7925,32.9725
188,1,-51.0171666667,9.78166666667,32.4483333333
189,2,-49.0681666667,8.2005,29.1016666667
190,7,-46.43575,11.173125,30.6025
191,4,-45.1105714286,11.9212857143,26.4828571429
192,16,-40.558625,12.51975,26.68
193,6,-40.01775,11.3995,22.77
194,6,-38.017,9.1255,21.1425
195,6,-39.5335,6.70075,22.845
196,12,-36.7192727273,9.00318181818,25.2545454545
197,9,-42.7216666667,6.60833333333,28.4411111111
198,17,-42.7285714286,9.43571428571,32.19
199,20,-42.2555714286,3.87764285714,33.5278571429
200,18,-44.475,8.88354545455,37.6845454545
201,6,-41.807,6.286,41.5425
202,18,-41.0041818182,3.76645454545,45.2072727273
203,11,-35.6783,5.2011,47.544
204,10,-37.4828888889,0.972777777778,49.5355555556
205,2,-33.9838333333,2.48666666667,51.9583333333
206,17,-32.9474285714,0.0417142857143,55.2514285714
207,12,-30.2522727273,4.53854545455,56.2045454545
208,4,-28.7828571429,3.08057142857,59.8057142857
209,2,-30.2438333333,5.218,63.3516666667
210,16,-29.234625,6.31925,67.5125
211,20,-31.1757857143,4.29114285714,70.6864285714
212,13,-34.9806666667,3.43855555556,66.4088888889
213,14,-33.395,0.65625,61.855
214,14,-34.9825,4.660625,59.97875
215,16,-38.197875,2.8535,55.66625
216,7,-35.524875,6.336,53.005
217,15,-39.6555,6.38925,51.615
218,8,-38.488875,9.84075,47.95125
219,17,-41.2177142857,10.5238571429,45.43
220,2,-39.1866666667,9.04333333333,41.6933333333
221,5,-39.0738,10.1574,38.206
222,3,-37.3091428571,7.93314285714,35.2442857143
223,5,-36.9054,7.564,31.762
224,18,-38.6474545455,3.74745454545,31.6154545455
225,19,-36.5029166667,3.57658333333,26.0141666667
226,13,-43.6412222222,3.623,23.9177777778
227,5,-43.8924,-0.3318,24.324
228,10,-43.0054444444,1.56066666667,20.44
229,4,-43.3725714286,-1.21871428571,17.4928571429
230,17,-38.8175714286,-0.932571428571,15.8542857143
231,15,-41.448375,0.494375,12.49125
232,9,-44.2743333333,2.75766666667,16.0311111111
233,18,-37.7781818182,3.59709090909,18.22
234,17,-37.8264285714,4.64942857143,13.4528571429
235,1,-40.7976666667,7.38916666667,13.6116666667
236,9,-41.0668888889,8.522,18.2455555556
237,17,-35.8712857143,8.73271428571,16.6328571429
238,16,-35.91225,9.649625,12.53375
239,8,-38.804125,13.401125,13.86625
240,18,-40.1366363636,9.67318181818,10.2927272727
241,13,-45.6888888889,12.7105555556,10.7733333333
242,2,-45.5383333333,8.14966666667,8.30833333333
243,15,-43.467,4.593,7.9625
244,9,-44.3051111111,5.71622222222,4.32666666667
245,9,-42.2815555556,10.8661111111,5.46444444444
247,10,-39.0137777778,5.24822222222,2.79888888889
248,13,-36.1463333333,6.229,-0.852222222222
249,4,-33.116,3.63657142857,1.58714285714
250,16,-32.40175,5.031875,6.13375
251,3,-29.4828571429,8.42442857143,5.01
252,8,-25.178875,7.328,6.1175
253,2,-27.9206666667,10.5048333333,8.555
254,10,-31.966,9.09566666667,8.47666666667
255,12,-27.444,3.95963636364,9.81272727273
256,17,-25.9912857143,6.97357142857,12.78
257,13,-28.4808888889,9.75788888889,15.01
258,18,-32.1671818182,3.47627272727,14.6572727273
259,3,-27.718,2.84771428571,15.6985714286
260,13,-26.2476666667,6.28622222222,19.8155555556
261,9,-31.2788888889,6.26411111111,20.4011111111
262,15,-31.628,0.642625,19.16625
263,13,-26.1078888889,0.163,20.1366666667
264,6,-28.8015,-2.0375,23.9875
265,16,-32.1905,-1.318875,23.59125
266,13,-34.1227777778,-5.73188888889,25.9433333333
267,17,-35.7065714286,-6.641,20.8171428571
268,9,-40.31,-8.51166666667,21.8255555556
269,15,-39.668625,-11.90875,17.97875
270,3,-43.7835714286,-10.8308571429,16.5128571429
271,11,-41.7882,-14.2712,13.606
272,1,-42.4968333333,-17.692,16.17
276,13,-42.4862222222,-14.8951111111,25.7933333333
277,12,-36.4810909091,-15.9756363636,22.9645454545
278,13,-36.9241111111,-10.3826666667,26.1788888889
279,19,-33.8013333333,-12.0370833333,21.2975
280,12,-29.6517272727,-6.79954545455,25.1309090909
281,17,-29.515,-4.68457142857,20.1142857143
282,1,-25.4271666667,-5.20216666667,18.805
283,7,-25.0835,-2.991625,15.30625
284,17,-27.8177142857,-1.27957142857,12.9485714286
285,3,-27.3398571429,-3.33857142857,9.37
286,12,-23.7305454545,0.311636363636,6.10090909091
287,12,-25.935,-4.40481818182,3.04727272727
288,4,-30.6971428571,-3.16371428571,3.04285714286
289,5,-33.1168,-6.544,4.036
290,2,-32.7588333333,-6.4895,0.291666666667
291,11,-29.4931,-5.8045,-0.901
292,10,-27.6761111111,-7.94966666667,4.95111111111
293,3,-26.1811428571,-11.2917142857,3.38142857143
294,18,-27.7580909091,-15.1961818182,6.19181818182
295,4,-23.9957142857,-17.5001428571,6.16
296,16,-28.055625,-20.616125,4.7225
297,10,-25.5571111111,-25.2265555556,6.12111111111
298,10,-27.6793333333,-25.4594444444,1.37222222222
299,9,-30.3636666667,-29.2345555556,3.68222222222
300,2,-25.9485,-30.2086666667,0.836666666667
301,6,-23.68875,-28.721,3.45
302,10,-22.3692222222,-26.9592222222,0.247777777778
303,3,-22.59,-22.8651428571,2.72714285714
304,17,-25.2658571429,-19.976,0.582857142857
305,9,-24.2268888889,-15.7717777778,1.27444444444
306,1,-29.1576666667,-15.5783333333,2.20333333333
307,3,-31.0842857143,-12.3818571429,1.58142857143
308,17,-32.7552857143,-11.2568571429,5.59571428571
309,5,-35.543,-11.1886,2.522
310,10,-35.352,-14.888,-0.0755555555556
311,19,-34.5621666667,-17.1970833333,6.43166666667
312,18,-37.849,-13.7399090909,7.21727272727
313,13,-40.068,-15.4164444444,0.608888888889
314,8,-37.688,-19.213125,1.7025
315,12,-38.5141818182,-21.2370909091,7.85909090909
316,11,-40.3514,-17.5451,8.611
317,13,-43.8503333333,-18.8236666667,4.11888888889
318,16,-42.7965,-12.8595,5.68875
319,17,-43.2582857143,-10.7504285714,2.04
320,16,-40.128125,-8.1255,4.20125
321,12,-45.2187272727,-3.31609090909,4.58636363636
322,19,-41.6673333333,-1.73775,6.02916666667
323,4,-37.4057142857,-4.05585714286,2.24142857143
324,11,-37.0174,0.0612,2.596
325,16,-35.9305,-0.46275,6.45375
326,4,-32.4415714286,-1.47514285714,8.3
327,1,-31.3005,-5.25633333333,10.0516666667
328,16,-32.073875,-5.105875,14.32625
329,10,-26.6213333333,-7.52055555556,14.7077777778
330,17,-28.8102857143,-9.93642857143,17.59
331,6,-25.9365,-11.31975,19.72
332,10,-21.992,-13.0457777778,19.4433333333
333,9,-20.097,-9.803,15.3811111111
334,10,-20.5232222222,-14.9074444444,15.1244444444
335,13,-24.1487777778,-17.5373333333,14.9266666667
336,11,-24.6388,-14.3025,11.586
337,3,-28.5312857143,-12.8482857143,14.2057142857
338,19,-28.1975,-10.0773333333,10.5533333333
339,16,-33.89475,-9.37475,13.3775
340,4,-36.3878571429,-7.70528571429,10.3428571429
341,16,-37.011625,-3.102,11.7625
342,9,-41.3462222222,-5.68766666667,9.74
343,17,-40.3178571429,-8.72342857143,13.2028571429
344,1,-39.1523333333,-6.23483333333,16.1633333333
345,7,-41.69675,-5.25575,19.34875
346,15,-39.221375,-1.99775,22.1825
347,17,-38.7991428571,-4.83685714286,25.7
348,5,-41.0002,-3.4642,28.478
349,6,-38.93375,-1.8125,31.1325
350,10,-36.2383333333,-1.06477777778,28.3222222222
351,12,-33.1339090909,3.34772727273,33.1572727273
352,1,-33.3293333333,6.08983333333,29.5683333333
353,15,-29.077625,5.244,30.32875
354,13,-28.6523333333,9.18322222222,26.3388888889
355,13,-29.0104444444,13.5654444444,28.9511111111
356,16,-32.81625,13.861,28.44375
357,3,-33.6994285714,16.8135714286,25.2685714286
358,8,-32.626625,20.89225,26.58375
359,7,-37.22625,20.322375,26.01625
360,10,-36.8918888889,15.1123333333,26.8677777778
361,3,-35.0904285714,17.6738571429,30.96
362,2,-37.8945,20.3713333333,31.2233333333
363,3,-41.4598571429,17.9567142857,30.76
364,14,-39.087875,14.73975,33.82375
365,15,-38.40575,18.7325,36.26625
366,12,-42.5950909091,20.7574545455,33.2809090909
367,5,-43.6482,16.2714,36.85
368,3,-41.0204285714,16.0251428571,39.4057142857
369,5,-41.4266,19.3672,41.412
370,12,-44.5420909091,17.7930909091,42.9663636364
371,2,-43.4246666667,21.6688333333,46.65
372,5,-42.0438,20.563,49.918
373,4,-45.1732857143,21.197,50.8042857143
374,8,-46.93775,19.4735,47.2275
375,12,-41.586,15.6021818182,47.45
376,10,-44.6354444444,16.0685555556,53.2366666667
377,9,-49.016,15.2817777778,51.32
378,9,-47.1783333333,12.2246666667,46.6722222222
379,15,-44.01125,10.61425,50.66125
380,2,-47.8798333333,10.3185,52.8116666667
381,13,-50.6173333333,10.0824444444,48.5688888889
382,16,-46.233625,6.1915,48.55
383,14,-46.261625,5.3095,53.15375
384,12,-52.0700909091,6.79536363636,52.2454545455
385,2,-50.4585,2.78316666667,48.9466666667
386,5,-48.0016,0.645,50.528
387,8,-50.190375,-0.833,53.84125
388,18,-44.9064545455,-0.820272727273,54.0663636364
389,7,-48.15425,-2.35475,58.64625
390,3,-50.597,-5.02757142857,55.1642857143
391,8,-46.328,-6.935625,53.36375
392,4,-47.4538571429,-10.3864285714,53.1528571429
393,19,-43.67925,-11.57675,51.6883333333
394,17,-43.3825714286,-7.49085714286,56.52
395,12,-47.8426363636,-9.03036363636,59.3963636364
396,9,-43.5915555556,-14.1475555556,57.8433333333
397,18,-39.6814545455,-11.7160909091,58.2409090909
398,6,-42.538,-8.72725,62.28
399,15,-41.138375,-5.956125,60.2775
400,14,-44.298375,-2.3195,62.7875
401,17,-43.5184285714,0.725714285714,59.4742857143
402,13,-44.3205555556,5.04233333333,62.6022222222
403,8,-48.0225,6.16375,58.3775
404,9,-46.4707777778,9.02077777778,61.6366666667
405,14,-42.532,11.797375,58.34125
406,3,-39.1168571429,11.2304285714,61.7742857143
407,8,-40.302125,14.24675,64.57625
408,17,-35.9107142857,16.1488571429,63.4257142857
409,3,-34.2865714286,19.1452857143,65.9728571429
410,6,-32.7925,21.788,63.91
411,12,-28.4963636364,23.0232727273,64.6509090909
412,17,-30.7108571429,27.6338571429,61.67
413,16,-26.1985,27.61625,61.36625
414,10,-25.2757777778,33.37,62.2522222222
415,4,-25.3358571429,33.7032857143,58.3957142857
416,4,-21.5147142857,34.3207142857,57.04
417,2,-20.5553333333,38.4833333333,57.405
418,15,-19.93125,38.9375,52.745
419,16,-16.032625,41.965,53.47625
420,19,-18.5408333333,42.9956666667,49.0333333333
421,6,-15.16525,47.06825,49.3975
422,6,-14.1525,50.083,48.575
423,12,-13.918,55.2347272727,48.3390909091
424,7,-18.058125,51.684125,51.95625
425,13,-14.7467777778,48.7834444444,53.8544444444
426,5,-19.6572,47.0884,52.528
427,15,-20.60775,44.53675,55.82875
428,5,-23.1852,41.9028,53.598
429,3,-26.2011428571,40.4981428571,55.9828571429
430,4,-26.6338571429,37.0342857143,54.5585714286
431,17,-31.3841428571,37.3691428571,53.9714285714
432,10,-33.9827777778,33.8665555556,53.3066666667
433,6,-29.21625,32.8645,50.975
434,17,-29.8451428571,35.8645714286,49.3371428571
435,20,-25.0590714286,37.7855714286,49.1435714286
436,8,-27.44125,42.696375,47.8225
437,14,-23.212125,43.967875,44.8025
438,12,-28.7969090909,46.9130909091,46.0709090909
439,7,-24.34425,50.7705,48.0125
440,13,-22.5907777778,46.6634444444,48.0988888889
441,10,-17.7743333333,48.737,45.4944444444
442,18,-16.0921818182,43.789,43.3281818182
443,11,-11.5977,42.9688,48.689
444,3,-9.811,43.3617142857,44.84
445,6,-10.8285,45.48125,41.7025
446,15,-9.46075,44.449,38.26375
447,9,-8.21344444444,49.5548888889,36.41
448,15,-10.802375,46.5895,32.765
449,13,-6.39988888889,49.4136666667,30.5211111111
450,17,-7.14671428571,46.4592857143,27.32
451,20,-12.8863571429,45.7616428571,26.4035714286
452,5,-12.0588,42.5906,23.152
453,15,-15.807375,42.570125,21.40625
454,5,-16.1268,38.4742,19.614
455,1,-19.6061666667,38.6943333333,17.3066666667
456,18,-18.3924545455,34.1443636364,16.7118181818
457,5,-23.4062,36.7144,15.856
458,4,-25.3218571429,37.0708571429,13.07
459,10,-24.1895555556,42.6948888889,11.4644444444
460,12,-28.9922727273,39.3309090909,9.27909090909
461,10,-29.4243333333,38.5745555556,14.3011111111
462,1,-25.8068333333,41.6163333333,16.6266666667
463,3,-26.4161428571,45.4438571429,15.7914285714
464,9,-22.5491111111,48.4495555556,15.1155555556
465,17,-26.7705714286,49.634,18.1814285714
466,11,-27.9046,45.5335,19.408
467,16,-22.65975,45.53675,20.45
468,13,-22.9333333333,51.5178888889,21.81
469,2,-25.9186666667,49.0323333333,24.1833333333
470,18,-23.9801818182,44.7170909091,26.2718181818
471,3,-21.2635714286,48.3424285714,25.9857142857
472,9,-22.7198888889,52.495,27.9322222222
473,10,-26.1405555556,49.5786666667,29.9333333333
474,16,-21.252125,46.32875,30.90375
475,12,-18.6744545455,51.3810909091,30.5363636364
476,13,-23.3463333333,51.9218888889,35.1311111111
477,15,-22.969875,47.716125,35.935
478,2,-18.5836666667,47.9838333333,35.9633333333
479,12,-18.9785454545,52.7652727273,35.9072727273
480,8,-21.53025,51.094875,40.555
481,5,-18.8044,47.0264,41.048
482,6,-15.43525,48.04375,41.4575
483,14,-14.932,45.918375,37.7375
484,4,-13.5108571429,49.8711428571,36.6471428571
485,15,-14.655875,48.905,31.9175
486,10,-11.1582222222,52.4122222222,32.0144444444
487,6,-13.87075,52.25875,27.85
488,10,-15.0628888889,52.3202222222,24.2266666667
489,4,-13.7981428571,48.2891428571,22.9357142857
490,1,-9.5265,47.7248333333,21.4383333333
491,18,-10.9060909091,43.9552727273,18.1363636364
492,1,-14.8643333333,44.9606666667,17.3183333333
493,13,-14.0142222222,41.5533333333,13.8188888889
494,19,-19.15775,41.2241666667,13.5966666667
495,5,-17.332,35.7496,13.082
496,10,-18.8681111111,31.52,11.2488888889
497,6,-16.42975,29.59125,13.285
498,5,-14.0586,27.4972,15.172
499,8,-11.8105,27.317,12.05625
500,2,-12.279,32.0041666667,13.1366666667
501,17,-11.1038571429,31.3774285714,17.2914285714
502,9,-6.64488888889,29.8643333333,16.5311111111
503,4,-6.95971428571,33.1864285714,13.8357142857
504,14,-9.499,36.69875,16.1775
505,18,-8.35027272727,34.5254545455,20.1890909091
506,12,-2.11690909091,32.9552727273,17.8009090909
507,11,-4.7401,39.9854,15.544
508,16,-6.242625,39.952125,19.85375
509,13,-1.18866666667,37.4557777778,22.6588888889
510,7,0.315375,39.343875,18.67
511,3,-1.95628571429,43.4938571429,17.9985714286
512,19,-4.64166666667,44.8286666667,20.6391666667
513,5,-0.413,45.2274,24.748
514,6,-2.4595,44.1705,27.6875
515,16,-5.466,41.786125,26.0175
516,10,-7.17033333333,42.7928888889,30.5988888889
517,16,-11.489125,40.36175,28.59625
518,17,-11.9811428571,38.328,24.92
519,17,-16.2727142857,39.7081428571,25.1057142857
520,17,-17.1507142857,35.725,22.9957142857
521,15,-20.918625,37.526375,21.3475
522,16,-22.0155,32.87675,21.455
523,4,-25.1095714286,32.0375714286,18.4557142857
524,6,-26.3325,29.845,21.365
525,13,-25.3343333333,24.8857777778,21.3288888889
526,3,-21.7962857143,26.7597142857,19.2585714286
527,4,-19.1835714286,24.2122857143,18.5471428571
528,17,-17.3832857143,28.2681428571,18.9942857143
529,19,-17.87675,27.448,25.2341666667
530,5,-15.07,24.6378,22.756
531,9,-11.8201111111,26.3195555556,19.8233333333
532,17,-13.2868571429,29.9441428571,22.9014285714
533,13,-13.1241111111,28.3694444444,26.9577777778
534,12,-8.10009090909,23.9088181818,23.5927272727
535,17,-7.51271428571,28.7317142857,22.4728571429
536,6,-7.802,30.3745,26.1825
537,8,-8.008,28.115875,28.8075
538,3,-4.77971428571,25.7092857143,26.2257142857
539,17,-3.13285714286,27.9032857143,23.1371428571
540,16,-2.910375,31.956375,23.38125
541,6,-3.872,32.4395,27.675
542,14,-6.505375,34.84975,26.39375
543,5,-9.5824,35.7048,29.392
544,3,-12.609,34.0945714286,27.4242857143
545,10,-17.0075555556,36.0372222222,29.5977777778
546,1,-18.9855,34.021,27.12
547,17,-22.5101428571,36.4655714286,25.9842857143
548,10,-26.3077777778,33.4827777778,25.0255555556
549,14,-27.78975,36.6845,20.54625
550,13,-30.4556666667,35.3405555556,24.2566666667
551,7,-28.181375,38.090125,27.23125
552,17,-26.5637142857,41.5164285714,23.76
553,10,-30.6111111111,41.0017777778,21.4733333333
554,12,-34.1832727273,41.619,25.71
555,3,-29.71,44.3035714286,28.8914285714
556,3,-30.6045714286,42.6662857143,32.8242857143
557,4,-29.3712857143,45.052,35.6871428571
558,10,-28.9254444444,40.7834444444,38.4433333333
559,3,-27.5168571429,39.5037142857,33.8742857143
560,16,-24.96625,43.040875,33.2375
561,2,-23.8728333333,41.9031666667,38.0166666667
562,7,-24.18375,37.985875,37.71875
563,16,-21.27125,39.023375,33.46375
564,1,-19.1296666667,41.614,36.7516666667
565,16,-19.531,38.373,39.705
566,13,-18.1654444444,35.1278888889,35.5155555556
567,15,-15.037125,39.6495,34.47375
568,7,-13.164875,40.41175,39.06375
569,17,-12.6971428571,36.1287142857,39.1885714286
570,13,-12.2713333333,35.01,34.3977777778
571,16,-8.979125,39.410875,35.26
572,6,-7.62925,38.24425,39.62
573,6,-10.038,38.87875,41.6275
574,17,-11.3491428571,39.6922857143,45.2628571429
575,7,-15.675125,39.44925,43.995
576,7,-16.673375,38.479,48.025
577,15,-13.7035,38.382625,51.95125
578,16,-15.519,35.122625,54.61375
579,16,-16.147375,39.025,58.3275
580,4,-12.2934285714,38.351,59.1514285714
581,10,-14.1955555556,39.4855555556,62.5366666667
582,6,-16.1005,35.416,61.3725
583,12,-12.3012727273,33.7427272727,60.0290909091
584,4,-13.6251428571,29.4194285714,61.9357142857
585,4,-10.9144285714,28.344,65.1
586,17,-9.13914285714,26.6374285714,61.21
587,18,-9.28645454545,30.1798181818,58.7409090909
588,10,-6.07611111111,30.5884444444,64.4655555556
589,10,-3.01022222222,27.4418888889,62.2844444444
590,4,-1.71914285714,28.0227142857,58.0014285714
591,17,-5.64014285714,26.1757142857,55.9085714286
592,15,-5.33525,23.908625,51.775
593,18,-9.86572727273,24.9812727273,52.6345454545
594,16,-8.637625,20.41375,48.91875
595,6,-11.6835,19.8895,45.8225
596,5,-13.0082,16.691,44.698
597,8,-15.67975,15.704,41.1525
598,17,-14.7331428571,12.3862857143,39.0528571429
599,3,-16.8801428571,13.6285714286,35.6357142857
600,11,-17.9738,9.5267,35.365
601,4,-18.4647142857,8.98685714286,30.56
602,4,-22.0361428571,7.965,28.8371428571
606,6,-18.5465,5.853,25.58
607,13,-15.5667777778,3.22944444444,25.1566666667
608,13,-15.7301111111,8.79377777778,26.3088888889
609,4,-12.2442857143,9.26414285714,29.4657142857
610,2,-13.0006666667,9.53433333333,33.5866666667
611,15,-12.696625,14.02,33.8875
612,5,-10.268,14.199,37.618
613,5,-10.923,17.407,39.612
614,17,-8.33671428571,18.5548571429,42.4971428571
615,17,-9.56228571429,22.4108571429,43.74
616,6,-7.26925,24.944,45.865
617,2,-6.8675,27.274,48.625
618,14,-4.1165,29.435875,46.70375
619,8,-6.33975,32.71025,49.795
620,5,-6.8434,33.3204,53.942
621,11,-9.4162,35.585,52.049
622,4,-11.2782857143,31.3724285714,51.4428571429
623,7,-11.422125,33.812,46.90625
624,12,-8.36718181818,33.3797272727,43.5290909091
625,19,-9.938,28.0671666667,45.2475
626,1,-5.74666666667,26.4878333333,41.7866666667
627,5,-6.7934,23.7732,38.868
628,3,-5.76171428571,20.05,39.2685714286
629,17,-7.13371428571,18.1587142857,35.3414285714
630,12,-4.71072727273,14.8970909091,35.9881818182
631,17,-7.39514285714,11.6428571429,32.3014285714
632,10,-9.33444444444,8.42411111111,35.4277777778
633,10,-10.7273333333,3.44633333333,34.4033333333
634,11,-15.1986,4.1569,31.437
635,12,-17.9872727273,4.70972727273,36.1618181818
636,10,-12.5875555556,4.72477777778,38.58
637,9,-15.2575555556,8.10255555556,41.7811111111
638,15,-10.68025,5.98975,42.765
639,15,-8.765625,10.453625,42.3325
640,10,-5.48288888889,6.56488888889,40.1866666667
641,8,-2.448625,11.249875,39.57375
642,16,-4.916125,12.539125,44.27
643,5,-0.6644,12.6234,44.658
644,5,0.1432,14.7472,41.902
645,14,-3.6595,16.44975,41.465
646,17,-2.24871428571,17.2931428571,46.2228571429
647,12,3.79227272727,17.7449090909,44.5345454545
648,9,0.506888888889,20.3091111111,41.2
649,16,-2.668,22.2685,44.6675
650,16,0.5965,21.745375,48.52125
651,15,3.887625,23.911875,45.35375
652,10,0.739,27.0051111111,43.3377777778
653,18,-0.982272727273,27.5874545455,50.0454545455
654,19,5.78558333333,28.35375,49.9025
655,13,4.54022222222,29.4174444444,44.3022222222
656,2,0.777333333333,32.4431666667,47.095
657,3,1.13842857143,32.1771428571,51.1842857143
658,12,6.48718181818,33.3759090909,51.8609090909
659,18,2.47181818182,30.6303636364,54.9318181818
660,13,4.79422222222,24.962,54.5566666667
661,4,-0.222428571429,23.7282857143,54.6714285714
662,3,-1.08585714286,23.2518571429,59.3342857143
663,12,-4.94309090909,22.4520909091,60.2209090909
664,15,-5.259625,19.078375,54.49625
665,15,-9.789,20.7665,54.8275
666,18,-10.4019090909,16.2833636364,50.4745454545
667,19,-15.0025,19.5625,51.755
668,12,-14.3452727273,12.9553636364,46.8809090909
669,8,-18.435,15.13625,45.17875
670,6,-19.322,11.1605,44.9025
671,17,-18.4317142857,8.92985714286,47.5828571429
672,2,-21.2035,5.83316666667,48.3433333333
673,9,-22.5631111111,4.54866666667,52.46
674,6,-19.474,1.45625,49.705
675,10,-17.445,3.613,47.0377777778
676,18,-17.3790909091,5.93672727273,52.3745454545
677,10,-13.4411111111,1.94355555556,53.8877777778
678,10,-13.1933333333,1.58788888889,48.1366666667
679,17,-11.9877142857,6.36557142857,48.8457142857
680,16,-10.17525,6.2295,53.3475
681,11,-6.4497,2.2144,51.274
682,11,-5.7653,5.5339,46.618
683,9,-8.33855555556,9.446,47.8611111111
684,16,-5.781625,9.399625,53.4075
685,16,-2.42125,6.921625,51.65375
686,5,-2.3464,10.2892,48.394
687,15,-3.323375,13.458,50.72625
688,12,-1.11118181818,10.3619090909,54.9545454545
689,9,2.30533333333,9.43888888889,49.7844444444
690,5,2.1642,14.4526,48.852
691,1,2.94733333333,15.5381666667,52.26
692,15,5.96675,12.346375,52.4925
693,13,7.46422222222,12.645,47.6233333333
694,16,6.962125,17.98025,49.57
695,9,9.08655555556,18.5103333333,53.5544444444
696,13,11.0603333333,13.0606666667,56.3133333333
697,8,9.1705,15.07125,59.03125
698,19,4.17241666667,18.7115,55.4558333333
699,10,3.01966666667,14.5322222222,59.2288888889
700,4,-0.351,17.8697142857,57.5614285714
701,6,-3.90175,17.73825,59.1525
702,15,-5.62225,15.0855,56.81625
703,3,-10.1678571429,16.676,57.38
704,18,-11.5939090909,12.5286363636,53.3836363636
705,15,-15.2195,15.880125,54.315
706,17,-17.9662857143,12.716,51.7928571429
707,17,-20.166,15.8618571429,49.54
708,10,-23.6484444444,12.7334444444,48.6666666667
709,13,-26.5931111111,16.9006666667,46.2733333333
710,12,-26.7269090909,9.64509090909,44.3045454545
711,11,-29.3981,12.329,49.272
712,11,-33.2181,9.3704,47.91
713,3,-32.8485714286,12.491,52.9214285714
714,12,-35.802,15.076,50.3109090909
715,16,-35.496875,17.847,55.67125
716,18,-40.2587272727,17.9880909091,54.58
717,1,-41.2098333333,22.538,57.7083333333
718,3,-43.4752857143,21.2892857143,61.34
719,8,-43.815875,25.185125,62.08125
720,13,-47.3154444444,26.1776666667,57.8811111111
721,7,-44.410125,30.4485,60.31
722,9,-39.8011111111,28.3673333333,59.8733333333
723,12,-43.6885454545,26.3166363636,55.0218181818
724,17,-38.6608571429,29.8591428571,52.6571428571
725,6,-41.18725,30.82425,49.1975
726,13,-44.8946666667,30.1748888889,47.6144444444
727,2,-40.9261666667,26.1595,47.7683333333
728,6,-41.29575,25.61175,51.1075
729,7,-38.044875,24.652625,51.22875
730,15,-35.460125,23.925,54.82375
731,4,-34.2184285714,27.4458571429,56.3028571429
732,5,-30.4918,28.6226,55.036
733,6,-28.76425,26.40275,57.805
734,3,-31.0252857143,23.6471428571,58.1457142857
735,3,-27.9578571429,21.6745714286,60.7042857143
736,17,-29.63,17.5222857143,60.7771428571
737,8,-26.417875,16.11325,64.08375
738,3,-29.8578571429,14.3651428571,65.2542857143
739,13,-33.6546666667,10.9851111111,65.4144444444
740,15,-31.818,10.97425,60.60875
741,3,-27.6524285714,10.5172857143,61.7157142857
742,11,-23.7935,6.5985,61.589
743,4,-25.048,5.49042857143,64.8057142857
744,3,-21.1754285714,5.664,65.4971428571
745,9,-19.6384444444,7.08733333333,61.6688888889
746,18,-18.5055454545,13.6915454545,62.3881818182
747,8,-23.069625,12.083125,60.10125
748,18,-22.9229090909,17.0637272727,58.9063636364
749,19,-28.1243333333,15.2698333333,56.7608333333
750,16,-25.859125,21.70075,55.73
751,1,-29.5445,23.1848333333,53.6716666667
752,2,-26.4953333333,25.6873333333,52.3216666667
753,11,-29.6835,25.1996,49.32
754,5,-32.135,28.6448,48.906
755,6,-35.084,27.33475,47.8
756,15,-35.584375,28.66,44.08
757,10,-37.344,24.7717777778,41.7322222222
758,6,-39.1195,22.42075,44.99
759,3,-37.7205714286,19.5995714286,47.2742857143
760,2,-34.4218333333,21.064,48.9383333333
761,12,-31.2818181818,17.1069090909,46.6990909091
762,4,-30.4661428571,18.0204285714,52.2871428571
763,2,-26.0983333333,18.4951666667,51.7083333333
764,11,-24.49,13.6602,54.158
765,19,-21.6855,17.4989166667,54.3425
766,11,-19.5921,10.6,56.593
767,17,-16.0478571429,12.6327142857,58.7428571429
768,16,-14.162375,9.316375,56.0475
769,20,-8.6715,10.1379285714,59.24
770,8,-10.44275,14.681,61.81
771,8,-5.9205,14.258875,62.0075
772,7,-7.71325,18.605125,62.4925
773,12,-9.00818181818,15.3904545455,67.4590909091
774,18,-12.6600909091,19.9396363636,63.1745454545
775,2,-16.3045,20.2586666667,66.425
776,2,-19.874,19.3928333333,65.4233333333
777,8,-20.738375,23.52125,66.19875
778,9,-15.1697777778,24.2443333333,64.2622222222
779,16,-16.92525,20.91125,60.52625
780,10,-21.6186666667,21.7698888889,61.26
781,15,-19.922,26.936375,61.31875
782,16,-15.905375,25.579875,58.09875
783,3,-19.126,23.5731428571,55.7942857143
784,19,-23.55825,27.9331666667,56.1941666667
785,10,-18.4695555556,30.301,56.7533333333
786,16,-16.67825,27.19775,52.63875
787,1,-21.2326666667,27.8696666667,50.94
788,11,-21.6927,31.9543,52.153
789,3,-16.8558571429,31.3948571429,49.01
790,19,-19.9226666667,29.7926666667,43.8483333333
791,17,-17.5525714286,33.8492857143,42.8785714286
792,12,-20.4441818182,31.1559090909,38.8990909091
793,1,-23.3025,33.7616666667,43.2566666667
794,3,-24.9097142857,36.9398571429,45.5328571429
795,12,-27.9580909091,32.9392727273,45.5709090909
796,2,-25.6678333333,30.0341666667,49.6866666667
797,17,-24.0688571429,27.2505714286,47.45
798,2,-25.299,23.2573333333,47.8833333333
799,15,-21.701875,22.309125,47.30125
800,4,-18.7988571429,23.519,49.51
801,5,-16.6086,26.0996,46.664
802,4,-14.2342857143,23.82,47.0628571429
803,5,-16.7826,21.1188,45.376
804,19,-20.4149166667,24.2263333333,42.4941666667
805,19,-15.0171666667,26.6075833333,42.5216666667
806,5,-14.3642,20.7196,40.836
807,11,-18.8931,20.2179,38.395
808,16,-17.041875,24.132125,37.27125
809,17,-12.6302857143,21.9431428571,36.4
810,5,-14.607,18.5852,35.03
811,18,-18.7745454545,20.8914545455,32.4345454545
812,12,-14.3106363636,24.8548181818,31.2054545455
813,5,-12.4798,19.5792,30.57
814,12,-17.4595454545,17.184,29.6390909091
815,19,-17.26175,22.1461666667,26.8816666667
816,11,-10.6764,21.8951,27.452
817,16,-11.931,16.929875,23.93875
839,11,-3.6594,9.0782,27.007
840,10,0.111777777778,10.566,26.2355555556
841,5,-3.4408,13.6066,23.986
842,16,-6.471625,12.82125,26.07375
843,5,-3.4428,14.905,28.882
844,13,-1.392,18.0404444444,25.2188888889
845,5,-6.0268,18.6018,26.086
846,17,-6.82471428571,18.5898571429,29.8857142857
847,10,-2.447,21.0453333333,30.67
848,17,-4.08771428571,24.8107142857,31.5085714286
849,11,-1.2295,28.9187,29.311
850,10,2.51511111111,28.8387777778,32.5533333333
851,8,0.0525,32.406125,32.5325
852,3,-4.34157142857,30.1301428571,32.6642857143
853,16,-1.85225,26.948375,35.7975
854,12,-0.628909090909,30.8219090909,38.4836363636
855,3,-6.393,31.4432857143,36.7985714286
856,14,-10.663125,31.28625,39.155
857,19,-9.95466666667,27.7955,34.0308333333
858,18,-12.775,27.4462727273,37.1518181818
