1,4,-14.296875,6.002875,37.955
2,6,-10.5633333333,7.75144444444,36.4988888889
3,2,-11.9374545455,1.61936363636,37.5936363636
4,4,-13.138,4.76375,32.895
5,2,-6.85454545455,7.02981818182,33.6481818182
6,22,-6.83014285714,2.69528571429,32.6042857143
7,7,-11.0747777778,1.22655555556,29.7655555556
8,13,-9.11266666667,6.53733333333,27.1811111111
9,13,-4.21466666667,4.66011111111,28.7822222222
10,19,-5.806,0.0492857142857,27.2414285714
11,15,-9.76336363636,0.128909090909,24.9981818182
12,19,-5.82228571429,4.16985714286,22.6928571429
13,13,-2.01266666667,1.63933333333,24.0488888889
14,20,-6.70528571429,-3.39714285714,20.3092857143
15,22,-6.643,0.905,18.2242857143
16,3,-2.85575,2.843875,17.8825
17,13,-1.19622222222,-3.44266666667,17.6922222222
18,9,-4.1997,-3.3343,15.323
19,12,-4.62325,2.034625,13.11375
20,11,0.622,1.600125,12.585
21,13,0.212222222222,-2.26455555556,10.2555555556
22,1,-2.6852,2.0396,8.084
23,7,0.00311111111111,4.12744444444,7.52555555556
24,2,-4.81236363636,6.30981818182,9.86181818182
25,9,-1.9298,7.7171,15.987
26,11,-5.808625,7.49175,17.8925
27,18,-4.3545,10.79,20.445
28,4,-8.67475,11.871875,22.06375
29,12,-10.574875,7.216125,21.99625
30,21,-13.282,9.79816666667,24.5875
31,6,-12.4304444444,13.9852222222,19.6988888889
32,4,-9.71225,10.887125,16.9375
33,12,-13.32625,7.27325,16.71625
34,2,-16.5660909091,12.8741818182,16.7463636364
35,4,-14.599625,11.0835,11.18875
36,8,-15.0915,7.07225,10.8925
37,9,-12.5721,8.1884,7.992
38,3,-9.7775,5.990875,12.3275
39,12,-13.899625,2.81125,13.275
40,11,-13.615,2.27925,8.28125
41,18,-9.31283333333,1.694,8.88
42,12,-9.763125,-0.841875,13.0625
43,12,-13.1675,-2.787875,10.82375
44,6,-10.2777777778,-2.11622222222,6.25111111111
45,22,-6.56142857143,-3.92514285714,9.60857142857
46,12,-8.949375,-6.255125,12.3625
47,18,-10.7843333333,-8.14133333333,8.13333333333
48,8,-9.4175,-7.521,4.9525
49,4,-12.70925,-7.0605,4.3425
50,18,-12.9261666667,-3.72433333333,1.28833333333
51,12,-15.1025,-1.14875,3.9925
52,16,-17.2937142857,1.67957142857,2.13142857143
53,2,-13.5201818182,5.27,3.42545454545
54,6,-18.8467777778,9.60766666667,2.12666666667
55,13,-14.8953333333,12.5152222222,0.35
56,8,-16.3435,14.88725,4.045
57,2,-14.6816363636,17.9503636364,5.56818181818
58,14,-20.95175,17.781875,6.34375
59,2,-23.6471818182,15.2869090909,12.0909090909
60,15,-24.8401818182,13.9394545455,5.42909090909
61,9,-20.685,13.7354,4.646
62,13,-19.0797777778,12.6711111111,10.6966666667
63,12,-23.714875,10.2685,10.73375
64,7,-22.9251111111,8.58933333333,5.68111111111
65,3,-18.3675,7.207375,7.4475
66,22,-20.2568571429,5.73571428571,11.8314285714
67,7,-24.1773333333,3.21411111111,10.0288888889
68,11,-20.05025,2.118625,6.91625
69,1,-18.9428,0.4682,10.862
70,12,-22.04125,0.453125,13.28875
71,4,-24.070125,-1.6305,9.36
72,21,-18.2204166667,-5.22333333333,8.9625
73,12,-19.835,-4.786,13.43625
74,2,-25.3646363636,-3.35327272727,13.37
75,9,-24.5077,-6.6746,8.535
76,2,-20.0442727273,-9.48,9.91545454545
77,7,-23.6954444444,-12.6194444444,14.2188888889
78,22,-21.845,-7.841,16.4585714286
79,13,-25.3691111111,-8.39466666667,19.8044444444
80,12,-23.9745,-2.81625,18.71875
81,22,-24.8772857143,-1.52628571429,23.6285714286
82,3,-28.03175,1.1505,23.47875
83,11,-24.213625,1.849375,19.99875
84,2,-27.7450909091,6.89772727273,18.5872727273
85,3,-24.8535,6.93375,14.17375
86,4,-25.638375,9.87025,17.05875
87,4,-23.922125,8.157125,20.36125
88,11,-19.831125,7.394375,17.91125
89,1,-20.3502,11.625,16.368
90,4,-21.5555,13.309875,19.465
91,8,-18.13925,11.369,21.885
92,3,-20.57425,8.99025,24.39125
93,16,-17.6261428571,8.70814285714,26.6057142857
94,13,-20.8083333333,4.83944444444,28.0733333333
95,12,-21.45475,4.41725,24.045
96,19,-16.7378571429,5.08685714286,22.4242857143
97,12,-15.0525,2.8215,25.95
98,8,-18.02025,-0.16625,24.035
99,12,-17.651375,0.30375,19.7375
100,11,-13.453,-0.364,21.1
101,20,-14.915,-5.15064285714,25.485
102,19,-17.6165714286,-4.96242857143,20.9314285714
103,11,-14.1765,-4.34375,18.1325
104,11,-11.471375,-6.138375,21.70875
105,12,-15.121375,-9.38275,22.57125
106,9,-15.7362,-10.3513,16.643
107,15,-12.1628181818,-8.91809090909,15.3
108,7,-8.37788888889,-10.4464444444,20.7633333333
109,11,-11.698625,-12.450625,23.345
110,18,-14.577,-14.932,20.5216666667
111,4,-12.978375,-17.542375,18.4425
112,11,-11.301625,-19.178875,23.42625
113,7,-11.8456666667,-23.5751111111,22.28
114,22,-9.59528571429,-24.1812857143,26.7985714286
115,18,-8.33983333333,-27.9546666667,27.8716666667
116,8,-11.52525,-28.3845,30.175
117,7,-14.2421111111,-26.1681111111,27.3088888889
118,18,-17.7153333333,-26.2615,29.8216666667
119,6,-20.4023333333,-27.9112222222,27.7111111111
120,4,-22.397125,-22.4755,28.26125
121,14,-17.412875,-21.935125,29.25
122,19,-18.0434285714,-17.4124285714,28.6957142857
123,1,-14.7442,-16.1768,26.956
124,13,-14.6911111111,-13.7765555556,31.5277777778
125,6,-16.0398888889,-18.4955555556,32.0233333333
126,13,-13.2178888889,-20.4617777778,27.7
127,12,-9.0005,-16.4655,29.58
128,12,-10.215125,-17.685,34.4625
129,12,-9.8045,-22.572,32.86625
130,20,-4.50992857143,-19.9972142857,29.4835714286
131,18,-4.93383333333,-18.6871666667,33.6083333333
132,7,-7.00511111111,-21.326,36.69
133,2,-4.76718181818,-25.6692727273,32.68
134,14,-0.813,-21.819,32.1346153846
135,22,-0.457571428571,-21.2964285714,37.4242857143
136,6,-1.78488888889,-26.3306666667,37.4455555556
137,8,2.29175,-25.84925,39.5075
138,21,4.03591666667,-22.3155,38.8675
139,7,4.25633333333,-22.8997777778,46.1011111111
140,8,1.544,-19.53,45.4475
141,12,0.79325,-18.766,42.15375
142,2,-5.20409090909,-18.6107272727,44.1045454545
143,5,-6.561,-17.2288333333,39.3433333333
144,4,-9.5615,-16.203125,41.8925
145,3,-9.852875,-12.430375,39.5175
146,15,-9.53927272727,-11.681,34.6036363636
147,19,-9.12514285714,-7.96957142857,39.1928571429
148,18,-7.45916666667,-8.67691666667,42.8116666667
149,18,-5.33583333333,-11.8971666667,40.825
150,20,-3.72821428571,-11.1931428571,36.5692857143
151,2,-2.05272727273,-4.82718181818,42.82
152,4,1.4045,-9.092625,42.28
153,8,2.90375,-9.76875,38.595
154,2,3.96663636364,-12.8737272727,42.2009090909
155,12,-0.157375,-14.530375,37.49
156,15,0.993090909091,-10.8180909091,33.9954545455
157,3,6.229625,-13.163,35.51125
158,1,4.3224,-17.4626,35.346
159,11,1.851125,-17.111875,32.11875
160,11,6.15625,-15.672625,30.4575
161,9,8.6414,-19.9003,33.813
162,2,3.76281818182,-23.692,32.0081818182
163,9,5.071,-20.9592352941,26.7029411765
164,13,10.4442222222,-18.8812222222,26.7311111111
165,16,11.538,-21.3328571429,31.1257142857
166,12,14.616125,-19.1825,28.975
167,12,12.457875,-15.636375,29.2825
168,11,11.25,-15.624375,33.825
169,4,14.377375,-15.551875,38.00375
170,14,9.8715,-17.313875,39.29
171,3,13.357,-17.589125,42.8725
172,13,14.323,-11.9158888889,40.45
173,22,9.446,-12.8042857143,41.0814285714
174,21,8.431,-15.4855,44.185
175,2,14.2851818182,-11.8290909091,45.1072727273
176,7,11.1514444444,-8.42244444444,42.4055555556
177,19,8.45642857143,-4.88385714286,43.7085714286
178,3,4.113625,-5.099625,42.71375
179,12,5.991375,-1.589,40.01625
180,6,10.544,-4.31655555556,40.3377777778
181,3,7.4575,-8.215625,39.0225
182,12,4.171375,-5.47825,36.50125
183,4,8.549125,-3.365875,33.8925
184,7,10.8075333333,-8.22446666667,35.032
185,1,6.6616,-9.0162,32.116
186,15,4.20745454545,-5.806,31.02
187,18,9.55416666667,-6.1565,28.8733333333
188,22,9.95857142857,-10.3721428571,28.6171428571
189,1,6.6246,-10.0298,26.304
190,6,7.78333333333,-5.87733333333,23.8855555556
191,2,13.4773157895,-8.72963157895,24.9557894737
192,4,11.353125,-12.150125,24.01
193,12,6.692125,-13.327375,23.42875
194,8,5.396,-9.842,20.5675
195,22,3.277,-8.87557142857,23.4
196,19,2.04871428571,-4.85471428571,22.2285714286
197,2,4.501,-2.49418181818,27.0418181818
198,12,-1.82325,-2.908,25.9425
199,12,-1.1315,-2.64075,30.53
200,4,1.41375,1.26325,31.82625
201,16,3.11728571429,-0.644428571429,35.3471428571
202,6,2.15166666667,3.11344444444,37.3455555556
203,4,-2.288875,1.433125,34.84625
204,22,-1.96071428571,-2.95342857143,37.2414285714
205,4,-0.0195,-1.18125,41.53875
206,22,-4.37114285714,-0.346285714286,41.4385714286
207,16,-6.66071428571,-0.844714285714,44.47
208,7,-10.2592222222,-2.604,42.3366666667
209,16,-7.39814285714,-3.76728571429,38.6085714286
210,4,-9.925625,-2.29325,34.26
211,6,-12.4553333333,-6.92588888889,34.3622222222
212,13,-13.0854444444,-4.31588888889,30.2666666667
213,18,-7.72416666667,-3.6265,30.69
214,11,-6.3855,-7.25575,32.76375
215,11,-9.574375,-9.406375,29.76
216,19,-7.278,-6.95714285714,26.51
217,21,-1.44008333333,-7.91775,28.2366666667
218,22,-4.47257142857,-11.9725714286,29.3071428571
219,18,-6.12816666667,-12.099,25.2633333333
220,18,-2.69566666667,-10.8313333333,23.9683333333
221,12,-0.379625,-13.189,26.71125
222,21,-4.74308333333,-17.9086666667,24.3
223,4,-3.258625,-14.86275,20.31375
224,1,1.002,-15.0864,21.252
225,14,1.7805,-17.80425,24.19
226,16,3.33942857143,-20.7344285714,21.1685714286
227,4,-8.842375,30.955,11.7475
228,6,-7.40066666667,34.0865555556,13.5288888889
229,2,-2.829,30.854,15.0872727273
230,4,-4.540875,29.029625,10.735
231,2,-5.55009090909,34.5149090909,7.53090909091
232,22,-0.199857142857,33.969,9.86428571429
233,7,0.438222222222,28.7252222222,10.0211111111
234,13,-1.84811111111,29.9548888889,4.25222222222
235,13,1.35622222222,34.6743333333,5.09222222222
236,19,4.72971428571,31.7165714286,7.09
237,15,3.96263636364,27.3440909091,6.64818181818
238,19,3.58228571429,30.1164285714,1.26857142857
239,13,6.36977777778,33.7367777778,2.42888888889
240,20,10.1003571429,26.9269285714,4.08714285714
241,22,7.62228571429,26.708,-0.0128571428571
242,3,8.011,30.178875,-2.6025
243,13,13.2445555556,29.6673333333,0.933333333333
244,9,13.358,26.2282,-0.521
245,12,9.924375,26.288125,-5.2125
246,11,13.1455,30.360875,-6.55875
247,13,16.4478888889,27.1531111111,-5.26888888889
248,1,13.1036,25.4218,-9.54
249,7,12.9461111111,27.9768888889,-11.8588888889
250,2,8.09918181818,25.1478181818,-10.01
251,9,5.42,31.0428,-7.093
252,11,3.19325,28.655375,-4.4075
253,18,-0.0763333333333,31.7125,-4.535
254,4,-3.4265,28.933,-2.655
255,12,-0.600875,26.2945,0.47375
256,21,-4.92608333333,25.71225,1.60333333333
257,6,-5.57277777778,25.1383333333,-5.03555555556
258,4,-0.777875,25.64125,-6.0225
259,12,0.568625,21.646875,-3.09375
260,2,-5.33809090909,20.4001818182,-4.99272727273
261,4,-0.515625,18.677625,-9.10625
262,8,2.42,17.28075,-6.7875
263,9,3.99,18.3014,-10.328
264,3,4.944125,22.335,-6.5425
265,12,5.111125,18.460375,-2.885
266,11,7.922125,16.330375,-6.37125
267,18,10.0441666667,20.249,-6.65166666667
268,12,10.0155,21.267625,-1.86375
269,12,10.996375,17.0535,-1.55125
270,6,13.7685555556,17.4788888889,-6.17
271,22,15.4184285714,21.7321428571,-3.48428571429
272,12,14.900125,20.37875,0.70625
273,18,17.3631666667,16.4303333333,-0.913333333333
274,8,19.00425,16.35725,-3.9775
275,4,17.388375,13.3555,-3.9175
276,18,16.0331666667,12.6388333333,-8.21833333333
277,12,11.90375,12.28475,-7.06375
278,16,9.79914285714,10.091,-9.70285714286
279,2,7.92963636364,14.6536363636,-11.6818181818
280,6,3.31211111111,9.81488888889,-13.6333333333
281,13,4.44622222222,13.1687777778,-17.01
282,8,-0.4785,14.56325,-16.4975
283,2,-2.81345454545,17.7240909091,-17.3145454545
284,14,-5.92675,12.11175,-15.405
285,2,-8.119,12.6814545455,-8.80181818182
286,15,-3.59472727273,8.11636363636,-12.3045454545
287,9,-1.6549,11.548,-13.632
288,13,-3.58122222222,15.2142222222,-9.68555555556
289,12,-3.804625,10.550625,-6.705
290,7,0.218222222222,8.16255555556,-8.39666666667
291,3,2.61525,12.857,-8.5875
292,22,0.862428571429,13.018,-3.85571428571
293,7,1.616,8.11244444444,-3.03666666667
294,11,5.8945,10.055125,-5.60375
295,1,6.0126,12.4214,-1.922
296,12,3.647125,10.971375,0.80375
297,4,5.97775,6.927,-0.6625
298,21,11.5675833333,10.9345833333,-0.530833333333
299,12,8.72075,11.85075,3.155
300,2,5.57645454545,7.43245454545,4.63818181818
301,9,10.5364,5.0064,1.808
302,2,14.1634545455,8.71072727273,2.71636363636
303,7,12.6242222222,7.12844444444,8.53222222222
304,22,9.33571428571,11.3124285714,7.51285714286
305,13,6.23722222222,8.88144444444,11.4011111111
306,12,3.58175,10.799375,7.27625
307,22,0.234285714286,9.93228571429,10.5428571429
308,3,-3.71075,10.354625,10.01875
309,11,-1.750125,11.85675,5.14875
310,2,-6.16554545455,8.78663636364,2.03272727273
311,3,-3.009875,10.245125,-1.87125
312,4,-7.509,11.933625,-1.09625
313,4,-6.574,14.323125,1.9725
314,11,-2.9375,16.52225,-0.3925
315,1,-5.7098,16.3536,-3.968
316,4,-9.032625,17.15175,-2.45875
317,8,-7.121,20.709,-0.1325
318,3,-7.352,19.079,3.75
319,16,-6.99171428571,22.6705714286,4.84
320,13,-6.03933333333,20.041,9.62222222222
321,12,-4.008625,17.316125,6.39125
322,19,-1.88571428571,20.9658571429,3.58
323,12,-0.953375,23.66425,7.23125
324,8,0.83025,19.66025,8.3975
325,12,2.636875,17.876625,4.91
326,11,4.272875,22.000375,4.92375
327,20,5.43128571429,22.3652142857,11.5714285714
328,19,6.17142857143,17.6404285714,9.02857142857
329,11,8.372875,19.261625,5.42875
330,11,9.4425,23.1285,8.19375
331,12,10.11425,20.075875,12.08875
332,9,12.8314,15.8748,9.006
333,15,13.8922727273,18.5631818182,5.57
334,7,14.7474444444,24.4551111111,9.00777777778
335,11,13.272125,23.2905,13.1125
336,18,15.6945,19.3058333333,13.5066666667
337,4,19.656875,20.684,12.07
338,11,19.049875,23.004,16.79375
339,7,22.556,20.8822222222,18.2222222222
340,22,23.0708571429,24.2522857143,21.6028571429
341,18,26.2158333333,24.6698333333,23.9733333333
342,8,24.46225,23.009,27.15
343,7,22.2484444444,20.0661111111,24.5633333333
344,18,20.0585,18.3945,27.925
345,6,19.9708888889,14.8707777778,27.1366666667
346,4,14.52575,15.94575,28.13875
347,14,16.260875,19.354125,24.955
348,19,12.7467142857,19.6241428571,22.1885714286
349,1,13.863,21.5594,18.982
350,13,10.1227777778,24.4136666667,21.0033333333
351,6,13.3685555556,22.6853333333,24.64
352,13,17.6156666667,22.3593333333,21.1744444444
353,12,15.55125,27.532625,19.05
354,12,14.161125,29.01,23.8725
355,12,19.049625,27.555625,25.065
356,20,20.4777142857,30.5568571429,19.2478571429
357,18,17.6523333333,32.608,21.9283333333
358,7,17.7514444444,32.0574444444,26.4133333333
359,2,23.3328181818,30.4692727273,25.5690909091
360,14,22.627375,34.88975,21.2725
361,22,19.7922857143,37.8408571429,24.33
362,6,23.22,36.6462222222,28.05
363,8,23.4905,41.21625,27.7425
364,21,21.7805,42.6310833333,24.4633333333
365,7,19.3464444444,47.3093333333,28.3033333333
366,8,15.6855,44.19,29.0275
367,12,16.195375,41.929375,26.45375
368,2,12.684,37.1642727273,29.9936363636
369,5,13.4471666667,34.5595,25.9366666667
370,4,10.460125,33.237,28.34
371,3,7.902375,32.966125,24.6175
372,15,9.33209090909,30.7299090909,20.3872727273
373,19,4.73642857143,34.1348571429,21.6785714286
374,18,4.674,37.3705555556,24.0933333333
375,18,8.85416666667,37.4458333333,23.7966666667
376,20,10.6442142857,36.6295714286,19.7728571429
377,2,3.92027272727,42.7192727273,20.63
378,4,8.907125,44.105875,21.04375
379,8,11.66975,43.4645,18.095
380,2,12.9468181818,45.8715454545,21.6918181818
381,12,14.470875,39.561125,20.9875
382,15,13.5395454545,39.2907272727,15.93
383,3,17.0605,43.868875,16.4575
384,1,19.7126,41.412,19.402
385,11,19.737125,37.701125,17.8
386,11,20.943125,40.51525,14.0825
387,9,24.2164,43.7148,17.928
388,2,26.4481818182,37.6676363636,19.4327272727
389,9,26.2319,37.3359,13.785
390,13,27.7946666667,41.649,11.7888888889
391,16,27.6738571429,44.4168571429,15.7671428571
392,12,28.40275,47.117625,11.6325
393,12,24.337875,44.846375,10.64875
394,11,21.929875,46.537375,14.3775
395,4,21.801125,51.44675,15.895
396,14,20.785875,48.185625,19.825
397,3,21.515625,52.854875,21.055
398,13,17.8725555556,53.3422222222,16.2266666667
399,22,16.1732857143,49.6597142857,19.0571428571
400,21,16.5686666667,50.0696666667,23.4608333333
401,2,15.9719090909,56.0279090909,19.75
402,7,12.8436666667,52.7418888889,17.1066666667
403,19,8.27671428571,51.9451428571,17.4157142857
404,3,6.97675,47.705125,18.36375
405,12,5.893,48.294875,13.6425
406,6,9.93166666667,51.6986666667,13.4788888889
407,3,12.245,47.819875,15.94
408,12,9.510375,44.242125,13.795
409,4,10.532625,46.742375,9.01
410,7,14.5932222222,48.3663333333,11.0766666667
411,1,15.0846,43.3222,11.406
412,15,11.7668181818,41.2649090909,9.86454545455
413,18,15.094,44.2745,6.26
414,22,18.9002857143,43.782,8.13857142857
415,1,18.075,39.8514,7.588
416,6,16.1847777778,40.1778888889,3.06111111111
417,2,18.2160909091,44.4144545455,2.43090909091
418,4,22.71925,41.97225,5.22
419,12,22.121125,37.61625,7.14625
420,8,19.53,35.8845,3.59
421,22,16.9744285714,35.6982857143,6.14714285714
422,19,13.4734285714,34.9565714286,3.56
423,2,10.6298181818,40.1356363636,5.01727272727
424,12,8.994375,34.181625,6.65375
425,12,7.332125,37.09575,9.7675
426,4,4.4165,40.396375,7.7975
427,16,5.32657142857,43.5715714286,10.6114285714
428,6,0.166333333333,44.0176666667,10.68
429,4,1.344875,39.24,11.70625
430,22,4.60171428571,40.1697142857,15.3057142857
431,4,2.4745,44.402375,16.92375
432,22,-0.0987142857143,40.9458571429,18.0742857143
433,16,-1.68357142857,40.4625714286,21.5228571429
434,7,-1.69411111111,36.097,21.62
435,16,2.21257142857,35.934,18.5314285714
436,4,1.737125,31.98375,15.09625
437,6,4.29133333333,28.8978888889,18.6033333333
438,13,3.89566666667,26.5707777778,14.3322222222
439,18,5.479,31.536,12.51
440,11,7.983625,33.116875,15.65125
441,11,9.515625,28.48875,15.67875
442,19,9.93442857143,29.0691428571,11.1142857143
443,21,12.4165833333,34.7139166667,10.9266666667
444,22,14.1178571429,32.0722857143,14.98
445,18,15.2568333333,28.5118333333,12.6783333333
446,18,15.9916666667,30.9085,9.68333333333
447,12,17.8355,33.860375,12.20375
448,21,20.89375,28.0689166667,14.1041666667
449,4,20.214625,28.32575,9.4725
450,1,22.57,32.445,8.872
451,14,23.75875,32.88,12.4075
263,16,27.4208571429,30.0995714286,10.76
