1,14,-12.7508421053,13.2250526316,1.30421052632
2,8,-8.82483333333,9.17183333333,0.160833333333
3,4,-11.8070714286,6.16978571429,0.527142857143
4,18,-6.96385,2.77025,-1.283
5,16,-4.85784210526,8.07826315789,2.25315789474
6,17,-8.5203125,5.6044375,5.775625
7,16,-7.403,0.484736842105,2.99578947368
8,16,-2.85094736842,2.81684210526,2.49315789474
9,11,-3.56817647059,4.84935294118,9.04882352941
10,2,-5.64981818182,0.549545454545,8.83363636364
11,17,-3.374125,-1.823125,5.839375
12,2,0.2,0.572545454545,8.22090909091
13,2,-1.03763636364,-1.14018181818,11.8809090909
14,2,-1.50272727273,-5.17172727273,9.88727272727
15,16,2.30231578947,-4.00236842105,6.87684210526
16,2,4.88227272727,-4.84172727273,11.4045454545
17,2,9.35754545455,-3.90663636364,10.9645454545
18,2,8.21418181818,-7.94481818182,9.14545454545
19,9,5.2528,-7.16286666667,6.076
20,16,8.032,-1.44221052632,6.29105263158
21,3,11.9832857143,-5.30085714286,5.84571428571
22,9,9.76793333333,-7.9196,3.022
23,16,6.56284210526,-4.25847368421,0.401052631579
24,13,13.1750909091,-1.19377272727,3.05318181818
25,19,15.743047619,-5.59028571429,0.562380952381
26,16,10.8066842105,-6.18294736842,-3.74315789474
27,1,11.1127272727,-0.63,-2.89818181818
28,16,16.3059473684,-0.869052631579,-2.34631578947
29,6,15.0767142857,0.516285714286,-7.40857142857
30,12,10.5132083333,-2.603375,-9.16875
31,17,9.5850625,3.0015,-5.61125
32,6,13.6082857143,4.09871428571,-5.25
33,13,18.764,3.69986363636,-2.46681818182
34,12,16.3002083333,10.7232916667,-3.24958333333
35,13,10.716,7.98459090909,-3.12681818182
36,16,12.9267894737,2.97763157895,0.666315789474
37,9,16.2754,7.82026666667,2.99533333333
38,12,10.8962916667,11.65275,3.74708333333
39,17,9.870125,4.910625,4.551875
40,10,10.0572352941,6.20552941176,9.68882352941
41,2,5.88,3.20872727273,9.48272727273
42,6,4.55257142857,2.77128571429,5.96142857143
43,16,0.543631578947,5.91826315789,5.81684210526
44,8,5.55025,7.39066666667,4.78
45,16,6.43352631579,3.51715789474,0.434210526316
46,18,2.00745,2.908,1.7485
47,2,1.99390909091,9.06827272727,0.988181818182
48,14,6.19994117647,8.80241176471,-1.05529411765
49,16,4.02652631579,4.78589473684,-4.35368421053
50,16,-1.83868421053,7.79252631579,-3.34789473684
51,9,1.73093333333,12.1524666667,-4.12933333333
52,10,3.49341176471,11.7552352941,-7.96588235294
53,7,4.22528571429,6.40007142857,-9.01857142857
54,8,1.08458333333,3.10458333333,-9.545
55,16,-0.903052631579,3.84226315789,-4.94947368421
56,9,-5.35146666667,6.21253333333,-7.64733333333
57,4,-8.77671428571,6.18928571429,-5.52642857143
58,6,-8.72357142857,2.60214285714,-8.03857142857
59,11,-5.18517647059,1.94670588235,-10.6035294118
60,3,-3.58878571429,-0.0774285714286,-5.95928571429
61,9,-1.72306666667,-3.39606666667,-10.3373333333
62,16,3.40815789474,-0.583105263158,-8.38947368421
63,16,1.36036842105,-1.18447368421,-2.72947368421
64,12,-2.614,-6.39145833333,-6.22833333333
65,9,2.86206666667,-6.40106666667,-7.90866666667
66,16,5.56094736842,-4.72605263158,-4.22578947368
67,16,1.69194736842,-6.83084210526,-0.854210526316
68,5,2.0556,-10.6979,-4.732
69,2,6.39490909091,-11.0182727273,-4.24
70,16,6.29194736842,-10.6252631579,0.437368421053
71,12,3.795375,-17.2558333333,-1.57333333333
72,12,1.01158333333,-11.4514166667,4.11083333333
73,11,-3.73494117647,-14.3600588235,1.40529411765
74,8,-4.65433333333,-10.7675833333,5.245
75,16,-1.86042105263,-6.81010526316,3.97842105263
76,16,-2.45705263158,-9.06147368421,-1.57526315789
77,12,-9.27645833333,-11.2233333333,1.01041666667
78,12,-8.0815,-5.30729166667,5.16
79,17,-4.6434375,-3.268375,-0.605625
80,8,-7.42575,-6.03366666667,-3.80583333333
81,8,-11.1018333333,-4.815,-1.14833333333
82,18,-10.8675,0.2409,-0.068
83,9,-8.08253333333,-1.88826666667,-6.29
